"Type";"Name";"Count";"TotalTime";"OwnTime";"TotalWaitTime";"OwnWaitTime"
"ONREQUEST";"/Sites-Mailchimp-Site/-/null-null";"2";"8972234";"8972234";"0";"0"
"ONREQUEST";"/Sites-Mailchimp-Site/default/__Analytics-Start";"3";"6718148";"6718148";"1213931";"1213931"
"ONREQUEST";"/Sites-Mailchimp-Site/default/__SYSTEM__StorefrontToolkit-Init";"2";"3025164";"3025164";"969";"969"
"ONREQUEST";"/Sites-Mailchimp-Site/default/__SYSTEM__StorefrontToolkit-Start";"1";"2127159";"2127159";"48";"48"
"SCRIPT_API";"dw.system.Request#getHttpHost()";"12";"28594";"28594";"241";"241"
"SCRIPT_API";"dw.util.List#size()";"12";"29475";"29475";"427";"427"
"SCRIPT_API";"dw.web.CSRFProtection#generateToken()";"12";"299804";"299804";"65";"65"
"SCRIPT_API";"dw.web.CSRFProtection#getTokenName()";"12";"45644";"45644";"1608";"1608"
"SCRIPT_API";"dw.web.URL#appendCSRFTokenBM()";"1";"47871";"47871";"0";"0"
"SCRIPT_API";"dw.web.URLUtils#url(String,String[])";"1";"21630";"21630";"5";"5"
"SF_PAGE";"/Sites-Mailchimp-Site/-/null-null";"2";"19487253";"19487253";"7022967";"7022967"
"SF_PAGE";"/Sites-Mailchimp-Site/default/__SYSTEM__StorefrontToolkit-Init";"2";"4323540";"4323540";"454039";"454039"
"SF_PAGE";"/Sites-Mailchimp-Site/default/__SYSTEM__StorefrontToolkit-Start";"1";"924201";"924201";"461";"461"
