"Type";"Name";"Count";"TotalTime";"OwnTime";"TotalWaitTime";"OwnWaitTime"
"ONREQUEST";"/Sites-Mailchimp-Site/-/null-null";"3";"524629333";"524629333";"332807467";"332807467"
"ONREQUEST";"/Sites-Mailchimp-Site/default/__Analytics-Start";"6";"9446322";"9446322";"1722";"1722"
"ONREQUEST";"/Sites-Mailchimp-Site/default/__SYSTEM__StorefrontToolkit-Start";"3";"4632715";"4632715";"409";"409"
"ONREQUEST";"/Sites-RefArch-Site/-/null-null";"1";"100682154";"100682154";"85642440";"85642440"
"ONREQUEST";"/Sites-RefArch-Site/en_US/__Analytics-Start";"2";"3237507";"3237507";"110";"110"
"ONREQUEST";"/Sites-RefArch-Site/en_US/__SYSTEM__StorefrontToolkit-Start";"1";"1478572";"1478572";"401";"401"
"PIPELINE_NODE";"bc_api:Assign";"8";"1461593";"1461593";"0";"0"
"SCRIPT_API";"dw.system.Request#getHttpHost()";"14";"32333";"32333";"278";"278"
"SCRIPT_API";"dw.util.List#size()";"14";"31860";"31860";"604";"604"
"SCRIPT_API";"dw.util.Map#containsKey(Object)";"12";"50529";"50529";"306";"306"
"SCRIPT_API";"dw.util.Map#get(Object)";"10";"45608";"45608";"59";"59"
"SCRIPT_API";"dw.util.Map#isEmpty()";"2";"10841";"10841";"57";"57"
"SCRIPT_API";"dw.util.Map#size()";"4";"8990";"8990";"102";"102"
"SCRIPT_API";"dw.web.CSRFProtection#generateToken()";"14";"375019";"375019";"115";"115"
"SCRIPT_API";"dw.web.CSRFProtection#getTokenName()";"14";"41501";"41501";"1951";"1951"
"SCRIPT_API";"dw.web.URL#appendCSRFTokenBM()";"4";"55883";"55883";"11";"11"
"SCRIPT_API";"dw.web.URL#toString()";"3";"55727";"55727";"0";"0"
"SCRIPT_API";"dw.web.URLAction(String,String)";"3";"47191";"47191";"0";"0"
"SCRIPT_API";"dw.web.URLUtils#https(dw.web.URLAction,dw.web.URLParameter[])";"3";"45584";"45584";"0";"0"
"SCRIPT_API";"dw.web.URLUtils#url(String,String[])";"1";"12343";"12343";"130";"130"
"SF_PAGE";"/Sites-Mailchimp-Site/-/null-null";"3";"199508157";"199508157";"101552722";"101552722"
"SF_PAGE";"/Sites-Mailchimp-Site/default/__SYSTEM__StorefrontToolkit-Start";"3";"3756041";"3756041";"736775";"736775"
"SF_PAGE";"/Sites-RefArch-Site/-/null-null";"1";"17308819";"17308819";"10324131";"10324131"
"SF_PAGE";"/Sites-RefArch-Site/en_US/__SYSTEM__StorefrontToolkit-Start";"1";"1027776";"1027776";"248146";"248146"
