"Type";"Name";"Count";"TotalTime";"OwnTime";"TotalWaitTime";"OwnWaitTime"
"ISML";"app_storefront_base/default//common/consent";"2";"843127";"699524";"1040";"156"
"ISML";"app_storefront_base/default//common/htmlHead";"2";"103618458";"31818104";"51178948";"26246365"
"ISML";"app_storefront_base/default//common/scripts";"4";"499173";"368828";"105";"36"
"ISML";"app_storefront_base/default//components/content/contentAsset";"14";"655722";"596970";"638";"713"
"ISML";"app_storefront_base/default//components/content/offlineContent";"2";"83948";"83948";"1460";"1460"
"ISML";"app_storefront_base/default//components/footer/pageFooter";"2";"2325081";"1836765";"1092516";"1091484"
"ISML";"app_storefront_base/default//components/header/countrySelector";"2";"363189";"363189";"1649";"1649"
"ISML";"app_storefront_base/default//components/header/menu";"2";"2582303";"2236593";"748820";"746548"
"ISML";"app_storefront_base/default//components/header/miniCart";"2";"973536";"783528";"965";"379"
"ISML";"app_storefront_base/default//components/header/mobileCountrySelector";"2";"270597";"270597";"843";"843"
"ISML";"app_storefront_base/default//components/header/pageHeader";"2";"20095987";"7059995";"15379776";"5206745"
"ISML";"app_storefront_base/default//components/header/skipNav";"2";"231194";"147300";"788";"455"
"ISML";"app_storefront_base/default//components/modules";"4";"89905";"89905";"1521";"1521"
"ISML";"app_storefront_base/default//components/schema";"2";"133250";"133250";"1740";"1740"
"ISML";"app_storefront_base/default//product/components/pricing/default";"10";"2076687";"1899277";"818519";"817324"
"ISML";"app_storefront_base/default//product/components/pricing/formatted";"10";"177410";"177410";"1195";"1195"
"ISML";"app_storefront_base/default/account/header";"2";"4175472";"813826";"1133250";"1728"
"ISML";"app_storefront_base/default/account/mobileHeader";"2";"507381";"419022";"815";"477"
"ISML";"app_storefront_base/default/common/layout/page";"2";"139102244";"12229125";"75372843";"7718962"
"ISML";"app_storefront_base/default/components/content/contentAssetInc";"14";"40956080";"40956080";"33647217";"33647217"
"ISML";"app_storefront_base/default/components/header/menuItem";"2";"194173";"194173";"514";"514"
"ISML";"app_storefront_base/default/components/header/search";"4";"6832615";"6677052";"5964604";"5963269"
"ISML";"app_storefront_base/default/home/homePage";"2";"227865365";"84829049";"77785808";"1775845"
"ISML";"app_storefront_base/default/product/components/pricing/main";"10";"3881120";"1804433";"1759263";"940744"
"ISML";"app_storefront_base/default/product/components/productRating";"10";"597487";"597487";"0";"0"
"ISML";"app_storefront_base/default/product/components/productTileImage";"10";"1473061";"1073925";"1766";"1665"
"ISML";"app_storefront_base/default/product/components/productTileName";"10";"323806";"323806";"1272";"1272"
"ISML";"app_storefront_base/default/product/components/productTileSwatch";"10";"1299168";"1265758";"766";"0"
"ISML";"app_storefront_base/default/product/components/ratings";"10";"2236809";"1639322";"785902";"785903"
"ISML";"app_storefront_base/default/product/gridTile";"10";"22648393";"3533822";"8378586";"909246"
"ISML";"app_storefront_base/default/product/productTile";"10";"19114571";"7988540";"7469340";"4213201"
"ISML";"app_storefront_base/default/product/productTileFooter";"10";"4148876";"1598402";"1493072";"707098"
"ISML";"app_storefront_base/default/slots/content/contentAssetBody";"8";"126271165";"126146877";"66205787";"66205633"
"ISML";"app_storefront_base/default/slots/content/htmlSlotContainer";"2";"2116401";"1145974";"678605";"677606"
"ISML";"app_storefront_base/default/slots/htmlSlotContainer";"2";"970427";"926597";"999";"878"
"ISML";"app_storefront_base/default/slots/product/homePageProductSlot";"2";"2814559";"2522880";"823703";"821703"
"ONREQUEST";"/Sites-Mailchimp-Site/-/null-null";"1";"6731769";"6731769";"472";"472"
"ONREQUEST";"/Sites-Mailchimp-Site/default/__Analytics-Start";"2";"4185141";"4185141";"1374140";"1374140"
"ONREQUEST";"/Sites-Mailchimp-Site/default/__SYSTEM__StorefrontToolkit-Start";"1";"2082408";"2082408";"152";"152"
"ONREQUEST";"/Sites-RefArch-Site/-/null-null";"2";"7750826";"7750826";"1560779";"1560779"
"ONREQUEST";"/Sites-RefArch-Site/default/__SYSTEM__StorefrontToolkit-Init";"1";"4429869";"4429869";"1439997";"1439997"
"ONREQUEST";"/Sites-RefArch-Site/en_US/ConsentTracking-GetContent";"2";"1444167";"1444167";"25255";"25255"
"ONREQUEST";"/Sites-RefArch-Site/en_US/ConsentTracking-SetSession";"2";"1744566";"1744566";"1167";"1167"
"ONREQUEST";"/Sites-RefArch-Site/en_US/__Analytics-Start";"2";"2982357";"2982357";"1587";"1587"
"PIPELINE_NODE";"bc_api:Assign";"2";"525966";"525966";"0";"0"
"SCRIPT_API";"dw.campaign.Promotion#getID()";"4";"10330";"10330";"27";"27"
"SCRIPT_API";"dw.campaign.PromotionMgr#getActiveCustomerPromotions()";"1";"401974";"401974";"0";"0"
"SCRIPT_API";"dw.campaign.PromotionPlan#getProductPromotions()";"1";"327416";"327416";"0";"0"
"SCRIPT_API";"dw.campaign.SlotContent#getContent()";"12";"65113";"65113";"0";"0"
"SCRIPT_API";"dw.catalog.Catalog#getRoot()";"2";"5491924";"5491924";"5193469";"5193469"
"SCRIPT_API";"dw.catalog.CatalogMgr#getSiteCatalog()";"2";"62474";"62474";"1947";"1947"
"SCRIPT_API";"dw.catalog.Category#getDisplayName()";"4";"103201";"103201";"0";"0"
"SCRIPT_API";"dw.catalog.Category#getID()";"8";"11718";"11718";"376";"376"
"SCRIPT_API";"dw.catalog.Category#getOnlineSubCategories()";"6";"49816747";"49816747";"9622179";"9622179"
"SCRIPT_API";"dw.catalog.Category#hasOnlineProducts()";"16";"53951467";"53951467";"40876724";"40876724"
"SCRIPT_API";"dw.catalog.Category#hasOnlineSubCategories()";"14";"6739153";"6739153";"6095614";"6095614"
"SCRIPT_API";"dw.catalog.PriceBook#getID()";"20";"18256";"18256";"329";"329"
"SCRIPT_API";"dw.catalog.PriceBook#getParentPriceBook()";"14";"23041";"23041";"495";"495"
"SCRIPT_API";"dw.catalog.PriceBookMgr#getApplicablePriceBooks()";"2";"25837";"25837";"7";"7"
"SCRIPT_API";"dw.catalog.PriceBookMgr#setApplicablePriceBooks(dw.catalog.PriceBook[])";"4";"41451";"41451";"0";"0"
"SCRIPT_API";"dw.catalog.Product#getBrand()";"2";"6958";"6958";"117";"117"
"SCRIPT_API";"dw.catalog.Product#getID()";"40";"54042";"54042";"2124";"2124"
"SCRIPT_API";"dw.catalog.Product#getImages(String)";"10";"37557918";"37557918";"30190567";"30190567"
"SCRIPT_API";"dw.catalog.Product#getName()";"2";"5322132";"5322132";"4858228";"4858228"
"SCRIPT_API";"dw.catalog.Product#getPriceModel()";"10";"50076152";"50076152";"9391001";"9391001"
"SCRIPT_API";"dw.catalog.Product#isMaster()";"10";"19545";"19545";"508";"508"
"SCRIPT_API";"dw.catalog.Product#isVariant()";"8";"15002";"15002";"143";"143"
"SCRIPT_API";"dw.catalog.ProductMgr#getProduct(String)";"10";"199890";"199890";"284";"284"
"SCRIPT_API";"dw.catalog.ProductPriceInfo#getPriceBook()";"20";"25766";"25766";"449";"449"
"SCRIPT_API";"dw.catalog.ProductPriceModel#getPriceInfo()";"30";"51121860";"51121860";"10047451";"10047451"
"SCRIPT_API";"dw.catalog.ProductSearchHit#getDiscountedPromotionIDs()";"10";"757533";"757533";"0";"0"
"SCRIPT_API";"dw.catalog.ProductSearchHit#getFirstRepresentedProduct()";"10";"2293773";"2293773";"1982772";"1982772"
"SCRIPT_API";"dw.catalog.ProductSearchHit#getFirstRepresentedProductID()";"8";"22488";"22488";"109";"109"
"SCRIPT_API";"dw.catalog.ProductSearchHit#getMaxPrice()";"22";"61545";"61545";"0";"0"
"SCRIPT_API";"dw.catalog.ProductSearchHit#getMinPrice()";"22";"178905";"178905";"494";"494"
"SCRIPT_API";"dw.catalog.ProductSearchHit#getProduct()";"2";"2191643";"2191643";"1994477";"1994477"
"SCRIPT_API";"dw.catalog.ProductSearchHit#getProductID()";"36";"28182";"28182";"1122";"1122"
"SCRIPT_API";"dw.catalog.ProductSearchHit#getRepresentedVariationValues(Object)";"10";"11760775";"11760775";"10058606";"10058606"
"SCRIPT_API";"dw.catalog.ProductSearchModel#getProductSearchHit(dw.catalog.Product)";"12";"578602478";"578602478";"9765406";"9765406"
"SCRIPT_API";"dw.catalog.ProductSearchModel#getProductSearchHits()";"8";"98032";"98032";"122";"122"
"SCRIPT_API";"dw.catalog.ProductSearchModel#search()";"12";"836178630";"836178630";"25387947";"25387947"
"SCRIPT_API";"dw.catalog.ProductSearchModel()";"12";"1582296";"1582296";"0";"0"
"SCRIPT_API";"dw.catalog.ProductVariationAttributeValue#getDescription()";"18";"63215";"63215";"0";"0"
"SCRIPT_API";"dw.catalog.ProductVariationAttributeValue#getDisplayValue()";"18";"119595";"119595";"0";"0"
"SCRIPT_API";"dw.catalog.ProductVariationAttributeValue#getID()";"18";"28552";"28552";"848";"848"
"SCRIPT_API";"dw.catalog.ProductVariationAttributeValue#getImage(String,Number)";"18";"12742936";"12742936";"9690877";"9690877"
"SCRIPT_API";"dw.catalog.ProductVariationAttributeValue#getValue()";"36";"269704";"269704";"0";"0"
"SCRIPT_API";"dw.catalog.SearchModel#getCount()";"12";"224846";"224846";"16";"16"
"SCRIPT_API";"dw.catalog.SearchModel#setSearchPhrase(String)";"12";"37848";"37848";"292";"292"
"SCRIPT_API";"dw.catalog.Variant#getBrand()";"8";"88734";"88734";"88";"88"
"SCRIPT_API";"dw.catalog.Variant#getName()";"8";"31232490";"31232490";"27817071";"27817071"
"SCRIPT_API";"dw.content.Content#getID()";"14";"32615";"32615";"248";"248"
"SCRIPT_API";"dw.content.Content#getName()";"14";"3602381";"3602381";"3002749";"3002749"
"SCRIPT_API";"dw.content.Content#getPageDescription()";"14";"3316989";"3316989";"2936707";"2936707"
"SCRIPT_API";"dw.content.Content#getPageKeywords()";"14";"3288585";"3288585";"2926234";"2926234"
"SCRIPT_API";"dw.content.Content#getPageMetaTags()";"14";"10055682";"10055682";"9096986";"9096986"
"SCRIPT_API";"dw.content.Content#getPageTitle()";"14";"3408896";"3408896";"3002752";"3002752"
"SCRIPT_API";"dw.content.Content#getTemplate()";"14";"20333";"20333";"242";"242"
"SCRIPT_API";"dw.content.Content#isOnline()";"18";"17386887";"17386887";"15454300";"15454300"
"SCRIPT_API";"dw.content.ContentMgr#getContent(String)";"20";"20390045";"20390045";"17478032";"17478032"
"SCRIPT_API";"dw.content.MarkupText#getMarkup()";"2";"31842";"31842";"102";"102"
"SCRIPT_API";"dw.content.MediaFile#getAbsURL()";"10";"288309";"288309";"0";"0"
"SCRIPT_API";"dw.content.MediaFile#getAlt()";"28";"30760";"30760";"715";"715"
"SCRIPT_API";"dw.content.MediaFile#getTitle()";"28";"29941";"29941";"601";"601"
"SCRIPT_API";"dw.content.MediaFile#getURL()";"28";"42570426";"42570426";"33832546";"33832546"
"SCRIPT_API";"dw.customer.Customer#getProfile()";"4";"17371";"17371";"54";"54"
"SCRIPT_API";"dw.experience.PageMgr#getPage(String)";"2";"4912412";"4912412";"4644963";"4644963"
"SCRIPT_API";"dw.io.PrintWriter#print(String)";"2";"83663";"83663";"18649";"18649"
"SCRIPT_API";"dw.object.ExtensibleObject#getCustom()";"86";"1704837";"1704837";"1160140";"1160140"
"SCRIPT_API";"dw.object.PersistentObject#getUUID()";"24";"113411";"113411";"3994";"3994"
"SCRIPT_API";"dw.order.BasketMgr#getCurrentBasket()";"2";"129711";"129711";"0";"0"
"SCRIPT_API";"dw.system.HookMgr#callHook(String,String,Object[])";"6";"573885";"573885";"379385";"379385"
"SCRIPT_API";"dw.system.HookMgr#hasHook(String)";"208";"2507455";"2507455";"845655";"845655"
"SCRIPT_API";"dw.system.Logger#warn(String,Object[])";"2";"46176236";"46176236";"6510351";"6510351"
"SCRIPT_API";"dw.system.Request#getHttpHeaders()";"208";"3894069";"3894069";"0";"0"
"SCRIPT_API";"dw.system.Request#getHttpHost()";"215";"272968";"272968";"3583";"3583"
"SCRIPT_API";"dw.system.Request#getHttpMethod()";"208";"182952";"182952";"4152";"4152"
"SCRIPT_API";"dw.system.Request#getHttpPath()";"208";"371484";"371484";"1547";"1547"
"SCRIPT_API";"dw.system.Request#getHttpQueryString()";"356";"515876";"515876";"44255";"44255"
"SCRIPT_API";"dw.system.Request#getLocale()";"230";"296059";"296059";"22259";"22259"
"SCRIPT_API";"dw.system.Request#getPageMetaData()";"10";"25083";"25083";"2643";"2643"
"SCRIPT_API";"dw.system.Request#isHttpSecure()";"208";"221523";"221523";"5422";"5422"
"SCRIPT_API";"dw.system.Request#isIncludeRequest()";"416";"347768";"347768";"11061";"11061"
"SCRIPT_API";"dw.system.Response#getWriter()";"2";"1541012";"1541012";"0";"0"
"SCRIPT_API";"dw.system.Response#setContentType(String)";"2";"15401";"15401";"1667";"1667"
"SCRIPT_API";"dw.system.Response#setExpires(Date)";"28";"154543";"154543";"6280";"6280"
"SCRIPT_API";"dw.system.Response#setHttpHeader(String,String)";"416";"7058981";"7058981";"279947";"279947"
"SCRIPT_API";"dw.system.Response#setVaryBy(String)";"10";"27993";"27993";"402";"402"
"SCRIPT_API";"dw.system.Session#getCurrency()";"316";"1442226";"1442226";"421";"421"
"SCRIPT_API";"dw.system.Session#getPrivacy()";"38";"62154";"62154";"2589";"2589"
"SCRIPT_API";"dw.system.Session#setTrackingAllowed(Boolean)";"2";"194931";"194931";"0";"0"
"SCRIPT_API";"dw.system.Site#getAllowedLocales()";"4";"42141";"42141";"13";"13"
"SCRIPT_API";"dw.system.Site#getCurrent()";"8";"2807925";"2807925";"2315336";"2315336"
"SCRIPT_API";"dw.system.Site#getID()";"4";"9006";"9006";"71";"71"
"SCRIPT_API";"dw.system.Site#getPageMetaTags()";"2";"52079410";"52079410";"11688871";"11688871"
"SCRIPT_API";"dw.system.Site#getPreferences()";"2";"4937894";"4937894";"4725998";"4725998"
"SCRIPT_API";"dw.system.System#getInstanceType()";"2";"11182";"11182";"260";"260"
"SCRIPT_API";"dw.template.ISML#renderTemplate(String,Object)";"42";"362424503";"61155112";"134812835";"13112382"
"SCRIPT_API";"dw.util.ArrayList()";"10";"52098";"52098";"164";"164"
"SCRIPT_API";"dw.util.Collection#getLength()";"12";"31924";"31924";"200";"200"
"SCRIPT_API";"dw.util.Collection#iterator()";"27";"72555";"72555";"2224";"2224"
"SCRIPT_API";"dw.util.Currency#getCurrencyCode()";"246";"155615";"155615";"7329";"7329"
"SCRIPT_API";"dw.util.Currency#getDefaultFractionDigits()";"230";"160924";"160924";"5484";"5484"
"SCRIPT_API";"dw.util.Currency#getName()";"230";"143592";"143592";"3598";"3598"
"SCRIPT_API";"dw.util.Currency#getSymbol()";"230";"156888";"156888";"14654";"14654"
"SCRIPT_API";"dw.util.Decimal#get()";"10";"17307";"17307";"220";"220"
"SCRIPT_API";"dw.util.Decimal#toString()";"10";"22899";"22899";"0";"0"
"SCRIPT_API";"dw.util.HashMap()";"2";"9978";"9978";"73";"73"
"SCRIPT_API";"dw.util.Iterator#hasNext()";"67";"86523";"86523";"3102";"3102"
"SCRIPT_API";"dw.util.Iterator#next()";"58";"206776";"206776";"1298";"1298"
"SCRIPT_API";"dw.util.List#indexOf(Object)";"64";"61947";"61947";"2283";"2283"
"SCRIPT_API";"dw.util.List#size()";"7";"15932";"15932";"289";"289"
"SCRIPT_API";"dw.util.Locale#getCountry()";"4";"7535";"7535";"96";"96"
"SCRIPT_API";"dw.util.Locale#getDisplayCountry()";"4";"35695";"35695";"56";"56"
"SCRIPT_API";"dw.util.Locale#getDisplayLanguage()";"4";"6256";"6256";"64";"64"
"SCRIPT_API";"dw.util.Locale#getDisplayName()";"4";"67231";"67231";"0";"0"
"SCRIPT_API";"dw.util.Locale#getID()";"128";"110399";"110399";"4204";"4204"
"SCRIPT_API";"dw.util.Locale#getLanguage()";"6";"11411";"11411";"81";"81"
"SCRIPT_API";"dw.util.Locale#getLocale(String)";"22";"129047";"129047";"64";"64"
"SCRIPT_API";"dw.util.Map#containsKey(Object)";"3";"14670";"14670";"442";"442"
"SCRIPT_API";"dw.util.Map#get(Object)";"3";"11108";"11108";"17";"17"
"SCRIPT_API";"dw.util.SecureEncoder#forJavaScriptInAttribute(String)";"7";"68063";"68063";"28";"28"
"SCRIPT_API";"dw.util.SecureEncoder#forJavaScriptInHTML(String)";"1";"18089";"18089";"0";"0"
"SCRIPT_API";"dw.util.StringUtils#formatMoney(dw.value.Money)";"10";"791812";"791812";"0";"0"
"SCRIPT_API";"dw.value.Money#getCurrencyCode()";"10";"12185";"12185";"121";"121"
"SCRIPT_API";"dw.value.Money#getDecimalValue()";"20";"27093";"27093";"389";"389"
"SCRIPT_API";"dw.value.Money#getValue()";"40";"28082";"28082";"767";"767"
"SCRIPT_API";"dw.value.Money#getValueOrNull()";"10";"13821";"13821";"169";"169"
"SCRIPT_API";"dw.value.Money#isAvailable()";"34";"26739";"26739";"838";"838"
"SCRIPT_API";"dw.web.CSRFProtection#generateToken()";"7";"167886";"167886";"61";"61"
"SCRIPT_API";"dw.web.CSRFProtection#getTokenName()";"7";"21288";"21288";"784";"784"
"SCRIPT_API";"dw.web.LoopIterator#getCount()";"40";"44719";"44719";"3927";"3927"
"SCRIPT_API";"dw.web.PageMetaData#addPageMetaTags(Array)";"2";"69948";"69948";"0";"0"
"SCRIPT_API";"dw.web.PageMetaData#getDescription()";"10";"9601";"9601";"125";"125"
"SCRIPT_API";"dw.web.PageMetaData#getKeywords()";"10";"11421";"11421";"229";"229"
"SCRIPT_API";"dw.web.PageMetaData#getPageMetaTags()";"10";"50499";"50499";"0";"0"
"SCRIPT_API";"dw.web.PageMetaData#getTitle()";"10";"14042";"14042";"804";"804"
"SCRIPT_API";"dw.web.PageMetaTag#getContent()";"6";"10964";"10964";"196";"196"
"SCRIPT_API";"dw.web.PageMetaTag#getID()";"8";"16634";"16634";"398";"398"
"SCRIPT_API";"dw.web.PageMetaTag#isName()";"12";"28615";"28615";"590";"590"
"SCRIPT_API";"dw.web.PageMetaTag#isProperty()";"2";"5675";"5675";"76";"76"
"SCRIPT_API";"dw.web.PageMetaTag#isTitle()";"6";"17983";"17983";"220";"220"
"SCRIPT_API";"dw.web.Resource#msg(String,String,String)";"72";"11954973";"11954973";"2989251";"2989251"
"SCRIPT_API";"dw.web.Resource#msgf(String,String,String,Object[])";"36";"880371";"880371";"20";"20"
"SCRIPT_API";"dw.web.URL#appendCSRFTokenBM()";"10";"192821";"192821";"0";"0"
"SCRIPT_API";"dw.web.URL#relative()";"20";"57812";"57812";"0";"0"
"SCRIPT_API";"dw.web.URL#toString()";"86";"22704996";"22704996";"18403392";"18403392"
"SCRIPT_API";"dw.web.URLAction(String,String)";"2";"32218";"32218";"0";"0"
"SCRIPT_API";"dw.web.URLUtils#https(String,String[])";"6";"155073";"155073";"1125";"1125"
"SCRIPT_API";"dw.web.URLUtils#https(dw.web.URLAction,dw.web.URLParameter[])";"2";"32626";"32626";"0";"0"
"SCRIPT_API";"dw.web.URLUtils#staticURL(String)";"26";"64240670";"64240670";"19403865";"19403865"
"SCRIPT_API";"dw.web.URLUtils#url(String,String[])";"108";"816112";"816112";"3399";"3399"
"SCRIPT_CONTROLLER";"app_storefront_base/cartridge/controllers/Account.js#Header";"4";"46689191";"33573694";"6231894";"3259901"
"SCRIPT_CONTROLLER";"app_storefront_base/cartridge/controllers/Cart.js#MiniCart";"2";"24273478";"20592622";"2182263";"1603253"
"SCRIPT_CONTROLLER";"app_storefront_base/cartridge/controllers/ConsentTracking.js#Check";"2";"13781704";"6452100";"5560336";"562033"
"SCRIPT_CONTROLLER";"app_storefront_base/cartridge/controllers/ConsentTracking.js#GetContent";"2";"9862207";"7234954";"3047637";"2054957"
"SCRIPT_CONTROLLER";"app_storefront_base/cartridge/controllers/ConsentTracking.js#SetSession";"2";"23509982";"20945736";"14393813";"14367579"
"SCRIPT_CONTROLLER";"app_storefront_base/cartridge/controllers/Default.js#Start";"2";"412302528";"80430172";"114040293";"15593362"
"SCRIPT_CONTROLLER";"app_storefront_base/cartridge/controllers/Page.js#Include";"14";"204099663";"53758448";"109766286";"18677289"
"SCRIPT_CONTROLLER";"app_storefront_base/cartridge/controllers/Page.js#IncludeHeaderMenu";"2";"166423045";"41850425";"94830875";"28364390"
"SCRIPT_CONTROLLER";"app_storefront_base/cartridge/controllers/Page.js#Locale";"4";"22085558";"17324697";"4417678";"2806123"
"SCRIPT_CONTROLLER";"app_storefront_base/cartridge/controllers/Tile.js#Show";"10";"1917829313";"202819464";"257010166";"56070172"
"SF_PAGE";"/Sites-Mailchimp-Site/-/null-null";"1";"10640950";"10640950";"4143306";"4143306"
"SF_PAGE";"/Sites-Mailchimp-Site/default/__SYSTEM__StorefrontToolkit-Start";"1";"937210";"937210";"220";"220"
"SF_PAGE";"/Sites-RefArch-Site/-/null-null";"2";"490628780";"78326252";"114038697";"0"
"SF_PAGE";"/Sites-RefArch-Site/default/__SYSTEM__StorefrontToolkit-Init";"1";"1644460";"1644460";"803";"803"
"SF_PAGE";"/Sites-RefArch-Site/en_US/Account-Header";"4";"47526007";"836816";"6234701";"2807"
"SF_PAGE";"/Sites-RefArch-Site/en_US/Cart-MiniCart";"2";"24734010";"460532";"2182831";"568"
"SF_PAGE";"/Sites-RefArch-Site/en_US/ConsentTracking-Check";"2";"14146703";"364999";"5562053";"1717"
"SF_PAGE";"/Sites-RefArch-Site/en_US/ConsentTracking-GetContent";"2";"10230697";"368490";"3049419";"1782"
"SF_PAGE";"/Sites-RefArch-Site/en_US/ConsentTracking-SetSession";"2";"24046840";"536858";"14402025";"8212"
"SF_PAGE";"/Sites-RefArch-Site/en_US/Page-Include";"14";"206112037";"2012374";"109786606";"20320"
"SF_PAGE";"/Sites-RefArch-Site/en_US/Page-IncludeHeaderMenu";"2";"166772479";"349434";"94832387";"1512"
"SF_PAGE";"/Sites-RefArch-Site/en_US/Page-Locale";"4";"22885287";"799729";"4419724";"2046"
"SF_PAGE";"/Sites-RefArch-Site/en_US/Tile-Show";"10";"1956795990";"38966677";"257028912";"18746"
"SF_PAGE";"/Sites-RefArch-Site/en_US/__SYSTEM__Slot-Render";"12";"307452973";"176250848";"153007115";"85299020"
"SF_PAGE";"/Sites-RefArch-Site/en_US/__SYSTEM__Slot-Request";"12";"144100512";"144100512";"125606539";"125606539"
