"Type";"Name";"Count";"TotalTime";"OwnTime";"TotalWaitTime";"OwnWaitTime"
"SCRIPT_API";"dw.system.Request#getHttpHost()";"1";"1882";"1882";"25";"25"
"SCRIPT_API";"dw.util.List#size()";"1";"2497";"2497";"44";"44"
"SCRIPT_API";"dw.web.CSRFProtection#generateToken()";"1";"24621";"24621";"72";"72"
"SCRIPT_API";"dw.web.CSRFProtection#getTokenName()";"1";"3253";"3253";"325";"325"
"SCRIPT_API";"dw.web.URL#appendCSRFTokenBM()";"1";"43751";"43751";"0";"0"
"SCRIPT_API";"dw.web.URLUtils#url(String,String[])";"1";"14830";"14830";"201";"201"
