"Type";"Name";"Count";"TotalTime";"OwnTime";"TotalWaitTime";"OwnWaitTime"
"ONREQUEST";"/Sites-Mailchimp-Site/default/__Analytics-Start";"2";"3702182";"3702182";"806";"806"
"ONREQUEST";"/Sites-Mailchimp-Site/default/__SYSTEM__StorefrontToolkit-Start";"1";"2031107";"2031107";"0";"0"
"ONREQUEST";"/Sites-Mailchimp-Site/home/null-null";"1";"35857169";"35857169";"26785845";"26785845"
"ONREQUEST";"/Sites-RefArch-Site/-/null-null";"1";"7452640";"7452640";"708";"708"
"ONREQUEST";"/Sites-RefArch-Site/default/__SYSTEM__StorefrontToolkit-Init";"3";"35836335";"35836335";"25560661";"25560661"
"ONREQUEST";"/Sites-RefArch-Site/en_US/__Analytics-Start";"1";"2833848";"2833848";"1086";"1086"
"PIPELINE_NODE";"bc_api:Assign";"9";"522695";"522695";"0";"0"
"SCRIPT_API";"dw.system.Request#getHttpHost()";"9";"19473";"19473";"111";"111"
"SCRIPT_API";"dw.util.List#size()";"9";"20692";"20692";"444";"444"
"SCRIPT_API";"dw.web.CSRFProtection#generateToken()";"9";"235409";"235409";"0";"0"
"SCRIPT_API";"dw.web.CSRFProtection#getTokenName()";"9";"26849";"26849";"1064";"1064"
"SF_PAGE";"/Sites-Mailchimp-Site/default/__SYSTEM__StorefrontToolkit-Start";"1";"1072150";"1072150";"467";"467"
"SF_PAGE";"/Sites-Mailchimp-Site/home/null-null";"1";"13306504";"13306504";"6561856";"6561856"
"SF_PAGE";"/Sites-RefArch-Site/-/null-null";"1";"12311694";"12311694";"6097348";"6097348"
"SF_PAGE";"/Sites-RefArch-Site/default/__SYSTEM__StorefrontToolkit-Init";"3";"4324650";"4324650";"3839";"3839"
