"Type";"Name";"Count";"TotalTime";"OwnTime";"TotalWaitTime";"OwnWaitTime"
"SCRIPT_API";"dw.system.Request#getHttpHost()";"9";"19190";"19190";"140";"140"
"SCRIPT_API";"dw.util.List#size()";"9";"21821";"21821";"296";"296"
"SCRIPT_API";"dw.web.CSRFProtection#generateToken()";"9";"212067";"212067";"50";"50"
"SCRIPT_API";"dw.web.CSRFProtection#getTokenName()";"9";"28436";"28436";"1166";"1166"
"SCRIPT_API";"dw.web.URL#appendCSRFTokenBM()";"1";"48463";"48463";"0";"0"
"SCRIPT_API";"dw.web.URLUtils#url(String,String[])";"1";"26347";"26347";"84";"84"
