"Type";"Name";"Count";"TotalTime";"OwnTime";"TotalWaitTime";"OwnWaitTime"
"ONREQUEST";"/Sites-Mailchimp-Site/-/null-null";"3";"12716635";"12716635";"4807153";"4807153"
"SCRIPT_API";"dw.system.Request#getHttpHost()";"4";"10559";"10559";"133";"133"
"SCRIPT_API";"dw.util.List#size()";"4";"10001";"10001";"211";"211"
"SCRIPT_API";"dw.web.CSRFProtection#generateToken()";"4";"90214";"90214";"73";"73"
"SCRIPT_API";"dw.web.CSRFProtection#getTokenName()";"4";"12103";"12103";"730";"730"
"SCRIPT_CONTROLLER";"app_storefront_base/cartridge/controllers/Default.js#Start";"3";"6183248";"6183248";"0";"0"
"SCRIPT_CONTROLLER";"app_storefront_base/cartridge/controllers/Error.js#Start";"3";"3927158";"3927158";"0";"0"
"SF_PAGE";"/Sites-Mailchimp-Site/-/null-null";"3";"26427413";"16317007";"651168";"654310"
