"Type";"Name";"Count";"TotalTime";"OwnTime";"TotalWaitTime";"OwnWaitTime"
"ISML";"app_storefront_base/default//account/login";"2";"35206500";"3647838";"8546698";"0"
"ISML";"app_storefront_base/default//common/consent";"1";"420531";"370741";"352";"0"
"ISML";"app_storefront_base/default//common/htmlHead";"3";"11625106";"1772266";"6291478";"6059"
"ISML";"app_storefront_base/default//common/scripts";"6";"596907";"426701";"497";"485"
"ISML";"app_storefront_base/default//components/content/contentAsset";"18";"761779";"711476";"2814";"2583"
"ISML";"app_storefront_base/default//components/content/offlineContent";"7";"228591";"228591";"1127";"1127"
"ISML";"app_storefront_base/default//components/footer/pageFooter";"3";"2353222";"1428610";"799";"0"
"ISML";"app_storefront_base/default//components/header/countrySelector";"2";"264120";"264120";"594";"594"
"ISML";"app_storefront_base/default//components/header/menu";"2";"1447182";"962936";"840";"241"
"ISML";"app_storefront_base/default//components/header/miniCart";"2";"1272943";"728506";"208";"1192"
"ISML";"app_storefront_base/default//components/header/mobileCountrySelector";"2";"258067";"258067";"486";"486"
"ISML";"app_storefront_base/default//components/header/pageHeader";"3";"8646169";"1945155";"2256193";"1241"
"ISML";"app_storefront_base/default//components/header/skipNav";"3";"762542";"215331";"657";"1720"
"ISML";"app_storefront_base/default//components/modules";"3";"35951";"35951";"515";"515"
"ISML";"app_storefront_base/default//components/schema";"3";"139407";"139407";"2225";"2225"
"ISML";"app_storefront_base/default/account/components/loginForm";"2";"1053012";"516768";"443";"907"
"ISML";"app_storefront_base/default/account/components/navTabs";"2";"371525";"207992";"502";"825"
"ISML";"app_storefront_base/default/account/components/oauth";"2";"440725";"267847";"259";"530"
"ISML";"app_storefront_base/default/account/components/registerForm";"2";"3380392";"1290669";"316";"1330"
"ISML";"app_storefront_base/default/account/components/trackOrderForm";"2";"1132274";"647447";"527";"48"
"ISML";"app_storefront_base/default/account/components/trackOrderFormBillingZipCode";"2";"152949";"81402";"476";"275"
"ISML";"app_storefront_base/default/account/header";"2";"757337";"470697";"596";"759"
"ISML";"app_storefront_base/default/account/mobileHeader";"2";"522347";"373058";"357";"224"
"ISML";"app_storefront_base/default/account/password/passwordResetForm";"2";"516794";"241918";"232";"551"
"ISML";"app_storefront_base/default/account/password/requestPasswordResetModal";"2";"946690";"359159";"382";"168"
"ISML";"app_storefront_base/default/common/layout/page";"3";"28700573";"5058115";"8545197";"0"
"ISML";"app_storefront_base/default/components/breadcrumbs/pageBreadcrumbs";"2";"281942";"275945";"527";"363"
"ISML";"app_storefront_base/default/components/content/contentAssetInc";"6";"1569333";"1569333";"0";"0"
"ISML";"app_storefront_base/default/components/header/menuItem";"2";"133409";"133409";"447";"447"
"ISML";"app_storefront_base/default/components/header/search";"6";"1859949";"730242";"1244";"2812"
"ISML";"app_storefront_base/default/error";"1";"6408761";"431099";"100";"249"
"ISML";"app_storefront_base/default/slots/content/contentAssetBody";"1";"513105";"498171";"709";"646"
"ISML";"app_storefront_base/default/slots/content/htmlSlotContainer";"1";"668916";"148504";"1007";"664"
"ISML";"app_storefront_base/default/slots/htmlSlotContainer";"1";"520412";"498492";"343";"221"
"ONREQUEST";"/Sites-Mailchimp-Site/default/Account-Show";"1";"68845045";"68845045";"60456459";"60456459"
"ONREQUEST";"/Sites-Mailchimp-Site/default/Login-Show";"1";"1277931";"1277931";"216";"216"
"ONREQUEST";"/Sites-Mailchimp-Site/default/__Analytics-Start";"1";"2422119";"2422119";"82";"82"
"ONREQUEST";"/Sites-Mailchimp-Site/default/__SYSTEM__StorefrontToolkit-Start";"1";"1885320";"1885320";"1513";"1513"
"ONREQUEST";"/Sites-RefArch-Site/en_US/ConsentTracking-GetContent";"1";"666987";"666987";"71";"71"
"ONREQUEST";"/Sites-RefArch-Site/en_US/Login-Show";"1";"42950144";"42950144";"34335153";"34335153"
"SCRIPT_API";"dw.campaign.SlotContent#getContent()";"2";"11652";"11652";"0";"0"
"SCRIPT_API";"dw.catalog.Catalog#getRoot()";"2";"32019";"32019";"0";"0"
"SCRIPT_API";"dw.catalog.CatalogMgr#getSiteCatalog()";"2";"44139";"44139";"1508";"1508"
"SCRIPT_API";"dw.catalog.Category#getDisplayName()";"4";"78448";"78448";"138";"138"
"SCRIPT_API";"dw.catalog.Category#getID()";"8";"9115";"9115";"454";"454"
"SCRIPT_API";"dw.catalog.Category#getOnlineSubCategories()";"6";"5183475";"5183475";"3978434";"3978434"
"SCRIPT_API";"dw.catalog.Category#hasOnlineProducts()";"16";"17946551";"17946551";"15855324";"15855324"
"SCRIPT_API";"dw.catalog.Category#hasOnlineSubCategories()";"14";"162108";"162108";"0";"0"
"SCRIPT_API";"dw.content.Content#getID()";"6";"15407";"15407";"102";"102"
"SCRIPT_API";"dw.content.Content#getName()";"6";"100688";"100688";"0";"0"
"SCRIPT_API";"dw.content.Content#getPageDescription()";"6";"57690";"57690";"0";"0"
"SCRIPT_API";"dw.content.Content#getPageKeywords()";"6";"55854";"55854";"0";"0"
"SCRIPT_API";"dw.content.Content#getPageMetaTags()";"6";"84392";"84392";"0";"0"
"SCRIPT_API";"dw.content.Content#getPageTitle()";"6";"65031";"65031";"0";"0"
"SCRIPT_API";"dw.content.Content#getTemplate()";"6";"7916";"7916";"135";"135"
"SCRIPT_API";"dw.content.Content#isOnline()";"8";"339521";"339521";"0";"0"
"SCRIPT_API";"dw.content.ContentMgr#getContent(String)";"18";"447347";"447347";"790";"790"
"SCRIPT_API";"dw.content.MarkupText#getMarkup()";"1";"15379";"15379";"137";"137"
"SCRIPT_API";"dw.customer.Customer#getProfile()";"7";"13412";"13412";"402";"402"
"SCRIPT_API";"dw.object.ExtensibleObject#getCustom()";"64";"215723";"215723";"1954";"1954"
"SCRIPT_API";"dw.object.PersistentObject#getUUID()";"6";"12298";"12298";"1043";"1043"
"SCRIPT_API";"dw.order.BasketMgr#getCurrentBasket()";"2";"347758";"347758";"0";"0"
"SCRIPT_API";"dw.system.HookMgr#callHook(String,String,Object[])";"9";"161989";"161989";"0";"0"
"SCRIPT_API";"dw.system.HookMgr#hasHook(String)";"206";"1228343";"1228343";"6463";"6463"
"SCRIPT_API";"dw.system.Logger#warn(String,Object[])";"7";"2165097";"2165097";"937861";"937861"
"SCRIPT_API";"dw.system.Request#getHttpHeaders()";"206";"3729611";"3729611";"0";"0"
"SCRIPT_API";"dw.system.Request#getHttpHost()";"207";"216735";"216735";"3502";"3502"
"SCRIPT_API";"dw.system.Request#getHttpMethod()";"206";"146078";"146078";"3679";"3679"
"SCRIPT_API";"dw.system.Request#getHttpPath()";"206";"335134";"335134";"1836";"1836"
"SCRIPT_API";"dw.system.Request#getHttpQueryString()";"240";"267915";"267915";"15536";"15536"
"SCRIPT_API";"dw.system.Request#getLocale()";"238";"216190";"216190";"14488";"14488"
"SCRIPT_API";"dw.system.Request#isHttpSecure()";"206";"193910";"193910";"5519";"5519"
"SCRIPT_API";"dw.system.Request#isIncludeRequest()";"412";"305608";"305608";"10666";"10666"
"SCRIPT_API";"dw.system.Response#redirect(dw.web.URL)";"1";"65969";"65969";"0";"0"
"SCRIPT_API";"dw.system.Response#setExpires(Date)";"14";"51043";"51043";"2863";"2863"
"SCRIPT_API";"dw.system.Response#setHttpHeader(String,String)";"412";"530813";"530813";"7601";"7601"
"SCRIPT_API";"dw.system.Response#setStatus(Number)";"1";"5287";"5287";"51";"51"
"SCRIPT_API";"dw.system.Session#getCurrency()";"271";"798932";"798932";"1297";"1297"
"SCRIPT_API";"dw.system.Session#getForms()";"2";"6072";"6072";"22";"22"
"SCRIPT_API";"dw.system.Session#getPrivacy()";"7";"19744";"19744";"916";"916"
"SCRIPT_API";"dw.system.Site#getAllowedLocales()";"4";"23144";"23144";"58";"58"
"SCRIPT_API";"dw.system.Site#getCurrent()";"7";"232928";"232928";"2834";"2834"
"SCRIPT_API";"dw.system.Site#getID()";"4";"7132";"7132";"152";"152"
"SCRIPT_API";"dw.system.Site#getPreferences()";"3";"40443";"40443";"0";"0"
"SCRIPT_API";"dw.system.System#getInstanceType()";"6";"12006";"12006";"628";"628"
"SCRIPT_API";"dw.template.ISML#renderTemplate(String,Object)";"29";"53136549";"4780837";"8546786";"0"
"SCRIPT_API";"dw.util.Collection#iterator()";"6";"14947";"14947";"397";"397"
"SCRIPT_API";"dw.util.Currency#getCurrencyCode()";"225";"122772";"122772";"3709";"3709"
"SCRIPT_API";"dw.util.Currency#getDefaultFractionDigits()";"217";"129187";"129187";"3097";"3097"
"SCRIPT_API";"dw.util.Currency#getName()";"217";"159560";"159560";"2854";"2854"
"SCRIPT_API";"dw.util.Currency#getSymbol()";"217";"122629";"122629";"2845";"2845"
"SCRIPT_API";"dw.util.HashMap()";"3";"6925";"6925";"115";"115"
"SCRIPT_API";"dw.util.Iterator#hasNext()";"24";"29333";"29333";"1514";"1514"
"SCRIPT_API";"dw.util.Iterator#next()";"18";"48923";"48923";"0";"0"
"SCRIPT_API";"dw.util.List#indexOf(Object)";"24";"21308";"21308";"623";"623"
"SCRIPT_API";"dw.util.List#size()";"1";"2182";"2182";"28";"28"
"SCRIPT_API";"dw.util.Locale#getCountry()";"4";"8001";"8001";"84";"84"
"SCRIPT_API";"dw.util.Locale#getDisplayCountry()";"4";"20344";"20344";"88";"88"
"SCRIPT_API";"dw.util.Locale#getDisplayLanguage()";"4";"6851";"6851";"68";"68"
"SCRIPT_API";"dw.util.Locale#getDisplayName()";"4";"45717";"45717";"0";"0"
"SCRIPT_API";"dw.util.Locale#getID()";"170";"113736";"113736";"4088";"4088"
"SCRIPT_API";"dw.util.Locale#getLanguage()";"7";"12078";"12078";"132";"132"
"SCRIPT_API";"dw.util.Locale#getLocale(String)";"32";"93976";"93976";"224";"224"
"SCRIPT_API";"dw.util.Map#get(Object)";"1";"2957";"2957";"25";"25"
"SCRIPT_API";"dw.util.SecureEncoder#forHtmlInDoubleQuoteAttribute(String)";"16";"15929";"15929";"248";"248"
"SCRIPT_API";"dw.web.CSRFProtection#generateToken()";"6";"238478";"238478";"0";"0"
"SCRIPT_API";"dw.web.CSRFProtection#getTokenName()";"6";"15480";"15480";"550";"550"
"SCRIPT_API";"dw.web.FormElement#clearFormElement()";"2";"17315";"17315";"18";"18"
"SCRIPT_API";"dw.web.FormElement#getDynamicHtmlName()";"60";"88019";"88019";"866";"866"
"SCRIPT_API";"dw.web.FormElement#getHtmlName()";"92";"73132";"73132";"1646";"1646"
"SCRIPT_API";"dw.web.FormElement#isValid()";"60";"51593";"51593";"2408";"2408"
"SCRIPT_API";"dw.web.FormField#getDescription()";"44";"38449";"38449";"773";"773"
"SCRIPT_API";"dw.web.FormField#getError()";"44";"22864";"22864";"1061";"1061"
"SCRIPT_API";"dw.web.FormField#getHtmlValue()";"76";"48605";"48605";"1533";"1533"
"SCRIPT_API";"dw.web.FormField#getLabel()";"88";"67534";"67534";"1501";"1501"
"SCRIPT_API";"dw.web.FormField#getMaxLength()";"40";"22002";"22002";"1087";"1087"
"SCRIPT_API";"dw.web.FormField#getMinLength()";"40";"21235";"21235";"903";"903"
"SCRIPT_API";"dw.web.FormField#getOptions()";"120";"67305";"67305";"2839";"2839"
"SCRIPT_API";"dw.web.FormField#getRegEx()";"40";"21407";"21407";"732";"732"
"SCRIPT_API";"dw.web.FormField#getType()";"104";"59125";"59125";"3639";"3639"
"SCRIPT_API";"dw.web.FormField#isChecked()";"4";"7389";"7389";"94";"94"
"SCRIPT_API";"dw.web.FormField#isMandatory()";"48";"25977";"25977";"901";"901"
"SCRIPT_API";"dw.web.FormField#isSelected()";"4";"5721";"5721";"111";"111"
"SCRIPT_API";"dw.web.FormFieldOptions#getOptionsCount()";"60";"36115";"36115";"1160";"1160"
"SCRIPT_API";"dw.web.FormGroup#getError()";"16";"17739";"17739";"240";"240"
"SCRIPT_API";"dw.web.LoopIterator#isLast()";"2";"5997";"5997";"164";"164"
"SCRIPT_API";"dw.web.PageMetaData#getDescription()";"3";"4133";"4133";"69";"69"
"SCRIPT_API";"dw.web.PageMetaData#getKeywords()";"3";"4863";"4863";"73";"73"
"SCRIPT_API";"dw.web.PageMetaData#getPageMetaTags()";"3";"17058";"17058";"0";"0"
"SCRIPT_API";"dw.web.PageMetaData#getTitle()";"3";"5572";"5572";"95";"95"
"SCRIPT_API";"dw.web.Resource#msg(String,String,String)";"225";"11330212";"11330212";"0";"0"
"SCRIPT_API";"dw.web.Resource#msgf(String,String,String,Object[])";"7";"560733";"560733";"0";"0"
"SCRIPT_API";"dw.web.URL#relative()";"2";"16772";"16772";"0";"0"
"SCRIPT_API";"dw.web.URL#toString()";"12";"322285";"322285";"0";"0"
"SCRIPT_API";"dw.web.URLUtils#home()";"2";"55639";"55639";"0";"0"
"SCRIPT_API";"dw.web.URLUtils#https(String,String[])";"10";"197319";"197319";"773";"773"
"SCRIPT_API";"dw.web.URLUtils#staticURL(String)";"37";"12367284";"12367284";"8540389";"8540389"
"SCRIPT_API";"dw.web.URLUtils#url(String,String[])";"76";"268482";"268482";"2408";"2408"
"SCRIPT_CONTROLLER";"app_storefront_base/cartridge/controllers/Account.js#Header";"4";"13445354";"9655315";"10673";"0"
"SCRIPT_CONTROLLER";"app_storefront_base/cartridge/controllers/Account.js#Show";"1";"5783666";"5132602";"501";"0"
"SCRIPT_CONTROLLER";"app_storefront_base/cartridge/controllers/Cart.js#MiniCart";"2";"9539182";"6223602";"882";"0"
"SCRIPT_CONTROLLER";"app_storefront_base/cartridge/controllers/ConsentTracking.js#Check";"2";"5744813";"4617306";"965075";"959948"
"SCRIPT_CONTROLLER";"app_storefront_base/cartridge/controllers/ConsentTracking.js#GetContent";"1";"3327835";"2533840";"212";"0"
"SCRIPT_CONTROLLER";"app_storefront_base/cartridge/controllers/Error.js#Start";"1";"7768003";"884398";"1029";"42"
"SCRIPT_CONTROLLER";"app_storefront_base/cartridge/controllers/Login.js#Show";"2";"48897732";"8910017";"8547144";"0"
"SCRIPT_CONTROLLER";"app_storefront_base/cartridge/controllers/Page.js#Include";"12";"28690292";"20114581";"945487";"0"
"SCRIPT_CONTROLLER";"app_storefront_base/cartridge/controllers/Page.js#IncludeHeaderMenu";"2";"31642861";"5548995";"19835367";"0"
"SCRIPT_CONTROLLER";"app_storefront_base/cartridge/controllers/Page.js#Locale";"4";"9873298";"7504544";"1452";"0"
"SCRIPT_CONTROLLER";"bm_mailchimp/cartridge/controllers/customerInfo.js#start";"2";"6733173";"6733173";"621";"621"
"SF_PAGE";"/Sites-Mailchimp-Site/default/Account-Header";"2";"7248932";"298991";"11561";"1328"
"SF_PAGE";"/Sites-Mailchimp-Site/default/Account-Show";"1";"6431202";"647536";"388196";"387695"
"SF_PAGE";"/Sites-Mailchimp-Site/default/Cart-MiniCart";"1";"6263201";"402836";"708";"152"
"SF_PAGE";"/Sites-Mailchimp-Site/default/ConsentTracking-Check";"1";"26789024";"15629488";"8036033";"7070284"
"SF_PAGE";"/Sites-Mailchimp-Site/default/Login-Show";"1";"28235985";"810399";"5179812";"504881"
"SF_PAGE";"/Sites-Mailchimp-Site/default/Page-Include";"6";"13924708";"787490";"5207";"3363"
"SF_PAGE";"/Sites-Mailchimp-Site/default/Page-IncludeHeaderMenu";"1";"14403930";"141430";"8203793";"861"
"SF_PAGE";"/Sites-Mailchimp-Site/default/Page-Locale";"2";"5795807";"563123";"1703";"799"
"SF_PAGE";"/Sites-Mailchimp-Site/default/__SYSTEM__Slot-Request";"2";"3931903";"3931903";"1423466";"1423466"
"SF_PAGE";"/Sites-Mailchimp-Site/default/__SYSTEM__StorefrontToolkit-Start";"1";"870896";"870896";"763";"763"
"SF_PAGE";"/Sites-RefArch-Site/en_US/Account-Header";"2";"6900373";"404960";"1232";"792"
"SF_PAGE";"/Sites-RefArch-Site/en_US/Cart-MiniCart";"1";"3878260";"199443";"352";"26"
"SF_PAGE";"/Sites-RefArch-Site/en_US/ConsentTracking-Check";"1";"2566689";"213409";"1078";"723"
"SF_PAGE";"/Sites-RefArch-Site/en_US/ConsentTracking-GetContent";"1";"3565465";"237630";"380";"168"
"SF_PAGE";"/Sites-RefArch-Site/en_US/Login-Show";"1";"22290074";"817928";"4209974";"337761"
"SF_PAGE";"/Sites-RefArch-Site/en_US/Page-Include";"6";"16643775";"1090701";"946415";"2772"
"SF_PAGE";"/Sites-RefArch-Site/en_US/Page-IncludeHeaderMenu";"1";"17560788";"180427";"11633026";"591"
"SF_PAGE";"/Sites-RefArch-Site/en_US/Page-Locale";"2";"5045317";"404703";"1481";"933"
"SF_PAGE";"/Sites-RefArch-Site/en_US/__SYSTEM__Slot-Render";"2";"2390528";"1208507";"2026";"310"
"SF_PAGE";"/Sites-RefArch-Site/en_US/__SYSTEM__Slot-Request";"2";"19303831";"19303831";"15793850";"15793850"
