"Type";"Name";"Count";"TotalTime";"OwnTime";"TotalWaitTime";"OwnWaitTime"
"ISML";"app_storefront_base/default//account/login";"1";"22410124";"1895558";"6171417";"0"
"ISML";"app_storefront_base/default//common/htmlHead";"12";"547327616";"6600307";"528066129";"17071"
"ISML";"app_storefront_base/default//common/scripts";"24";"2444537";"1783301";"1890";"2081"
"ISML";"app_storefront_base/default//components/content/contentAsset";"71";"3094529";"2882970";"9525";"8859"
"ISML";"app_storefront_base/default//components/content/offlineContent";"35";"986391";"986391";"7594";"7594"
"ISML";"app_storefront_base/default//components/footer/pageFooter";"12";"11266275";"6928080";"2708";"0"
"ISML";"app_storefront_base/default//components/header/countrySelector";"5";"677044";"677044";"1178";"1178"
"ISML";"app_storefront_base/default//components/header/menu";"5";"3912930";"2253485";"791";"415"
"ISML";"app_storefront_base/default//components/header/miniCart";"5";"2378859";"1378324";"690";"2333"
"ISML";"app_storefront_base/default//components/header/mobileCountrySelector";"5";"622326";"622326";"1249";"1249"
"ISML";"app_storefront_base/default//components/header/pageHeader";"11";"450698020";"6955324";"425114736";"5958"
"ISML";"app_storefront_base/default//components/header/pageHeaderNomenu";"1";"2586934";"336458";"1045465";"2313"
"ISML";"app_storefront_base/default//components/header/skipNav";"12";"3697853";"780590";"2155";"7939"
"ISML";"app_storefront_base/default//components/modules";"12";"138333";"138333";"1786";"1786"
"ISML";"app_storefront_base/default//components/schema";"11";"565940";"565940";"8390";"8390"
"ISML";"app_storefront_base/default//product/components/pricing/default";"32";"6681846";"4603175";"7687";"1421"
"ISML";"app_storefront_base/default//product/components/pricing/formatted";"33";"665384";"665384";"7186";"7186"
"ISML";"app_storefront_base/default//product/components/pricing/main";"2";"530044";"235818";"411";"0"
"ISML";"app_storefront_base/default//reporting/reporting";"6";"196198";"196198";"1481";"1481"
"ISML";"app_storefront_base/default//reporting/reportingUrls";"1";"239598";"239598";"3";"3"
"ISML";"app_storefront_base/default//search/searchRefineBar";"1";"900514";"325876";"289";"416"
"ISML";"app_storefront_base/default/account/accountDashboard";"1";"25786687";"930667";"10413413";"0"
"ISML";"app_storefront_base/default/account/addressBookCard";"1";"5326060";"4881942";"4428477";"4428884"
"ISML";"app_storefront_base/default/account/components/loginForm";"1";"836674";"303492";"186";"1180"
"ISML";"app_storefront_base/default/account/components/navTabs";"1";"247041";"106009";"280";"632"
"ISML";"app_storefront_base/default/account/components/oauth";"1";"324151";"168877";"212";"499"
"ISML";"app_storefront_base/default/account/components/registerForm";"1";"2732950";"809671";"191";"2124"
"ISML";"app_storefront_base/default/account/components/trackOrderForm";"1";"785911";"358022";"176";"284"
"ISML";"app_storefront_base/default/account/components/trackOrderFormBillingZipCode";"1";"111212";"45057";"248";"357"
"ISML";"app_storefront_base/default/account/dashboardProfileCards";"1";"10860772";"1460149";"4428404";"0"
"ISML";"app_storefront_base/default/account/header";"5";"3621883";"1354443";"1068";"2574"
"ISML";"app_storefront_base/default/account/mobileHeader";"5";"2073573";"1141717";"1523";"2405"
"ISML";"app_storefront_base/default/account/order/orderHistoryCard";"1";"1403933";"630688";"854";"874"
"ISML";"app_storefront_base/default/account/order/shippingTitle";"1";"166299";"83942";"508";"636"
"ISML";"app_storefront_base/default/account/password/passwordResetForm";"1";"384126";"131903";"170";"696"
"ISML";"app_storefront_base/default/account/password/requestPasswordResetModal";"1";"651500";"200079";"269";"246"
"ISML";"app_storefront_base/default/account/passwordCard";"1";"387524";"138990";"232";"616"
"ISML";"app_storefront_base/default/account/payment/savedPayment";"1";"212909";"80795";"131";"358"
"ISML";"app_storefront_base/default/account/paymentCard";"1";"1569203";"352450";"169";"1402"
"ISML";"app_storefront_base/default/account/profileCard";"1";"713903";"268397";"194";"1045"
"ISML";"app_storefront_base/default/cart/cartCouponDisplay";"9";"737078";"737078";"1928";"1928"
"ISML";"app_storefront_base/default/cart/cartRemoveProductModal";"1";"310637";"91124";"241";"689"
"ISML";"app_storefront_base/default/cart/checkoutButtons";"1";"182301";"103033";"395";"576"
"ISML";"app_storefront_base/default/cart/productCard/cartProductCardAvailability";"2";"110107";"110107";"330";"330"
"ISML";"app_storefront_base/default/checkout/addressSummary";"6";"376503";"376503";"783";"783"
"ISML";"app_storefront_base/default/checkout/billing/addressSelector";"1";"613975";"296246";"235";"406"
"ISML";"app_storefront_base/default/checkout/billing/addressSelectorShipping";"1";"230696";"163263";"0";"31"
"ISML";"app_storefront_base/default/checkout/billing/billing";"1";"9462169";"839068";"1196201";"230"
"ISML";"app_storefront_base/default/checkout/billing/billingAddress";"1";"2284433";"1576292";"41";"0"
"ISML";"app_storefront_base/default/checkout/billing/billingSummary";"2";"1588735";"730477";"628";"542"
"ISML";"app_storefront_base/default/checkout/billing/creditCardForm";"1";"1377373";"850655";"53";"425"
"ISML";"app_storefront_base/default/checkout/billing/paymentOptions";"1";"5127051";"413915";"1196234";"0"
"ISML";"app_storefront_base/default/checkout/billing/paymentOptions/creditCardContent";"1";"2704560";"494066";"223";"328"
"ISML";"app_storefront_base/default/checkout/billing/paymentOptions/creditCardSummary";"1";"193556";"59187";"501";"845"
"ISML";"app_storefront_base/default/checkout/billing/paymentOptions/creditCardTab";"1";"1554078";"94400";"1196086";"939"
"ISML";"app_storefront_base/default/checkout/billing/paymentOptions/paymentOptionsContent";"1";"2925748";"221188";"260";"37"
"ISML";"app_storefront_base/default/checkout/billing/paymentOptions/paymentOptionsSummary";"2";"488075";"294519";"523";"22"
"ISML";"app_storefront_base/default/checkout/billing/paymentOptions/paymentOptionsTabs";"1";"1787388";"233310";"1196280";"194"
"ISML";"app_storefront_base/default/checkout/billing/storedPaymentInstruments";"2";"1223899";"432778";"346";"1646"
"ISML";"app_storefront_base/default/checkout/cart/miniCart";"1";"4130431";"1005512";"113";"0"
"ISML";"app_storefront_base/default/checkout/checkout";"1";"47825708";"2648181";"6875311";"0"
"ISML";"app_storefront_base/default/checkout/confirmation/confirmation";"1";"20854118";"1247375";"6531085";"0"
"ISML";"app_storefront_base/default/checkout/confirmation/confirmationDetails";"1";"4527242";"749345";"340";"0"
"ISML";"app_storefront_base/default/checkout/confirmation/confirmationEmail";"1";"2708792";"1093348";"204";"1099"
"ISML";"app_storefront_base/default/checkout/confirmation/confirmationOrderTotal";"1";"435463";"152172";"93";"889"
"ISML";"app_storefront_base/default/checkout/confirmation/confirmationPaymentInfo";"1";"229347";"111335";"39";"357"
"ISML";"app_storefront_base/default/checkout/confirmation/shippingTitle";"1";"105744";"42654";"287";"472"
"ISML";"app_storefront_base/default/checkout/customer/customerSummary";"1";"161677";"93225";"245";"303"
"ISML";"app_storefront_base/default/checkout/orderProductSummary";"2";"2897287";"504380";"482";"866"
"ISML";"app_storefront_base/default/checkout/orderTotalSummary";"2";"1072200";"343522";"342";"2086"
"ISML";"app_storefront_base/default/checkout/productCard/productCard";"3";"4496931";"2457939";"614";"0"
"ISML";"app_storefront_base/default/checkout/productCard/productCardProductName";"3";"60737";"60737";"457";"457"
"ISML";"app_storefront_base/default/checkout/productCard/productCardProductNameAndRemove";"1";"177819";"97280";"296";"551"
"ISML";"app_storefront_base/default/checkout/productCard/productCardProductPromotions";"1";"29344";"29344";"139";"139"
"ISML";"app_storefront_base/default/checkout/productCard/productCardProductRenderedTotalPrice";"18";"4477024";"3717523";"4844";"2390"
"ISML";"app_storefront_base/default/checkout/productCard/productCardProductTotalPrice";"21";"847908";"847908";"2869";"2869"
"ISML";"app_storefront_base/default/checkout/productCard/productCardQuantityDisplay";"2";"287205";"143301";"294";"598"
"ISML";"app_storefront_base/default/checkout/productCard/productCardQuantitySelector";"1";"373848";"237746";"417";"0"
"ISML";"app_storefront_base/default/checkout/productCard/productShippingCard";"1";"256404";"233363";"210";"38"
"ISML";"app_storefront_base/default/checkout/shipping/giftMessageSummary";"4";"455483";"170789";"793";"1276"
"ISML";"app_storefront_base/default/checkout/shipping/isGift";"2";"638738";"322292";"295";"54"
"ISML";"app_storefront_base/default/checkout/shipping/multiShipCheckbox";"1";"46686";"46686";"183";"183"
"ISML";"app_storefront_base/default/checkout/shipping/multiShippingButtons";"2";"776212";"163995";"384";"1631"
"ISML";"app_storefront_base/default/checkout/shipping/selectedShippingMethod";"8";"265445";"265445";"1078";"1078"
"ISML";"app_storefront_base/default/checkout/shipping/shipmentCard";"2";"16320661";"2042044";"502";"0"
"ISML";"app_storefront_base/default/checkout/shipping/shipmentSelector";"2";"3419584";"509760";"479";"1185"
"ISML";"app_storefront_base/default/checkout/shipping/shipmentSelectorOptions";"2";"2405845";"1932003";"189";"1348"
"ISML";"app_storefront_base/default/checkout/shipping/shipping";"1";"17502280";"750824";"0";"0"
"ISML";"app_storefront_base/default/checkout/shipping/shippingAddress";"2";"5239065";"2546742";"438";"1035"
"ISML";"app_storefront_base/default/checkout/shipping/shippingAddressTemplate";"1";"240567";"60933";"237";"468"
"ISML";"app_storefront_base/default/checkout/shipping/shippingCard";"2";"2426736";"851222";"452";"888"
"ISML";"app_storefront_base/default/checkout/shipping/shippingCardShippingAddress";"2";"1185611";"1185611";"0";"0"
"ISML";"app_storefront_base/default/checkout/shipping/shippingMethod";"2";"1634925";"1353354";"270";"0"
"ISML";"app_storefront_base/default/checkout/shipping/shippingSummary";"2";"2737593";"1141776";"590";"715"
"ISML";"app_storefront_base/default/checkout/shipping/shippingTitle";"2";"222580";"73603";"371";"643"
"ISML";"app_storefront_base/default/common/layout/checkout";"1";"11960517";"1373013";"5678943";"0"
"ISML";"app_storefront_base/default/common/layout/page";"11";"1022391327";"16978073";"948537835";"0"
"ISML";"app_storefront_base/default/components/breadcrumbs/pageBreadcrumbs";"2";"248962";"244005";"481";"383"
"ISML";"app_storefront_base/default/components/header/menuItem";"5";"326703";"326703";"956";"956"
"ISML";"app_storefront_base/default/components/header/search";"22";"8705000";"2952698";"4586";"13924"
"ISML";"app_storefront_base/default/error";"6";"36296922";"2544996";"848";"2574"
"ISML";"app_storefront_base/default/home/homePage";"1";"945313339";"1665783";"929854876";"569"
"ISML";"app_storefront_base/default/product/components/addToCartGlobal";"1";"180296";"103957";"268";"112"
"ISML";"app_storefront_base/default/product/components/attributes";"1";"81169";"81169";"37";"37"
"ISML";"app_storefront_base/default/product/components/attributesPre";"1";"426076";"344907";"246";"209"
"ISML";"app_storefront_base/default/product/components/availability";"2";"361856";"120709";"463";"760"
"ISML";"app_storefront_base/default/product/components/imageCarousel";"1";"537791";"272740";"356";"470"
"ISML";"app_storefront_base/default/product/components/mainAttributes";"1";"39814";"39814";"60";"60"
"ISML";"app_storefront_base/default/product/components/options";"1";"96764";"96764";"80";"80"
"ISML";"app_storefront_base/default/product/components/pricing/ajaxMain";"17";"9052514";"4509362";"4789";"1090"
"ISML";"app_storefront_base/default/product/components/pricing/main";"30";"9910938";"3523318";"6445";"0"
"ISML";"app_storefront_base/default/product/components/productRating";"12";"620959";"620959";"638";"638"
"ISML";"app_storefront_base/default/product/components/productTileImage";"12";"3057691";"1136943";"3328";"8284"
"ISML";"app_storefront_base/default/product/components/productTileName";"12";"379127";"379127";"2337";"2337"
"ISML";"app_storefront_base/default/product/components/productTileSwatch";"12";"1113206";"1086649";"1817";"0"
"ISML";"app_storefront_base/default/product/components/promotions";"2";"162470";"162470";"282";"282"
"ISML";"app_storefront_base/default/product/components/quantity";"2";"533617";"399283";"154";"555"
"ISML";"app_storefront_base/default/product/components/ratings";"12";"2349811";"1728852";"2433";"1795"
"ISML";"app_storefront_base/default/product/components/variationAttribute";"2";"720456";"406682";"447";"718"
"ISML";"app_storefront_base/default/product/gridTile";"12";"25382927";"3437630";"3063";"0"
"ISML";"app_storefront_base/default/product/productTile";"12";"21945297";"7168298";"3911";"0"
"ISML";"app_storefront_base/default/product/productTileFooter";"12";"5034832";"1679851";"2390";"3517"
"ISML";"app_storefront_base/default/product/quickView";"1";"4111249";"1495382";"298";"0"
"ISML";"app_storefront_base/default/reporting/reportingUrls";"3";"337531";"337531";"317";"317"
"ISML";"app_storefront_base/default/search/components/productTiles";"1";"21264897";"21162566";"11616075";"11602354"
"ISML";"app_storefront_base/default/search/filterBar";"1";"147400";"122680";"508";"309"
"ISML";"app_storefront_base/default/search/productGrid";"1";"21774692";"375713";"11616034";"39"
"ISML";"app_storefront_base/default/search/resultsCount";"2";"2838895";"1692176";"26719";"28049"
"ISML";"app_storefront_base/default/search/searchResults";"1";"32732193";"1044437";"11642211";"0"
"ISML";"app_storefront_base/default/search/searchResultsNoDecorator";"1";"25872962";"1117057";"11642308";"0"
"ISML";"app_storefront_base/default/search/sortOrderMenu";"1";"196755";"107317";"278";"378"
"ISML";"bm_mailchimp/default/displayCustomers";"6";"16991294";"13983076";"431";"0"
"ONREQUEST";"/Sites-Mailchimp-Site/-/null-null";"1";"56898227";"56898227";"40534564";"40534564"
"ONREQUEST";"/Sites-Mailchimp-Site/default/Account-Login";"1";"3318033";"3318033";"1764";"1764"
"ONREQUEST";"/Sites-Mailchimp-Site/default/Account-Show";"1";"923558";"923558";"349";"349"
"ONREQUEST";"/Sites-Mailchimp-Site/default/Cart-AddProduct";"1";"1189501";"1189501";"0";"0"
"ONREQUEST";"/Sites-Mailchimp-Site/default/Cart-MiniCartShow";"1";"1019626";"1019626";"0";"0"
"ONREQUEST";"/Sites-Mailchimp-Site/default/Checkout-Begin";"1";"935319";"935319";"0";"0"
"ONREQUEST";"/Sites-Mailchimp-Site/default/CheckoutServices-PlaceOrder";"1";"1084887";"1084887";"0";"0"
"ONREQUEST";"/Sites-Mailchimp-Site/default/CheckoutServices-SubmitPayment";"1";"1248056";"1248056";"703";"703"
"ONREQUEST";"/Sites-Mailchimp-Site/default/CheckoutShippingServices-SubmitShipping";"2";"4748649";"4748649";"2075";"2075"
"ONREQUEST";"/Sites-Mailchimp-Site/default/Login-Show";"1";"1329464";"1329464";"330";"330"
"ONREQUEST";"/Sites-Mailchimp-Site/default/Order-Confirm";"1";"1191224";"1191224";"758";"758"
"ONREQUEST";"/Sites-Mailchimp-Site/default/Product-ShowQuickView";"1";"1568087";"1568087";"7692";"7692"
"ONREQUEST";"/Sites-Mailchimp-Site/default/Product-Variation";"1";"1323439";"1323439";"152";"152"
"ONREQUEST";"/Sites-Mailchimp-Site/default/ReportingEvent-MiniCart";"1";"809127";"809127";"116";"116"
"ONREQUEST";"/Sites-Mailchimp-Site/default/Search-Show";"1";"904220";"904220";"141";"141"
"ONREQUEST";"/Sites-Mailchimp-Site/default/__Analytics-Start";"10";"15731936";"15731936";"15182";"15182"
"ONREQUEST";"/Sites-Mailchimp-Site/default/__SYSTEM__StorefrontToolkit-Start";"6";"6192916";"6192916";"11062";"11062"
"PIPELINE_NODE";"bc_api:Assign";"3";"1406577";"1406577";"0";"0"
"SCRIPT_API";"dw.campaign.DiscountPlan#getApproachingOrderDiscounts()";"2";"10100";"10100";"17";"17"
"SCRIPT_API";"dw.campaign.DiscountPlan#getApproachingShippingDiscounts(dw.order.Shipment)";"2";"17606";"17606";"0";"0"
"SCRIPT_API";"dw.campaign.PromotionMgr#applyDiscounts(dw.order.LineItemCtnr)";"14";"4997214";"4997214";"0";"0"
"SCRIPT_API";"dw.campaign.PromotionMgr#getActiveCustomerPromotions()";"21";"1194147";"1194147";"0";"0"
"SCRIPT_API";"dw.campaign.PromotionMgr#getDiscounts(dw.order.LineItemCtnr)";"2";"362377";"362377";"0";"0"
"SCRIPT_API";"dw.campaign.PromotionPlan#getProductPromotions()";"1";"20796";"20796";"0";"0"
"SCRIPT_API";"dw.campaign.PromotionPlan#getProductPromotions(dw.catalog.Product)";"20";"197780";"197780";"269";"269"
"SCRIPT_API";"dw.catalog.Catalog#getRoot()";"7";"111633";"111633";"0";"0"
"SCRIPT_API";"dw.catalog.CatalogMgr#getCategory(String)";"3";"78353";"78353";"764";"764"
"SCRIPT_API";"dw.catalog.CatalogMgr#getSiteCatalog()";"7";"108808";"108808";"4320";"4320"
"SCRIPT_API";"dw.catalog.CatalogMgr#getSortingOptions()";"2";"1309690";"1309690";"1128154";"1128154"
"SCRIPT_API";"dw.catalog.Category#getDefaultSortingRule()";"2";"169099";"169099";"0";"0"
"SCRIPT_API";"dw.catalog.Category#getDisplayName()";"12";"213182";"213182";"95";"95"
"SCRIPT_API";"dw.catalog.Category#getID()";"24";"27166";"27166";"1021";"1021"
"SCRIPT_API";"dw.catalog.Category#getImage()";"2";"8111";"8111";"205";"205"
"SCRIPT_API";"dw.catalog.Category#getOnlineSubCategories()";"15";"13844586";"13844586";"11843112";"11843112"
"SCRIPT_API";"dw.catalog.Category#getPageDescription()";"2";"22977";"22977";"0";"0"
"SCRIPT_API";"dw.catalog.Category#getPageKeywords()";"2";"21400";"21400";"0";"0"
"SCRIPT_API";"dw.catalog.Category#getPageTitle()";"2";"42705";"42705";"0";"0"
"SCRIPT_API";"dw.catalog.Category#getTemplate()";"1";"4989";"4989";"0";"0"
"SCRIPT_API";"dw.catalog.Category#hasOnlineProducts()";"40";"47051760";"47051760";"41185924";"41185924"
"SCRIPT_API";"dw.catalog.Category#hasOnlineSubCategories()";"35";"353912";"353912";"0";"0"
"SCRIPT_API";"dw.catalog.Category#isOnline()";"2";"12633";"12633";"0";"0"
"SCRIPT_API";"dw.catalog.PriceBook#getID()";"40";"40726";"40726";"618";"618"
"SCRIPT_API";"dw.catalog.PriceBook#getParentPriceBook()";"30";"45818";"45818";"763";"763"
"SCRIPT_API";"dw.catalog.PriceBookMgr#getApplicablePriceBooks()";"1";"9095";"9095";"82";"82"
"SCRIPT_API";"dw.catalog.PriceBookMgr#setApplicablePriceBooks(dw.catalog.PriceBook[])";"2";"26299";"26299";"0";"0"
"SCRIPT_API";"dw.catalog.Product#getAttributeModel()";"2";"1579497";"1579497";"0";"0"
"SCRIPT_API";"dw.catalog.Product#getAvailabilityModel()";"68";"864176";"864176";"0";"0"
"SCRIPT_API";"dw.catalog.Product#getBrand()";"13";"20006";"20006";"376";"376"
"SCRIPT_API";"dw.catalog.Product#getID()";"67";"91354";"91354";"2415";"2415"
"SCRIPT_API";"dw.catalog.Product#getImages(String)";"30";"6347561";"6347561";"2212178";"2212178"
"SCRIPT_API";"dw.catalog.Product#getLongDescription()";"2";"170505";"170505";"0";"0"
"SCRIPT_API";"dw.catalog.Product#getMinOrderQuantity()";"36";"80707";"80707";"1254";"1254"
"SCRIPT_API";"dw.catalog.Product#getName()";"13";"310793";"310793";"0";"0"
"SCRIPT_API";"dw.catalog.Product#getOptionModel()";"21";"207664";"207664";"0";"0"
"SCRIPT_API";"dw.catalog.Product#getPageDescription()";"1";"13064";"13064";"0";"0"
"SCRIPT_API";"dw.catalog.Product#getPageKeywords()";"1";"11463";"11463";"0";"0"
"SCRIPT_API";"dw.catalog.Product#getPageMetaTags()";"2";"1756477";"1756477";"1471429";"1471429"
"SCRIPT_API";"dw.catalog.Product#getPageTitle()";"1";"22978";"22978";"0";"0"
"SCRIPT_API";"dw.catalog.Product#getPriceModel()";"27";"19801094";"19801094";"15214706";"15214706"
"SCRIPT_API";"dw.catalog.Product#getPriceModel(dw.catalog.ProductOptionModel)";"16";"3067373";"3067373";"1291960";"1291960"
"SCRIPT_API";"dw.catalog.Product#getPrimaryCategory()";"3";"79794";"79794";"471";"471"
"SCRIPT_API";"dw.catalog.Product#getShortDescription()";"2";"34428";"34428";"0";"0"
"SCRIPT_API";"dw.catalog.Product#getStepQuantity()";"2";"13215";"13215";"0";"0"
"SCRIPT_API";"dw.catalog.Product#getTemplate()";"1";"3241";"3241";"25";"25"
"SCRIPT_API";"dw.catalog.Product#getVariationModel()";"30";"761822";"761822";"0";"0"
"SCRIPT_API";"dw.catalog.Product#isBundle()";"2";"7472";"7472";"83";"83"
"SCRIPT_API";"dw.catalog.Product#isMaster()";"68";"77304";"77304";"1982";"1982"
"SCRIPT_API";"dw.catalog.Product#isOnline()";"10";"313880";"313880";"0";"0"
"SCRIPT_API";"dw.catalog.Product#isVariant()";"19";"27009";"27009";"359";"359"
"SCRIPT_API";"dw.catalog.Product#isVariationGroup()";"30";"32363";"32363";"430";"430"
"SCRIPT_API";"dw.catalog.ProductAttributeModel#getVisibleAttributeGroups()";"2";"23185";"23185";"16";"16"
"SCRIPT_API";"dw.catalog.ProductAvailabilityLevels#getBackorder()";"16";"20304";"20304";"290";"290"
"SCRIPT_API";"dw.catalog.ProductAvailabilityLevels#getInStock()";"32";"26536";"26536";"636";"636"
"SCRIPT_API";"dw.catalog.ProductAvailabilityLevels#getNotAvailable()";"24";"40768";"40768";"11856";"11856"
"SCRIPT_API";"dw.catalog.ProductAvailabilityLevels#getPreorder()";"16";"25362";"25362";"484";"484"
"SCRIPT_API";"dw.catalog.ProductAvailabilityModel#getAvailabilityLevels(Number)";"24";"2871515";"2871515";"0";"0"
"SCRIPT_API";"dw.catalog.ProductAvailabilityModel#getInventoryRecord()";"46";"55968";"55968";"819";"819"
"SCRIPT_API";"dw.catalog.ProductAvailabilityModel#isOrderable(Number)";"30";"640941";"640941";"0";"0"
"SCRIPT_API";"dw.catalog.ProductInventoryRecord#getATS()";"15";"282692";"282692";"0";"0"
"SCRIPT_API";"dw.catalog.ProductInventoryRecord#getInStockDate()";"15";"25032";"25032";"352";"352"
"SCRIPT_API";"dw.catalog.ProductInventoryRecord#isPerpetual()";"15";"21157";"21157";"201";"201"
"SCRIPT_API";"dw.catalog.ProductMgr#getProduct(String)";"33";"367891";"367891";"513";"513"
"SCRIPT_API";"dw.catalog.ProductOptionModel#getOptions()";"43";"131299";"131299";"673";"673"
"SCRIPT_API";"dw.catalog.ProductPriceInfo#getPriceBook()";"40";"52461";"52461";"809";"809"
"SCRIPT_API";"dw.catalog.ProductPriceModel#getPrice()";"32";"701443";"701443";"364";"364"
"SCRIPT_API";"dw.catalog.ProductPriceModel#getPrice(dw.value.Quantity)";"14";"901953";"901953";"0";"0"
"SCRIPT_API";"dw.catalog.ProductPriceModel#getPriceBookPrice(String)";"16";"5599684";"5599684";"3365804";"3365804"
"SCRIPT_API";"dw.catalog.ProductPriceModel#getPriceInfo()";"52";"26643456";"26643456";"23630177";"23630177"
"SCRIPT_API";"dw.catalog.ProductPriceModel#getPriceTable()";"16";"5132886";"5132886";"3759518";"3759518"
"SCRIPT_API";"dw.catalog.ProductPriceModel#isPriceRange()";"1";"4041249";"4041249";"3004376";"3004376"
"SCRIPT_API";"dw.catalog.ProductPriceTable#getQuantities()";"16";"59560";"59560";"176";"176"
"SCRIPT_API";"dw.catalog.ProductSearchHit#getDiscountedPromotionIDs()";"12";"615468";"615468";"134";"134"
"SCRIPT_API";"dw.catalog.ProductSearchHit#getFirstRepresentedProduct()";"12";"141931";"141931";"753";"753"
"SCRIPT_API";"dw.catalog.ProductSearchHit#getMaxPrice()";"25";"57193";"57193";"64";"64"
"SCRIPT_API";"dw.catalog.ProductSearchHit#getMinPrice()";"25";"142611";"142611";"51";"51"
"SCRIPT_API";"dw.catalog.ProductSearchHit#getProduct()";"1";"11452";"11452";"0";"0"
"SCRIPT_API";"dw.catalog.ProductSearchHit#getProductID()";"48";"34433";"34433";"1404";"1404"
"SCRIPT_API";"dw.catalog.ProductSearchHit#getRepresentedVariationValues(Object)";"12";"825790";"825790";"0";"0"
"SCRIPT_API";"dw.catalog.ProductSearchModel#getCategory()";"22";"20696";"20696";"1167";"1167"
"SCRIPT_API";"dw.catalog.ProductSearchModel#getPageMetaTags()";"2";"60261";"60261";"0";"0"
"SCRIPT_API";"dw.catalog.ProductSearchModel#getProductSearchHit(dw.catalog.Product)";"13";"3005216";"3005216";"0";"0"
"SCRIPT_API";"dw.catalog.ProductSearchModel#getProductSearchHits()";"4";"6296216";"6296216";"0";"0"
"SCRIPT_API";"dw.catalog.ProductSearchModel#getRefinements()";"4";"161833";"161833";"0";"0"
"SCRIPT_API";"dw.catalog.ProductSearchModel#getSearchPhraseSuggestions()";"2";"13061";"13061";"16";"16"
"SCRIPT_API";"dw.catalog.ProductSearchModel#isCategorySearch()";"4";"6006";"6006";"64";"64"
"SCRIPT_API";"dw.catalog.ProductSearchModel#isPersonalizedSort()";"1";"4715";"4715";"44";"44"
"SCRIPT_API";"dw.catalog.ProductSearchModel#isRefinedCategorySearch()";"2";"7511";"7511";"42";"42"
"SCRIPT_API";"dw.catalog.ProductSearchModel#search()";"15";"47708358";"47708358";"27351209";"27351209"
"SCRIPT_API";"dw.catalog.ProductSearchModel#setCategoryID(String)";"2";"8576";"8576";"15";"15"
"SCRIPT_API";"dw.catalog.ProductSearchModel#setPriceMax(Number)";"2";"3912";"3912";"21";"21"
"SCRIPT_API";"dw.catalog.ProductSearchModel#setPriceMin(Number)";"2";"5440";"5440";"0";"0"
"SCRIPT_API";"dw.catalog.ProductSearchModel#setRecursiveCategorySearch(Boolean)";"2";"4702";"4702";"23";"23"
"SCRIPT_API";"dw.catalog.ProductSearchModel()";"15";"2427599";"2427599";"995466";"995466"
"SCRIPT_API";"dw.catalog.ProductVariationAttribute#getAttributeID()";"124";"160984";"160984";"15597";"15597"
"SCRIPT_API";"dw.catalog.ProductVariationAttribute#getDisplayName()";"40";"593508";"593508";"0";"0"
"SCRIPT_API";"dw.catalog.ProductVariationAttribute#getID()";"89";"80517";"80517";"1475";"1475"
"SCRIPT_API";"dw.catalog.ProductVariationAttributeValue#equals(Object)";"77";"108812";"108812";"2041";"2041"
"SCRIPT_API";"dw.catalog.ProductVariationAttributeValue#getDescription()";"92";"333736";"333736";"0";"0"
"SCRIPT_API";"dw.catalog.ProductVariationAttributeValue#getDisplayValue()";"170";"440385";"440385";"0";"0"
"SCRIPT_API";"dw.catalog.ProductVariationAttributeValue#getID()";"97";"98133";"98133";"1580";"1580"
"SCRIPT_API";"dw.catalog.ProductVariationAttributeValue#getImage(String,Number)";"12";"814954";"814954";"0";"0"
"SCRIPT_API";"dw.catalog.ProductVariationAttributeValue#getImages(String)";"20";"1430443";"1430443";"0";"0"
"SCRIPT_API";"dw.catalog.ProductVariationAttributeValue#getValue()";"108";"571893";"571893";"0";"0"
"SCRIPT_API";"dw.catalog.ProductVariationModel#getAllValues(dw.catalog.ProductVariationAttribute)";"47";"481700";"481700";"0";"0"
"SCRIPT_API";"dw.catalog.ProductVariationModel#getImages(String)";"4";"631589";"631589";"0";"0"
"SCRIPT_API";"dw.catalog.ProductVariationModel#getMaster()";"20";"38872";"38872";"448";"448"
"SCRIPT_API";"dw.catalog.ProductVariationModel#getProductVariationAttributes()";"24";"195154";"195154";"1032";"1032"
"SCRIPT_API";"dw.catalog.ProductVariationModel#getSelectedValue(dw.catalog.ProductVariationAttribute)";"40";"641307";"641307";"0";"0"
"SCRIPT_API";"dw.catalog.ProductVariationModel#getSelectedVariant()";"22";"88802";"88802";"781";"781"
"SCRIPT_API";"dw.catalog.ProductVariationModel#getVariants()";"2";"57331";"57331";"0";"0"
"SCRIPT_API";"dw.catalog.ProductVariationModel#hasOrderableVariants(dw.catalog.ProductVariationAttribute,dw.catalog.ProductVariationAttributeValue)";"80";"6496141";"6496141";"0";"0"
"SCRIPT_API";"dw.catalog.ProductVariationModel#setSelectedAttributeValue(String,String)";"3";"18993";"18993";"0";"0"
"SCRIPT_API";"dw.catalog.ProductVariationModel#url(String,Object[])";"2";"33233";"33233";"0";"0"
"SCRIPT_API";"dw.catalog.ProductVariationModel#urlSelectVariationValue(String,dw.catalog.ProductVariationAttribute,dw.catalog.ProductVariationAttributeValue)";"41";"1077810";"1077810";"0";"0"
"SCRIPT_API";"dw.catalog.ProductVariationModel#urlUnselectVariationValue(String,dw.catalog.ProductVariationAttribute)";"39";"1394865";"1394865";"0";"0"
"SCRIPT_API";"dw.catalog.SearchModel#getCount()";"19";"141940";"141940";"537";"537"
"SCRIPT_API";"dw.catalog.SearchModel#getSearchPhrase()";"2";"4993";"4993";"36";"36"
"SCRIPT_API";"dw.catalog.SearchModel#setSearchPhrase(String)";"13";"30794";"30794";"103";"103"
"SCRIPT_API";"dw.catalog.SearchModel#url(String)";"4";"47013";"47013";"0";"0"
"SCRIPT_API";"dw.catalog.SearchRefinements#getRefinementDefinitions()";"2";"23955";"23955";"0";"0"
"SCRIPT_API";"dw.catalog.Variant#getBrand()";"19";"67331";"67331";"170";"170"
"SCRIPT_API";"dw.catalog.Variant#getLongDescription()";"2";"77406";"77406";"0";"0"
"SCRIPT_API";"dw.catalog.Variant#getMasterProduct()";"1";"4767";"4767";"21";"21"
"SCRIPT_API";"dw.catalog.Variant#getName()";"19";"1160855";"1160855";"0";"0"
"SCRIPT_API";"dw.catalog.Variant#getPageDescription()";"1";"25769";"25769";"0";"0"
"SCRIPT_API";"dw.catalog.Variant#getPageKeywords()";"1";"23000";"23000";"0";"0"
"SCRIPT_API";"dw.catalog.Variant#getPageTitle()";"1";"45360";"45360";"0";"0"
"SCRIPT_API";"dw.catalog.Variant#getShortDescription()";"2";"39354";"39354";"0";"0"
"SCRIPT_API";"dw.catalog.Variant#getTemplate()";"1";"16433";"16433";"39";"39"
"SCRIPT_API";"dw.content.ContentMgr#getContent(String)";"53";"1098022";"1098022";"2000";"2000"
"SCRIPT_API";"dw.content.MarkupText#getMarkup()";"4";"29334";"29334";"53";"53"
"SCRIPT_API";"dw.content.MediaFile#getAbsURL()";"58";"678961";"678961";"0";"0"
"SCRIPT_API";"dw.content.MediaFile#getAlt()";"70";"80419";"80419";"2201";"2201"
"SCRIPT_API";"dw.content.MediaFile#getTitle()";"70";"72084";"72084";"1947";"1947"
"SCRIPT_API";"dw.content.MediaFile#getURL()";"70";"66382395";"66382395";"58830265";"58830265"
"SCRIPT_API";"dw.customer.AddressBook#getAddresses()";"173";"287947";"287947";"22401";"22401"
"SCRIPT_API";"dw.customer.AddressBook#getPreferredAddress()";"38";"183362";"183362";"0";"0"
"SCRIPT_API";"dw.customer.AuthenticationStatus#getStatus()";"2";"355733";"355733";"0";"0"
"SCRIPT_API";"dw.customer.Customer#getAddressBook()";"218";"304813";"304813";"2247";"2247"
"SCRIPT_API";"dw.customer.Customer#getExternalProfiles()";"16";"95320";"95320";"26";"26"
"SCRIPT_API";"dw.customer.Customer#getID()";"2";"4956";"4956";"44";"44"
"SCRIPT_API";"dw.customer.Customer#getOrderHistory()";"2";"6388";"6388";"37";"37"
"SCRIPT_API";"dw.customer.Customer#getProfile()";"275";"398293";"398293";"4405";"4405"
"SCRIPT_API";"dw.customer.Customer#isAuthenticated()";"45";"136117";"136117";"578";"578"
"SCRIPT_API";"dw.customer.Customer#isExternallyAuthenticated()";"5";"40412";"40412";"0";"0"
"SCRIPT_API";"dw.customer.Customer#isRegistered()";"7";"21179";"21179";"0";"0"
"SCRIPT_API";"dw.customer.CustomerAddress#getAddress1()";"76";"103929";"103929";"2723";"2723"
"SCRIPT_API";"dw.customer.CustomerAddress#getAddress2()";"76";"68596";"68596";"1098";"1098"
"SCRIPT_API";"dw.customer.CustomerAddress#getCity()";"76";"74934";"74934";"846";"846"
"SCRIPT_API";"dw.customer.CustomerAddress#getCompanyName()";"76";"70048";"70048";"999";"999"
"SCRIPT_API";"dw.customer.CustomerAddress#getCountryCode()";"152";"1395410";"1395410";"0";"0"
"SCRIPT_API";"dw.customer.CustomerAddress#getFirstName()";"76";"79884";"79884";"1558";"1558"
"SCRIPT_API";"dw.customer.CustomerAddress#getID()";"83";"90465";"90465";"1370";"1370"
"SCRIPT_API";"dw.customer.CustomerAddress#getLastName()";"76";"142614";"142614";"319";"319"
"SCRIPT_API";"dw.customer.CustomerAddress#getPhone()";"76";"101527";"101527";"442";"442"
"SCRIPT_API";"dw.customer.CustomerAddress#getPostBox()";"76";"85472";"85472";"776";"776"
"SCRIPT_API";"dw.customer.CustomerAddress#getPostalCode()";"76";"107071";"107071";"18720";"18720"
"SCRIPT_API";"dw.customer.CustomerAddress#getSalutation()";"76";"106933";"106933";"418";"418"
"SCRIPT_API";"dw.customer.CustomerAddress#getSecondName()";"76";"101925";"101925";"167";"167"
"SCRIPT_API";"dw.customer.CustomerAddress#getStateCode()";"76";"91081";"91081";"558";"558"
"SCRIPT_API";"dw.customer.CustomerAddress#getSuffix()";"76";"87668";"87668";"695";"695"
"SCRIPT_API";"dw.customer.CustomerAddress#getSuite()";"76";"85233";"85233";"452";"452"
"SCRIPT_API";"dw.customer.CustomerAddress#getTitle()";"76";"76807";"76807";"343";"343"
"SCRIPT_API";"dw.customer.CustomerAddress#isEquivalentAddress(Object)";"7";"154827";"154827";"0";"0"
"SCRIPT_API";"dw.customer.CustomerMgr#authenticateCustomer(String,String)";"1";"8197671";"8197671";"4240215";"4240215"
"SCRIPT_API";"dw.customer.CustomerMgr#getCustomerByCustomerNumber(String)";"2";"3206936";"3206936";"2841649";"2841649"
"SCRIPT_API";"dw.customer.CustomerMgr#loginCustomer(dw.customer.AuthenticationStatus,Boolean)";"1";"3205030";"3205030";"1667164";"1667164"
"SCRIPT_API";"dw.customer.CustomerMgr#searchProfiles(String,String,Object[])";"6";"17621372";"17621372";"12735938";"12735938"
"SCRIPT_API";"dw.customer.CustomerPaymentInstrument#getCreditCardNumber()";"38";"243519";"243519";"0";"0"
"SCRIPT_API";"dw.customer.OrderHistory#getOrderCount()";"1";"3216661";"3216661";"2981925";"2981925"
"SCRIPT_API";"dw.customer.OrderHistory#getOrders(String,String,Object[])";"1";"3082484";"3082484";"1072912";"1072912"
"SCRIPT_API";"dw.customer.Profile#getCustomerNo()";"110";"164044";"164044";"11928";"11928"
"SCRIPT_API";"dw.customer.Profile#getEmail()";"74";"103241";"103241";"1523";"1523"
"SCRIPT_API";"dw.customer.Profile#getFirstName()";"38";"62931";"62931";"460";"460"
"SCRIPT_API";"dw.customer.Profile#getLastName()";"38";"61367";"61367";"376";"376"
"SCRIPT_API";"dw.customer.Profile#getPhoneHome()";"38";"54776";"54776";"426";"426"
"SCRIPT_API";"dw.customer.Profile#getWallet()";"39";"50829";"50829";"381";"381"
"SCRIPT_API";"dw.customer.Wallet#getPaymentInstruments()";"39";"1781184";"1781184";"1118487";"1118487"
"SCRIPT_API";"dw.experience.PageMgr#getPage(String)";"1";"48423";"48423";"0";"0"
"SCRIPT_API";"dw.experience.PageMgr#getPageByCategory(dw.catalog.Category,Boolean,String)";"2";"6079161";"6079161";"3478494";"3478494"
"SCRIPT_API";"dw.io.PrintWriter#print(String)";"8";"113150";"113150";"1782";"1782"
"SCRIPT_API";"dw.net.Mail#addTo(String)";"1";"3491";"3491";"74";"74"
"SCRIPT_API";"dw.net.Mail#send()";"1";"217576";"217576";"0";"0"
"SCRIPT_API";"dw.net.Mail#setContent(String,String,String)";"1";"4162";"4162";"0";"0"
"SCRIPT_API";"dw.net.Mail#setFrom(String)";"1";"1773";"1773";"8";"8"
"SCRIPT_API";"dw.net.Mail#setSubject(String)";"1";"1740";"1740";"18";"18"
"SCRIPT_API";"dw.net.Mail()";"1";"5659";"5659";"95";"95"
"SCRIPT_API";"dw.object.ExtensibleObject#getCustom()";"449";"1453107";"1453107";"9550";"9550"
"SCRIPT_API";"dw.object.ObjectAttributeDefinition#getDisplayName()";"34";"607922";"607922";"0";"0"
"SCRIPT_API";"dw.object.ObjectAttributeDefinition#getUnit()";"17";"30923";"30923";"152";"152"
"SCRIPT_API";"dw.object.PersistentObject#getCreationDate()";"8";"37896";"37896";"179";"179"
"SCRIPT_API";"dw.object.PersistentObject#getUUID()";"172";"322275";"322275";"5603";"5603"
"SCRIPT_API";"dw.order.BasketMgr#getCurrentBasket()";"30";"2965644";"2965644";"219";"219"
"SCRIPT_API";"dw.order.BasketMgr#getCurrentOrNewBasket()";"2";"1950288";"1950288";"0";"0"
"SCRIPT_API";"dw.order.LineItem#getBasePrice()";"1";"4674";"4674";"0";"0"
"SCRIPT_API";"dw.order.LineItem#getGrossPrice()";"1";"3516";"3516";"0";"0"
"SCRIPT_API";"dw.order.LineItem#getLineItemText()";"28";"36361";"36361";"709";"709"
"SCRIPT_API";"dw.order.LineItem#getNetPrice()";"1";"2946";"2946";"4";"4"
"SCRIPT_API";"dw.order.LineItem#getTax()";"1";"2815";"2815";"2";"2"
"SCRIPT_API";"dw.order.LineItem#getTaxClassID()";"42";"48320";"48320";"702";"702"
"SCRIPT_API";"dw.order.LineItem#getTaxRate()";"28";"36263";"36263";"342";"342"
"SCRIPT_API";"dw.order.LineItem#updateTax(Number)";"14";"1001289";"1001289";"0";"0"
"SCRIPT_API";"dw.order.LineItemCtnr#createBillingAddress()";"1";"87230";"87230";"0";"0"
"SCRIPT_API";"dw.order.LineItemCtnr#createPaymentInstrument(String,dw.value.Money)";"1";"143265";"143265";"0";"0"
"SCRIPT_API";"dw.order.LineItemCtnr#createProductLineItem(dw.catalog.Product,dw.catalog.ProductOptionModel,dw.order.Shipment)";"1";"2123116";"2123116";"0";"0"
"SCRIPT_API";"dw.order.LineItemCtnr#getAdjustedMerchandizeTotalGrossPrice()";"1";"2833";"2833";"13";"13"
"SCRIPT_API";"dw.order.LineItemCtnr#getAdjustedMerchandizeTotalNetPrice()";"1";"4175";"4175";"0";"0"
"SCRIPT_API";"dw.order.LineItemCtnr#getAdjustedMerchandizeTotalPrice(Boolean)";"31";"329739";"329739";"0";"0"
"SCRIPT_API";"dw.order.LineItemCtnr#getAdjustedMerchandizeTotalTax()";"1";"3509";"3509";"0";"0"
"SCRIPT_API";"dw.order.LineItemCtnr#getAdjustedShippingTotalGrossPrice()";"1";"27292";"27292";"0";"0"
"SCRIPT_API";"dw.order.LineItemCtnr#getAdjustedShippingTotalNetPrice()";"1";"3454";"3454";"0";"0"
"SCRIPT_API";"dw.order.LineItemCtnr#getAdjustedShippingTotalPrice()";"11";"75153";"75153";"0";"0"
"SCRIPT_API";"dw.order.LineItemCtnr#getAdjustedShippingTotalTax()";"1";"3367";"3367";"0";"0"
"SCRIPT_API";"dw.order.LineItemCtnr#getAllLineItems()";"10";"72644";"72644";"1211";"1211"
"SCRIPT_API";"dw.order.LineItemCtnr#getAllProductLineItems()";"14";"75320";"75320";"0";"0"
"SCRIPT_API";"dw.order.LineItemCtnr#getAllShippingPriceAdjustments()";"9";"29823";"29823";"36";"36"
"SCRIPT_API";"dw.order.LineItemCtnr#getBillingAddress()";"27";"168175";"168175";"297";"297"
"SCRIPT_API";"dw.order.LineItemCtnr#getBonusDiscountLineItems()";"14";"87103";"87103";"275";"275"
"SCRIPT_API";"dw.order.LineItemCtnr#getBonusLineItems()";"4";"28566";"28566";"43";"43"
"SCRIPT_API";"dw.order.LineItemCtnr#getCouponLineItems()";"12";"62323";"62323";"402";"402"
"SCRIPT_API";"dw.order.LineItemCtnr#getCurrencyCode()";"4";"13004";"13004";"63";"63"
"SCRIPT_API";"dw.order.LineItemCtnr#getCustomer()";"8";"50957";"50957";"144";"144"
"SCRIPT_API";"dw.order.LineItemCtnr#getCustomerEmail()";"10";"30185";"30185";"339";"339"
"SCRIPT_API";"dw.order.LineItemCtnr#getDefaultShipment()";"10";"52710";"52710";"261";"261"
"SCRIPT_API";"dw.order.LineItemCtnr#getGiftCertificateLineItems()";"7";"72867";"72867";"0";"0"
"SCRIPT_API";"dw.order.LineItemCtnr#getMerchandizeTotalGrossPrice()";"1";"3465";"3465";"12";"12"
"SCRIPT_API";"dw.order.LineItemCtnr#getMerchandizeTotalNetPrice()";"1";"5406";"5406";"9";"9"
"SCRIPT_API";"dw.order.LineItemCtnr#getMerchandizeTotalPrice()";"5";"85356";"85356";"0";"0"
"SCRIPT_API";"dw.order.LineItemCtnr#getMerchandizeTotalTax()";"1";"4681";"4681";"11";"11"
"SCRIPT_API";"dw.order.LineItemCtnr#getPaymentInstruments()";"11";"338979";"338979";"180394";"180394"
"SCRIPT_API";"dw.order.LineItemCtnr#getPaymentInstruments(String)";"1";"17970";"17970";"32";"32"
"SCRIPT_API";"dw.order.LineItemCtnr#getPriceAdjustments()";"19";"90874";"90874";"0";"0"
"SCRIPT_API";"dw.order.LineItemCtnr#getProductLineItems()";"26";"263139";"263139";"40";"40"
"SCRIPT_API";"dw.order.LineItemCtnr#getProductQuantities()";"14";"217564";"217564";"1795";"1795"
"SCRIPT_API";"dw.order.LineItemCtnr#getProductQuantityTotal()";"14";"60135";"60135";"298";"298"
"SCRIPT_API";"dw.order.LineItemCtnr#getShipments()";"64";"340180";"340180";"946";"946"
"SCRIPT_API";"dw.order.LineItemCtnr#getShippingPriceAdjustments()";"7";"63831";"63831";"0";"0"
"SCRIPT_API";"dw.order.LineItemCtnr#getShippingTotalGrossPrice()";"1";"2935";"2935";"0";"0"
"SCRIPT_API";"dw.order.LineItemCtnr#getShippingTotalNetPrice()";"1";"6596";"6596";"0";"0"
"SCRIPT_API";"dw.order.LineItemCtnr#getShippingTotalPrice()";"20";"207532";"207532";"0";"0"
"SCRIPT_API";"dw.order.LineItemCtnr#getShippingTotalTax()";"1";"3151";"3151";"0";"0"
"SCRIPT_API";"dw.order.LineItemCtnr#getTotalGrossPrice()";"21";"81025";"81025";"484";"484"
"SCRIPT_API";"dw.order.LineItemCtnr#getTotalNetPrice()";"2";"12120";"12120";"0";"0"
"SCRIPT_API";"dw.order.LineItemCtnr#getTotalTax()";"10";"40099";"40099";"0";"0"
"SCRIPT_API";"dw.order.LineItemCtnr#setCustomerEmail(String)";"1";"19604";"19604";"0";"0"
"SCRIPT_API";"dw.order.LineItemCtnr#updateTotals()";"7";"838498";"838498";"543980";"543980"
"SCRIPT_API";"dw.order.Order#getCreatedBy()";"1";"6040";"6040";"24";"24"
"SCRIPT_API";"dw.order.Order#getOrderNo()";"5";"21506";"21506";"254";"254"
"SCRIPT_API";"dw.order.Order#getOrderToken()";"1";"478017";"478017";"0";"0"
"SCRIPT_API";"dw.order.Order#getStatus()";"3";"144570";"144570";"0";"0"
"SCRIPT_API";"dw.order.Order#setConfirmationStatus(Number)";"1";"11977";"11977";"63";"63"
"SCRIPT_API";"dw.order.Order#setExportStatus(Number)";"1";"55860";"55860";"0";"0"
"SCRIPT_API";"dw.order.OrderAddress#getAddress1()";"23";"46353";"46353";"545";"545"
"SCRIPT_API";"dw.order.OrderAddress#getAddress2()";"15";"24695";"24695";"304";"304"
"SCRIPT_API";"dw.order.OrderAddress#getCity()";"15";"26770";"26770";"201";"201"
"SCRIPT_API";"dw.order.OrderAddress#getCompanyName()";"15";"27125";"27125";"173";"173"
"SCRIPT_API";"dw.order.OrderAddress#getCountryCode()";"29";"340214";"340214";"0";"0"
"SCRIPT_API";"dw.order.OrderAddress#getFirstName()";"22";"32127";"32127";"386";"386"
"SCRIPT_API";"dw.order.OrderAddress#getFullName()";"1";"7704";"7704";"3";"3"
"SCRIPT_API";"dw.order.OrderAddress#getJobTitle()";"15";"23837";"23837";"305";"305"
"SCRIPT_API";"dw.order.OrderAddress#getLastName()";"15";"28235";"28235";"135";"135"
"SCRIPT_API";"dw.order.OrderAddress#getPhone()";"16";"26313";"26313";"328";"328"
"SCRIPT_API";"dw.order.OrderAddress#getPostBox()";"15";"20145";"20145";"112";"112"
"SCRIPT_API";"dw.order.OrderAddress#getPostalCode()";"15";"23284";"23284";"215";"215"
"SCRIPT_API";"dw.order.OrderAddress#getSalutation()";"15";"19700";"19700";"174";"174"
"SCRIPT_API";"dw.order.OrderAddress#getSecondName()";"15";"37189";"37189";"72";"72"
"SCRIPT_API";"dw.order.OrderAddress#getStateCode()";"15";"33452";"33452";"206";"206"
"SCRIPT_API";"dw.order.OrderAddress#getSuffix()";"15";"27346";"27346";"90";"90"
"SCRIPT_API";"dw.order.OrderAddress#getSuite()";"15";"24006";"24006";"115";"115"
"SCRIPT_API";"dw.order.OrderAddress#getTitle()";"15";"27896";"27896";"111";"111"
"SCRIPT_API";"dw.order.OrderAddress#isEquivalentAddress(Object)";"7";"86959";"86959";"0";"0"
"SCRIPT_API";"dw.order.OrderAddress#setAddress1(String)";"5";"13856";"13856";"55";"55"
"SCRIPT_API";"dw.order.OrderAddress#setAddress2(String)";"5";"10527";"10527";"53";"53"
"SCRIPT_API";"dw.order.OrderAddress#setCity(String)";"5";"12151";"12151";"34";"34"
"SCRIPT_API";"dw.order.OrderAddress#setCountryCode(String)";"5";"13467";"13467";"58";"58"
"SCRIPT_API";"dw.order.OrderAddress#setFirstName(String)";"5";"49330";"49330";"55";"55"
"SCRIPT_API";"dw.order.OrderAddress#setLastName(String)";"5";"12944";"12944";"59";"59"
"SCRIPT_API";"dw.order.OrderAddress#setPhone(String)";"5";"11972";"11972";"73";"73"
"SCRIPT_API";"dw.order.OrderAddress#setPostalCode(String)";"5";"12722";"12722";"65";"65"
"SCRIPT_API";"dw.order.OrderAddress#setStateCode(String)";"5";"11765";"11765";"48";"48"
"SCRIPT_API";"dw.order.OrderMgr#createOrder(dw.order.Basket)";"1";"30681683";"30681683";"15435296";"15435296"
"SCRIPT_API";"dw.order.OrderMgr#getOrder(String,String)";"1";"991430";"991430";"0";"0"
"SCRIPT_API";"dw.order.OrderMgr#placeOrder(dw.order.Order)";"1";"7453709";"7453709";"5108442";"5108442"
"SCRIPT_API";"dw.order.OrderPaymentInstrument#getPaymentTransaction()";"8";"389305";"389305";"0";"0"
"SCRIPT_API";"dw.order.PaymentCard#getCardType()";"28";"34112";"34112";"784";"784"
"SCRIPT_API";"dw.order.PaymentCard#getName()";"28";"349621";"349621";"0";"0"
"SCRIPT_API";"dw.order.PaymentInstrument#getCreditCardExpirationMonth()";"42";"159847";"159847";"13";"13"
"SCRIPT_API";"dw.order.PaymentInstrument#getCreditCardExpirationYear()";"42";"96262";"96262";"409";"409"
"SCRIPT_API";"dw.order.PaymentInstrument#getCreditCardHolder()";"42";"89675";"89675";"860";"860"
"SCRIPT_API";"dw.order.PaymentInstrument#getCreditCardNumberLastDigits()";"4";"1204493";"1204493";"0";"0"
"SCRIPT_API";"dw.order.PaymentInstrument#getCreditCardToken()";"1";"7296";"7296";"4";"4"
"SCRIPT_API";"dw.order.PaymentInstrument#getCreditCardType()";"43";"79238";"79238";"529";"529"
"SCRIPT_API";"dw.order.PaymentInstrument#getMaskedCreditCardNumber()";"42";"1392096";"1392096";"0";"0"
"SCRIPT_API";"dw.order.PaymentInstrument#getPaymentMethod()";"12";"26236";"26236";"367";"367"
"SCRIPT_API";"dw.order.PaymentInstrument#setCreditCardExpirationMonth(Number)";"1";"13485";"13485";"0";"0"
"SCRIPT_API";"dw.order.PaymentInstrument#setCreditCardExpirationYear(Number)";"1";"4323";"4323";"0";"0"
"SCRIPT_API";"dw.order.PaymentInstrument#setCreditCardHolder(String)";"1";"41894";"41894";"7";"7"
"SCRIPT_API";"dw.order.PaymentInstrument#setCreditCardNumber(String)";"1";"224659";"224659";"0";"0"
"SCRIPT_API";"dw.order.PaymentInstrument#setCreditCardToken(String)";"1";"64328";"64328";"0";"0"
"SCRIPT_API";"dw.order.PaymentInstrument#setCreditCardType(String)";"1";"5017";"5017";"27";"27"
"SCRIPT_API";"dw.order.PaymentMethod#getApplicablePaymentCards(dw.customer.Customer,String,Number)";"9";"622409";"622409";"0";"0"
"SCRIPT_API";"dw.order.PaymentMethod#getID()";"7";"23150";"23150";"229";"229"
"SCRIPT_API";"dw.order.PaymentMethod#getName()";"7";"260026";"260026";"0";"0"
"SCRIPT_API";"dw.order.PaymentMethod#getPaymentProcessor()";"4";"69625";"69625";"0";"0"
"SCRIPT_API";"dw.order.PaymentMgr#getApplicablePaymentMethods(dw.customer.Customer,String,Number)";"8";"2783316";"2783316";"2090199";"2090199"
"SCRIPT_API";"dw.order.PaymentMgr#getPaymentCard(String)";"3";"32301";"32301";"196";"196"
"SCRIPT_API";"dw.order.PaymentMgr#getPaymentMethod(String)";"14";"135249";"135249";"7";"7"
"SCRIPT_API";"dw.order.PaymentProcessor#getID()";"8";"17735";"17735";"125";"125"
"SCRIPT_API";"dw.order.PaymentTransaction#getAmount()";"4";"31977";"31977";"0";"0"
"SCRIPT_API";"dw.order.PaymentTransaction#setAmount(dw.value.Money)";"2";"18263";"18263";"2";"2"
"SCRIPT_API";"dw.order.PaymentTransaction#setPaymentProcessor(dw.order.PaymentProcessor)";"1";"12973";"12973";"0";"0"
"SCRIPT_API";"dw.order.PaymentTransaction#setTransactionID(String)";"1";"20231";"20231";"0";"0"
"SCRIPT_API";"dw.order.ProductLineItem#getAdjustedGrossPrice()";"1";"2817";"2817";"0";"0"
"SCRIPT_API";"dw.order.ProductLineItem#getAdjustedNetPrice()";"1";"4427";"4427";"0";"0"
"SCRIPT_API";"dw.order.ProductLineItem#getAdjustedPrice()";"18";"115960";"115960";"0";"0"
"SCRIPT_API";"dw.order.ProductLineItem#getAdjustedTax()";"1";"3288";"3288";"0";"0"
"SCRIPT_API";"dw.order.ProductLineItem#getManufacturerName()";"1";"2025";"2025";"0";"0"
"SCRIPT_API";"dw.order.ProductLineItem#getOptionProductLineItems()";"54";"248208";"248208";"127";"127"
"SCRIPT_API";"dw.order.ProductLineItem#getPriceAdjustments()";"39";"257961";"257961";"1012";"1012"
"SCRIPT_API";"dw.order.ProductLineItem#getProduct()";"116";"3242976";"3242976";"0";"0"
"SCRIPT_API";"dw.order.ProductLineItem#getProductID()";"1";"4051";"4051";"0";"0"
"SCRIPT_API";"dw.order.ProductLineItem#getProductInventoryListID()";"14";"35094";"35094";"276";"276"
"SCRIPT_API";"dw.order.ProductLineItem#getProductName()";"1";"2494";"2494";"14";"14"
"SCRIPT_API";"dw.order.ProductLineItem#getQuantity()";"38";"94379";"94379";"776";"776"
"SCRIPT_API";"dw.order.ProductLineItem#getQuantityValue()";"8";"58043";"58043";"3763";"3763"
"SCRIPT_API";"dw.order.ProductLineItem#getShipment()";"18";"92380";"92380";"222";"222"
"SCRIPT_API";"dw.order.ProductLineItem#isBonusProductLineItem()";"51";"78840";"78840";"1201";"1201"
"SCRIPT_API";"dw.order.ProductLineItem#isBundledProductLineItem()";"14";"18551";"18551";"183";"183"
"SCRIPT_API";"dw.order.ProductLineItem#isCatalogProduct()";"14";"34329";"34329";"211";"211"
"SCRIPT_API";"dw.order.ProductLineItem#isGift()";"18";"55495";"55495";"675";"675"
"SCRIPT_API";"dw.order.ProductLineItem#isOptionProductLineItem()";"14";"22153";"22153";"180";"180"
"SCRIPT_API";"dw.order.ProductLineItem#setPriceValue(Number)";"14";"194150";"194150";"0";"0"
"SCRIPT_API";"dw.order.ProductLineItem#setQuantityValue(Number)";"1";"9963";"9963";"0";"0"
"SCRIPT_API";"dw.order.Shipment#createShippingAddress()";"1";"442686";"442686";"0";"0"
"SCRIPT_API";"dw.order.Shipment#getAllLineItems()";"7";"124385";"124385";"0";"0"
"SCRIPT_API";"dw.order.Shipment#getGiftMessage()";"9";"21463";"21463";"220";"220"
"SCRIPT_API";"dw.order.Shipment#getProductLineItems()";"13";"96004";"96004";"0";"0"
"SCRIPT_API";"dw.order.Shipment#getShippingAddress()";"66";"170227";"170227";"2128";"2128"
"SCRIPT_API";"dw.order.Shipment#getShippingMethod()";"60";"181239";"181239";"969";"969"
"SCRIPT_API";"dw.order.Shipment#getShippingPriceAdjustments()";"3";"32217";"32217";"67";"67"
"SCRIPT_API";"dw.order.Shipment#isGift()";"9";"26260";"26260";"308";"308"
"SCRIPT_API";"dw.order.Shipment#setGift(Boolean)";"2";"8927";"8927";"41";"41"
"SCRIPT_API";"dw.order.Shipment#setGiftMessage(String)";"2";"4532";"4532";"29";"29"
"SCRIPT_API";"dw.order.Shipment#setShippingMethod(dw.order.ShippingMethod)";"3";"27039";"27039";"21";"21"
"SCRIPT_API";"dw.order.ShipmentShippingCost#getAmount()";"98";"69659";"69659";"2336";"2336"
"SCRIPT_API";"dw.order.ShipmentShippingModel#getApplicableShippingMethods()";"12";"4433147";"4433147";"2078103";"2078103"
"SCRIPT_API";"dw.order.ShipmentShippingModel#getShippingCost(dw.order.ShippingMethod)";"49";"3202661";"3202661";"0";"0"
"SCRIPT_API";"dw.order.ShippingLocation(dw.order.OrderAddress)";"5";"294926";"294926";"0";"0"
"SCRIPT_API";"dw.order.ShippingMethod#getDescription()";"49";"399857";"399857";"0";"0"
"SCRIPT_API";"dw.order.ShippingMethod#getDisplayName()";"49";"539605";"539605";"0";"0"
"SCRIPT_API";"dw.order.ShippingMethod#getID()";"151";"132924";"132924";"5849";"5849"
"SCRIPT_API";"dw.order.ShippingMethod#isDefaultMethod()";"49";"57669";"57669";"2858";"2858"
"SCRIPT_API";"dw.order.ShippingMgr#applyShippingCost(dw.order.LineItemCtnr)";"7";"2061146";"2061146";"0";"0"
"SCRIPT_API";"dw.order.ShippingMgr#getDefaultShippingMethod()";"3";"100135";"100135";"0";"0"
"SCRIPT_API";"dw.order.ShippingMgr#getShipmentShippingModel(dw.order.Shipment)";"61";"71690";"71690";"2176";"2176"
"SCRIPT_API";"dw.order.TaxMgr#getCustomRateTaxClassID()";"14";"14842";"14842";"610";"610"
"SCRIPT_API";"dw.order.TaxMgr#getDefaultTaxJurisdictionID()";"2";"37962";"37962";"0";"0"
"SCRIPT_API";"dw.order.TaxMgr#getTaxJurisdictionID(dw.order.ShippingLocation)";"5";"137246";"137246";"0";"0"
"SCRIPT_API";"dw.order.TaxMgr#getTaxRate(String,String)";"14";"145300";"145300";"0";"0"
"SCRIPT_API";"dw.system.HookMgr#callHook(String,String,Object[])";"61";"60023458";"3360353";"17038504";"0"
"SCRIPT_API";"dw.system.HookMgr#hasHook(String)";"643";"4323478";"4323478";"463184";"463184"
"SCRIPT_API";"dw.system.Logger#debug(String,Object[])";"28";"227440";"227440";"0";"0"
"SCRIPT_API";"dw.system.Logger#warn(String,Object[])";"35";"17555276";"17555276";"11017793";"11017793"
"SCRIPT_API";"dw.system.Request#getGeolocation()";"12";"23204";"23204";"110";"110"
"SCRIPT_API";"dw.system.Request#getHttpHeaders()";"625";"9940739";"9940739";"0";"0"
"SCRIPT_API";"dw.system.Request#getHttpHost()";"638";"618327";"618327";"10897";"10897"
"SCRIPT_API";"dw.system.Request#getHttpMethod()";"625";"441777";"441777";"10719";"10719"
"SCRIPT_API";"dw.system.Request#getHttpParameterMap()";"23";"44161";"44161";"2352";"2352"
"SCRIPT_API";"dw.system.Request#getHttpPath()";"625";"836293";"836293";"6834";"6834"
"SCRIPT_API";"dw.system.Request#getHttpQueryString()";"863";"982142";"982142";"71853";"71853"
"SCRIPT_API";"dw.system.Request#getLocale()";"760";"653342";"653342";"45329";"45329"
"SCRIPT_API";"dw.system.Request#getPageMetaData()";"14";"18902";"18902";"1236";"1236"
"SCRIPT_API";"dw.system.Request#getRequestID()";"12";"12337";"12337";"267";"267"
"SCRIPT_API";"dw.system.Request#isHttpSecure()";"625";"548615";"548615";"15485";"15485"
"SCRIPT_API";"dw.system.Request#isIncludeRequest()";"1250";"899498";"899498";"30020";"30020"
"SCRIPT_API";"dw.system.Response#getWriter()";"8";"4725937";"4725937";"0";"0"
"SCRIPT_API";"dw.system.Response#setContentType(String)";"8";"32765";"32765";"1053";"1053"
"SCRIPT_API";"dw.system.Response#setExpires(Date)";"56";"209129";"209129";"8221";"8221"
"SCRIPT_API";"dw.system.Response#setHttpHeader(String,String)";"1250";"1518895";"1518895";"22465";"22465"
"SCRIPT_API";"dw.system.Response#setStatus(Number)";"6";"30943";"30943";"660";"660"
"SCRIPT_API";"dw.system.Response#setVaryBy(String)";"14";"22406";"22406";"175";"175"
"SCRIPT_API";"dw.system.Session#getClickStream()";"2";"8176";"8176";"41";"41"
"SCRIPT_API";"dw.system.Session#getCurrency()";"906";"2203860";"2203860";"4787";"4787"
"SCRIPT_API";"dw.system.Session#getCustom()";"2";"10381";"10381";"51";"51"
"SCRIPT_API";"dw.system.Session#getForms()";"15";"47399";"47399";"5555";"5555"
"SCRIPT_API";"dw.system.Session#getPrivacy()";"64";"120908";"120908";"4592";"4592"
"SCRIPT_API";"dw.system.Site#getAllowedLocales()";"10";"54602";"54602";"54";"54"
"SCRIPT_API";"dw.system.Site#getCalendar()";"2";"98016";"98016";"0";"0"
"SCRIPT_API";"dw.system.Site#getCurrent()";"24";"2986164";"2986164";"2213166";"2213166"
"SCRIPT_API";"dw.system.Site#getCustomPreferenceValue(String)";"1";"42752";"42752";"0";"0"
"SCRIPT_API";"dw.system.Site#getID()";"10";"15439";"15439";"379";"379"
"SCRIPT_API";"dw.system.Site#getPageMetaTags()";"1";"35739";"35739";"160";"160"
"SCRIPT_API";"dw.system.Site#getPreferences()";"12";"167878";"167878";"0";"0"
"SCRIPT_API";"dw.system.Status(Number)";"21";"37785";"37785";"890";"890"
"SCRIPT_API";"dw.system.System#getInstanceType()";"30";"43081";"43081";"1730";"1730"
"SCRIPT_API";"dw.system.Transaction#begin()";"1";"8935";"8935";"50";"50"
"SCRIPT_API";"dw.system.Transaction#commit()";"1";"9976976";"9976976";"8905113";"8905113"
"SCRIPT_API";"dw.system.Transaction#wrap(Function)";"26";"162097479";"86999951";"93169489";"68274178"
"SCRIPT_API";"dw.template.ISML#renderTemplate(String,Object)";"104";"1209967190";"16634131";"971492175";"0"
"SCRIPT_API";"dw.util.ArrayList()";"12";"16629";"16629";"319";"319"
"SCRIPT_API";"dw.util.Calendar#getTime()";"2";"4891";"4891";"36";"36"
"SCRIPT_API";"dw.util.Calendar(Date)";"1";"8011";"8011";"4";"4"
"SCRIPT_API";"dw.util.Collection#contains(Object)";"3";"9715";"9715";"61";"61"
"SCRIPT_API";"dw.util.Collection#getLength()";"271";"382181";"382181";"5184";"5184"
"SCRIPT_API";"dw.util.Collection#isEmpty()";"14";"16477";"16477";"301";"301"
"SCRIPT_API";"dw.util.Collection#iterator()";"521";"627500";"627500";"23918";"23918"
"SCRIPT_API";"dw.util.Collection#size()";"8";"21217";"21217";"80";"80"
"SCRIPT_API";"dw.util.Collection#toArray()";"1";"8284";"8284";"0";"0"
"SCRIPT_API";"dw.util.Currency#getCurrencyCode()";"682";"379433";"379433";"13544";"13544"
"SCRIPT_API";"dw.util.Currency#getDefaultFractionDigits()";"682";"407497";"407497";"10063";"10063"
"SCRIPT_API";"dw.util.Currency#getName()";"682";"373166";"373166";"9393";"9393"
"SCRIPT_API";"dw.util.Currency#getSymbol()";"682";"369963";"369963";"9217";"9217"
"SCRIPT_API";"dw.util.Decimal#get()";"29";"31315";"31315";"635";"635"
"SCRIPT_API";"dw.util.Decimal#toString()";"29";"37890";"37890";"526";"526"
"SCRIPT_API";"dw.util.Geolocation#getCountryCode()";"2";"5878";"5878";"13";"13"
"SCRIPT_API";"dw.util.Geolocation#getLatitude()";"2";"4890";"4890";"48";"48"
"SCRIPT_API";"dw.util.Geolocation#getLongitude()";"2";"2879";"2879";"4";"4"
"SCRIPT_API";"dw.util.HashMap()";"76";"143325";"143325";"2960";"2960"
"SCRIPT_API";"dw.util.Iterator#hasNext()";"1142";"945001";"945001";"30196";"30196"
"SCRIPT_API";"dw.util.Iterator#next()";"658";"1131106";"1131106";"6078";"6078"
"SCRIPT_API";"dw.util.List#get(Number)";"2";"9434";"9434";"25";"25"
"SCRIPT_API";"dw.util.List#indexOf(Object)";"60";"51106";"51106";"1736";"1736"
"SCRIPT_API";"dw.util.List#size()";"13";"29950";"29950";"482";"482"
"SCRIPT_API";"dw.util.Locale#getCountry()";"17";"33866";"33866";"420";"420"
"SCRIPT_API";"dw.util.Locale#getDisplayCountry()";"10";"15979";"15979";"206";"206"
"SCRIPT_API";"dw.util.Locale#getDisplayLanguage()";"10";"12259";"12259";"173";"173"
"SCRIPT_API";"dw.util.Locale#getDisplayName()";"10";"58063";"58063";"119";"119"
"SCRIPT_API";"dw.util.Locale#getID()";"644";"370632";"370632";"11545";"11545"
"SCRIPT_API";"dw.util.Locale#getLanguage()";"22";"34256";"34256";"368";"368"
"SCRIPT_API";"dw.util.Locale#getLocale(String)";"135";"338713";"338713";"1807";"1807"
"SCRIPT_API";"dw.util.Map#get(Object)";"34";"103988";"103988";"445";"445"
"SCRIPT_API";"dw.util.Map#keySet()";"14";"28330";"28330";"492";"492"
"SCRIPT_API";"dw.util.Map#put(Object,Object)";"73";"169057";"169057";"2824";"2824"
"SCRIPT_API";"dw.util.SecureEncoder#forHtmlInDoubleQuoteAttribute(String)";"37";"54196";"54196";"650";"650"
"SCRIPT_API";"dw.util.SeekableIterator#asList(Number,Number)";"6";"1140016";"1140016";"2997";"2997"
"SCRIPT_API";"dw.util.SeekableIterator#first()";"1";"104527";"104527";"0";"0"
"SCRIPT_API";"dw.util.SeekableIterator#getCount()";"6";"21494";"21494";"193";"193"
"SCRIPT_API";"dw.util.StringUtils#formatCalendar(dw.util.Calendar,String)";"1";"43769";"43769";"0";"0"
"SCRIPT_API";"dw.util.StringUtils#formatInteger(Number)";"1";"54235";"54235";"0";"0"
"SCRIPT_API";"dw.util.StringUtils#formatMoney(dw.value.Money)";"150";"1620548";"1620548";"0";"0"
"SCRIPT_API";"dw.util.StringUtils#formatNumber(Number,String,String)";"37";"381556";"381556";"0";"0"
"SCRIPT_API";"dw.util.Template#render(dw.util.Map)";"50";"29848648";"7591302";"0";"0"
"SCRIPT_API";"dw.util.Template(String)";"50";"95400";"95400";"1015";"1015"
"SCRIPT_API";"dw.value.EnumValue#getDisplayValue()";"90";"77402";"77402";"1341";"1341"
"SCRIPT_API";"dw.value.EnumValue#getValue()";"90";"72219";"72219";"2018";"2018"
"SCRIPT_API";"dw.value.MimeEncodedText#getText()";"50";"80560";"80560";"1221";"1221"
"SCRIPT_API";"dw.value.Money#getCurrencyCode()";"78";"67186";"67186";"1192";"1192"
"SCRIPT_API";"dw.value.Money#getDecimalValue()";"58";"74176";"74176";"1671";"1671"
"SCRIPT_API";"dw.value.Money#getValue()";"198";"132640";"132640";"4750";"4750"
"SCRIPT_API";"dw.value.Money#getValueOrNull()";"58";"76242";"76242";"1037";"1037"
"SCRIPT_API";"dw.value.Money#isAvailable()";"160";"113083";"113083";"4206";"4206"
"SCRIPT_API";"dw.value.Money#subtract(dw.value.Money)";"18";"44652";"44652";"428";"428"
"SCRIPT_API";"dw.value.Money(Number,String)";"49";"109483";"109483";"1225";"1225"
"SCRIPT_API";"dw.value.Quantity#getValue()";"176";"126908";"126908";"3969";"3969"
"SCRIPT_API";"dw.web.CSRFProtection#generateToken()";"31";"1198713";"1198713";"0";"0"
"SCRIPT_API";"dw.web.CSRFProtection#getTokenName()";"31";"78638";"78638";"2827";"2827"
"SCRIPT_API";"dw.web.CSRFProtection#validateRequest()";"4";"266647";"266647";"440";"440"
"SCRIPT_API";"dw.web.ClickStream#getClicks()";"1";"4632";"4632";"23";"23"
"SCRIPT_API";"dw.web.ClickStream#isPartial()";"1";"2355";"2355";"13";"13"
"SCRIPT_API";"dw.web.ClickStreamEntry#getHost()";"1";"1447";"1447";"52";"52"
"SCRIPT_API";"dw.web.ClickStreamEntry#getLocale()";"1";"1159";"1159";"6";"6"
"SCRIPT_API";"dw.web.ClickStreamEntry#getPath()";"1";"2200";"2200";"13";"13"
"SCRIPT_API";"dw.web.ClickStreamEntry#getPipelineName()";"1";"1851";"1851";"14";"14"
"SCRIPT_API";"dw.web.ClickStreamEntry#getQueryString()";"1";"2330";"2330";"12";"12"
"SCRIPT_API";"dw.web.ClickStreamEntry#getReferer()";"1";"1182";"1182";"22";"22"
"SCRIPT_API";"dw.web.ClickStreamEntry#getRemoteAddress()";"1";"2463";"2463";"1";"1"
"SCRIPT_API";"dw.web.ClickStreamEntry#getTimestamp()";"1";"2553";"2553";"10";"10"
"SCRIPT_API";"dw.web.ClickStreamEntry#getUrl()";"1";"2149";"2149";"9";"9"
"SCRIPT_API";"dw.web.ClickStreamEntry#getUserAgent()";"1";"1564";"1564";"13";"13"
"SCRIPT_API";"dw.web.FormAction#getDescription()";"29";"31889";"31889";"1111";"1111"
"SCRIPT_API";"dw.web.FormAction#getLabel()";"29";"25467";"25467";"445";"445"
"SCRIPT_API";"dw.web.FormAction#isSubmitted()";"29";"29746";"29746";"267";"267"
"SCRIPT_API";"dw.web.FormAction#isTriggered()";"29";"25312";"25312";"390";"390"
"SCRIPT_API";"dw.web.FormElement#clearFormElement()";"5";"40095";"40095";"103";"103"
"SCRIPT_API";"dw.web.FormElement#getDynamicHtmlName()";"305";"547607";"547607";"3749";"3749"
"SCRIPT_API";"dw.web.FormElement#getHtmlName()";"431";"389336";"389336";"6244";"6244"
"SCRIPT_API";"dw.web.FormElement#isValid()";"305";"2892854";"2892854";"2534643";"2534643"
"SCRIPT_API";"dw.web.FormField#getDescription()";"257";"279639";"279639";"4053";"4053"
"SCRIPT_API";"dw.web.FormField#getError()";"252";"137116";"137116";"5220";"5220"
"SCRIPT_API";"dw.web.FormField#getHtmlValue()";"329";"258019";"258019";"6886";"6886"
"SCRIPT_API";"dw.web.FormField#getLabel()";"451";"370461";"370461";"5884";"5884"
"SCRIPT_API";"dw.web.FormField#getMaxLength()";"199";"116172";"116172";"5950";"5950"
"SCRIPT_API";"dw.web.FormField#getMaxValue()";"8";"11976";"11976";"341";"341"
"SCRIPT_API";"dw.web.FormField#getMinLength()";"199";"111559";"111559";"3290";"3290"
"SCRIPT_API";"dw.web.FormField#getMinValue()";"8";"9544";"9544";"116";"116"
"SCRIPT_API";"dw.web.FormField#getOptions()";"5924";"3083078";"3083078";"110878";"110878"
"SCRIPT_API";"dw.web.FormField#getRegEx()";"199";"114879";"114879";"3059";"3059"
"SCRIPT_API";"dw.web.FormField#getSelectedOption()";"44";"229688";"229688";"0";"0"
"SCRIPT_API";"dw.web.FormField#getType()";"521";"321961";"321961";"19311";"19311"
"SCRIPT_API";"dw.web.FormField#getValue()";"40";"30457";"30457";"1136";"1136"
"SCRIPT_API";"dw.web.FormField#isChecked()";"35";"61575";"61575";"1057";"1057"
"SCRIPT_API";"dw.web.FormField#isMandatory()";"277";"160673";"160673";"5160";"5160"
"SCRIPT_API";"dw.web.FormField#isSelected()";"35";"31990";"31990";"737";"737"
"SCRIPT_API";"dw.web.FormField#setValue(Object)";"13";"23375";"23375";"459";"459"
"SCRIPT_API";"dw.web.FormFieldOption#getHtmlValue()";"760";"1738609";"1738609";"7940";"7940"
"SCRIPT_API";"dw.web.FormFieldOption#getLabel()";"1520";"1180002";"1180002";"26111";"26111"
"SCRIPT_API";"dw.web.FormFieldOption#getOptionId()";"774";"420478";"420478";"20229";"20229"
"SCRIPT_API";"dw.web.FormFieldOption#getValue()";"760";"464244";"464244";"14955";"14955"
"SCRIPT_API";"dw.web.FormFieldOption#isChecked()";"760";"453682";"453682";"15989";"15989"
"SCRIPT_API";"dw.web.FormFieldOption#isSelected()";"760";"416342";"416342";"16026";"16026"
"SCRIPT_API";"dw.web.FormFieldOptions#getOptionsCount()";"317";"203977";"203977";"4914";"4914"
"SCRIPT_API";"dw.web.FormGroup#getError()";"63";"80336";"80336";"828";"828"
"SCRIPT_API";"dw.web.HttpParameter#getBooleanValue()";"2";"15156";"15156";"0";"0"
"SCRIPT_API";"dw.web.HttpParameter#getDoubleValue()";"4";"11514";"11514";"140";"140"
"SCRIPT_API";"dw.web.HttpParameter#getRawValue()";"217";"113810";"113810";"4182";"4182"
"SCRIPT_API";"dw.web.HttpParameterMap#get(Object)";"122";"80518";"80518";"1980";"1980"
"SCRIPT_API";"dw.web.HttpParameterMap#getParameterNames()";"34";"31957";"31957";"1943";"1943"
"SCRIPT_API";"dw.web.LoopIterator#getCount()";"24";"26557";"26557";"1951";"1951"
"SCRIPT_API";"dw.web.LoopIterator#getIndex()";"26";"16975";"16975";"1211";"1211"
"SCRIPT_API";"dw.web.LoopIterator#isFirst()";"8";"19528";"19528";"616";"616"
"SCRIPT_API";"dw.web.LoopIterator#isLast()";"4";"9270";"9270";"199";"199"
"SCRIPT_API";"dw.web.PageMetaData#addPageMetaTags(Array)";"2";"19622";"19622";"30";"30"
"SCRIPT_API";"dw.web.PageMetaData#getDescription()";"24";"22883";"22883";"507";"507"
"SCRIPT_API";"dw.web.PageMetaData#getKeywords()";"24";"26610";"26610";"524";"524"
"SCRIPT_API";"dw.web.PageMetaData#getPageMetaTags()";"24";"76189";"76189";"134";"134"
"SCRIPT_API";"dw.web.PageMetaData#getTitle()";"24";"29608";"29608";"944";"944"
"SCRIPT_API";"dw.web.PagingModel#appendPaging(dw.web.URL)";"2";"18186";"18186";"2";"2"
"SCRIPT_API";"dw.web.PagingModel#getCurrentPage()";"2";"4078";"4078";"43";"43"
"SCRIPT_API";"dw.web.PagingModel#getEnd()";"2";"3169";"3169";"44";"44"
"SCRIPT_API";"dw.web.PagingModel#getPageElements()";"2";"11910";"11910";"15";"15"
"SCRIPT_API";"dw.web.PagingModel#setPageSize(Number)";"4";"5244";"5244";"58";"58"
"SCRIPT_API";"dw.web.PagingModel#setStart(Number)";"6";"9681";"9681";"108";"108"
"SCRIPT_API";"dw.web.PagingModel(dw.util.Iterator,Number)";"4";"17846";"17846";"186";"186"
"SCRIPT_API";"dw.web.Resource#msg(String,String,String)";"1808";"130683013";"130683013";"0";"0"
"SCRIPT_API";"dw.web.Resource#msgf(String,String,String,Object[])";"71";"7420404";"7420404";"0";"0"
"SCRIPT_API";"dw.web.URL#append(String,String)";"1";"4502";"4502";"21";"21"
"SCRIPT_API";"dw.web.URL#appendCSRFTokenBM()";"1";"1984";"1984";"16";"16"
"SCRIPT_API";"dw.web.URL#relative()";"31";"76686";"76686";"367";"367"
"SCRIPT_API";"dw.web.URL#toString()";"226";"2219160";"2219160";"0";"0"
"SCRIPT_API";"dw.web.URLAction(String,String)";"1";"22437";"22437";"0";"0"
"SCRIPT_API";"dw.web.URLUtils#abs(String,String[])";"12";"30250";"30250";"269";"269"
"SCRIPT_API";"dw.web.URLUtils#home()";"2";"48805";"48805";"0";"0"
"SCRIPT_API";"dw.web.URLUtils#https(String,String[])";"27";"192357";"192357";"2193";"2193"
"SCRIPT_API";"dw.web.URLUtils#https(dw.web.URLAction,dw.web.URLParameter[])";"1";"14812";"14812";"0";"0"
"SCRIPT_API";"dw.web.URLUtils#staticURL(String)";"155";"972796361";"972796361";"959989695";"959989695"
"SCRIPT_API";"dw.web.URLUtils#url(String,String[])";"347";"1296457";"1296457";"22683";"22683"
"SCRIPT_CONTROLLER";"app_storefront_base/cartridge/controllers/Account.js#Header";"10";"39984283";"26554365";"3320";"0"
"SCRIPT_CONTROLLER";"app_storefront_base/cartridge/controllers/Account.js#Login";"1";"29113225";"6805850";"14104956";"9443"
"SCRIPT_CONTROLLER";"app_storefront_base/cartridge/controllers/Account.js#Show";"1";"115649734";"42159329";"43276210";"12185701"
"SCRIPT_CONTROLLER";"app_storefront_base/cartridge/controllers/Cart.js#AddProduct";"1";"35268128";"13467824";"223";"0"
"SCRIPT_CONTROLLER";"app_storefront_base/cartridge/controllers/Cart.js#MiniCart";"5";"18197109";"11474122";"3460";"0"
"SCRIPT_CONTROLLER";"app_storefront_base/cartridge/controllers/Cart.js#MiniCartShow";"1";"24770795";"9784301";"320";"0"
"SCRIPT_CONTROLLER";"app_storefront_base/cartridge/controllers/Checkout.js#Begin";"1";"138136814";"42403326";"13470449";"0"
"SCRIPT_CONTROLLER";"app_storefront_base/cartridge/controllers/CheckoutServices.js#PlaceOrder";"1";"141136354";"33372104";"59651718";"0"
"SCRIPT_CONTROLLER";"app_storefront_base/cartridge/controllers/CheckoutServices.js#SubmitPayment";"1";"66779982";"20727903";"8280832";"0"
"SCRIPT_CONTROLLER";"app_storefront_base/cartridge/controllers/CheckoutShippingServices.js#SubmitShipping";"2";"139828942";"72913054";"15857432";"695695"
"SCRIPT_CONTROLLER";"app_storefront_base/cartridge/controllers/ConsentTracking.js#Check";"6";"25490778";"24045935";"10790065";"10778713"
"SCRIPT_CONTROLLER";"app_storefront_base/cartridge/controllers/Default.js#Start";"1";"956219627";"6311298";"932503217";"463"
"SCRIPT_CONTROLLER";"app_storefront_base/cartridge/controllers/Error.js#Start";"6";"43493140";"4308371";"5801";"0"
"SCRIPT_CONTROLLER";"app_storefront_base/cartridge/controllers/Login.js#Show";"1";"31536623";"5249212";"6170896";"0"
"SCRIPT_CONTROLLER";"app_storefront_base/cartridge/controllers/Order.js#Confirm";"1";"43949461";"10667701";"9693865";"0"
"SCRIPT_CONTROLLER";"app_storefront_base/cartridge/controllers/Page.js#Include";"35";"86436541";"55714037";"11071911";"0"
"SCRIPT_CONTROLLER";"app_storefront_base/cartridge/controllers/Page.js#IncludeHeaderMenu";"5";"80307265";"12130175";"53035046";"0"
"SCRIPT_CONTROLLER";"app_storefront_base/cartridge/controllers/Page.js#Locale";"10";"24557361";"19119499";"31695";"5259"
"SCRIPT_CONTROLLER";"app_storefront_base/cartridge/controllers/Product.js#ShowQuickView";"1";"47229150";"21483950";"10682342";"1274"
"SCRIPT_CONTROLLER";"app_storefront_base/cartridge/controllers/Product.js#Variation";"1";"54486031";"34109163";"24484085";"12295009"
"SCRIPT_CONTROLLER";"app_storefront_base/cartridge/controllers/ReportingEvent.js#MiniCart";"1";"3080400";"2155106";"784";"0"
"SCRIPT_CONTROLLER";"app_storefront_base/cartridge/controllers/ReportingEvent.js#Start";"6";"8454192";"6712106";"2307";"0"
"SCRIPT_CONTROLLER";"app_storefront_base/cartridge/controllers/Search.js#Refinebar";"1";"5087931";"2568501";"217";"0"
"SCRIPT_CONTROLLER";"app_storefront_base/cartridge/controllers/Search.js#Show";"1";"80882278";"6859626";"35851382";"587787"
"SCRIPT_CONTROLLER";"app_storefront_base/cartridge/controllers/Tile.js#Show";"12";"166008909";"37093701";"69073344";"465022"
"SCRIPT_CONTROLLER";"bm_mailchimp/cartridge/controllers/changeStatus.js#updateCustomer";"2";"34804431";"3288325";"26868222";"1668"
"SCRIPT_CONTROLLER";"bm_mailchimp/cartridge/controllers/customerInfo.js#start";"6";"48599496";"12048608";"15347421";"2608356"
"SCRIPT_HOOK";"app_storefront_base/cartridge/scripts/hooks/cart/calculate.js#calculate";"7";"26710558";"2933460";"3556358";"12728"
"SCRIPT_HOOK";"app_storefront_base/cartridge/scripts/hooks/cart/calculate.js#calculateShipping";"7";"2386769";"305601";"4";"3601"
"SCRIPT_HOOK";"app_storefront_base/cartridge/scripts/hooks/cart/calculate.js#calculateTax";"7";"6811563";"4204154";"0";"0"
"SCRIPT_HOOK";"app_storefront_base/cartridge/scripts/hooks/payment/processor/basic_credit#Authorize";"1";"6112703";"116310";"5748557";"0"
"SCRIPT_HOOK";"app_storefront_base/cartridge/scripts/hooks/payment/processor/basic_credit#Handle";"1";"11878966";"508929";"7735592";"0"
"SCRIPT_HOOK";"app_storefront_base/cartridge/scripts/hooks/payment/processor/basic_credit_form_processor#processForm";"1";"2747574";"1966541";"0";"0"
"SCRIPT_HOOK";"app_storefront_base/cartridge/scripts/hooks/payment/processor/basic_credit_form_processor#savePaymentInformation";"1";"14972";"14972";"0";"0"
"SF_PAGE";"/Sites-Mailchimp-Site/-/null-null";"1";"958677846";"2458219";"933669103";"1165886"
"SF_PAGE";"/Sites-Mailchimp-Site/default/Account-Header";"10";"41934700";"1950417";"9992";"6672"
"SF_PAGE";"/Sites-Mailchimp-Site/default/Account-Login";"1";"36858553";"7745328";"20093273";"5988317"
"SF_PAGE";"/Sites-Mailchimp-Site/default/Account-Show";"1";"115905975";"256241";"43276562";"352"
"SF_PAGE";"/Sites-Mailchimp-Site/default/Cart-AddProduct";"1";"42259362";"6991234";"4588466";"4588243"
"SF_PAGE";"/Sites-Mailchimp-Site/default/Cart-MiniCart";"5";"19848289";"1651180";"5344";"1884"
"SF_PAGE";"/Sites-Mailchimp-Site/default/Cart-MiniCartShow";"1";"25031081";"260286";"972";"652"
"SF_PAGE";"/Sites-Mailchimp-Site/default/Checkout-Begin";"1";"142006216";"3869402";"16623163";"3152714"
"SF_PAGE";"/Sites-Mailchimp-Site/default/CheckoutServices-PlaceOrder";"1";"146138488";"5002134";"63732376";"4080658"
"SF_PAGE";"/Sites-Mailchimp-Site/default/CheckoutServices-SubmitPayment";"1";"72900054";"6120072";"13259810";"4978978"
"SF_PAGE";"/Sites-Mailchimp-Site/default/CheckoutShippingServices-SubmitShipping";"2";"141258536";"1429594";"15856990";"0"
"SF_PAGE";"/Sites-Mailchimp-Site/default/ConsentTracking-Check";"6";"111350940";"42367022";"12979057";"2183191"
"SF_PAGE";"/Sites-Mailchimp-Site/default/Login-Show";"1";"31753086";"216463";"6171887";"991"
"SF_PAGE";"/Sites-Mailchimp-Site/default/Order-Confirm";"1";"48079858";"4130397";"12880032";"3186167"
"SF_PAGE";"/Sites-Mailchimp-Site/default/Page-Include";"35";"91229526";"4792985";"11093389";"21478"
"SF_PAGE";"/Sites-Mailchimp-Site/default/Page-IncludeHeaderMenu";"5";"80941667";"634402";"53038005";"2959"
"SF_PAGE";"/Sites-Mailchimp-Site/default/Page-Locale";"10";"27000651";"2443290";"38105";"6410"
"SF_PAGE";"/Sites-Mailchimp-Site/default/Product-ShowQuickView";"1";"47576319";"347169";"10682562";"220"
"SF_PAGE";"/Sites-Mailchimp-Site/default/Product-Variation";"1";"54785745";"299714";"24484472";"387"
"SF_PAGE";"/Sites-Mailchimp-Site/default/ReportingEvent-MiniCart";"1";"3381577";"301177";"871";"87"
"SF_PAGE";"/Sites-Mailchimp-Site/default/ReportingEvent-Start";"6";"9604853";"1150661";"5766";"3459"
"SF_PAGE";"/Sites-Mailchimp-Site/default/Search-Refinebar";"1";"5217136";"129205";"1088";"871"
"SF_PAGE";"/Sites-Mailchimp-Site/default/Search-Show";"1";"81547924";"665646";"35852028";"646"
"SF_PAGE";"/Sites-Mailchimp-Site/default/Tile-Show";"12";"168045221";"2036312";"69079840";"6496"
"SF_PAGE";"/Sites-Mailchimp-Site/default/__SYSTEM__Slot-Request";"16";"19856477";"19856477";"869177";"869177"
"SF_PAGE";"/Sites-Mailchimp-Site/default/__SYSTEM__StorefrontToolkit-Start";"6";"5009443";"5009443";"2847";"2847"
