"Type";"Name";"Count";"TotalTime";"OwnTime";"TotalWaitTime";"OwnWaitTime"
"PIPELINE_NODE";"bc_api:Assign";"1";"1154117";"1154117";"0";"0"
"SCRIPT_API";"dw.system.Request#getHttpHost()";"5";"15394";"15394";"114";"114"
"SCRIPT_API";"dw.util.List#size()";"5";"15565";"15565";"324";"324"
"SCRIPT_API";"dw.web.CSRFProtection#generateToken()";"5";"233820";"233820";"0";"0"
"SCRIPT_API";"dw.web.CSRFProtection#getTokenName()";"5";"22990";"22990";"957";"957"
"SCRIPT_API";"dw.web.URL#appendCSRFTokenBM()";"1";"62086";"62086";"0";"0"
"SCRIPT_API";"dw.web.URLUtils#url(String,String[])";"1";"12240";"12240";"73";"73"
