"Type";"Name";"Count";"TotalTime";"OwnTime";"TotalWaitTime";"OwnWaitTime"
"PIPELINE_NODE";"bc_api:Assign";"4";"879526";"879526";"0";"0"
"SCRIPT_API";"dw.catalog.Product#getVariationModel()";"3";"6851087";"6851087";"6237776";"6237776"
"SCRIPT_API";"dw.catalog.ProductVariationModel#getAttributeDefinitions()";"1";"21963";"21963";"890";"890"
"SCRIPT_API";"dw.catalog.ProductVariationModel#getSelectedValue(dw.object.ObjectAttributeDefinition)";"2";"2654990";"2654990";"2250097";"2250097"
"SCRIPT_API";"dw.object.ObjectAttributeDefinition#getDisplayName()";"2";"5802";"5802";"35";"35"
"SCRIPT_API";"dw.object.ObjectAttributeDefinition#getUnit()";"1";"3280";"3280";"40";"40"
"SCRIPT_API";"dw.object.ObjectAttributeValueDefinition#getDisplayValue()";"2";"4350334";"4350334";"4054474";"4054474"
"SCRIPT_API";"dw.object.PersistentObject#getCreationDate()";"1";"3853";"3853";"30";"30"
"SCRIPT_API";"dw.object.PersistentObject#getUUID()";"2";"55013";"55013";"0";"0"
"SCRIPT_API";"dw.order.LineItem#getPrice()";"1";"23990";"23990";"269";"269"
"SCRIPT_API";"dw.order.LineItemCtnr#getAllGiftCertificateLineItems()";"1";"34821";"34821";"356";"356"
"SCRIPT_API";"dw.order.LineItemCtnr#getBillingAddress()";"10";"46404";"46404";"402";"402"
"SCRIPT_API";"dw.order.LineItemCtnr#getCustomerEmail()";"2";"3971";"3971";"19";"19"
"SCRIPT_API";"dw.order.LineItemCtnr#getShipments()";"2";"35716";"35716";"248";"248"
"SCRIPT_API";"dw.order.LineItemCtnr#getTotalGrossPrice()";"1";"8453";"8453";"28";"28"
"SCRIPT_API";"dw.order.Order#getOrderNo()";"3";"11508";"11508";"95";"95"
"SCRIPT_API";"dw.order.OrderAddress#getAddress1()";"3";"5673";"5673";"52";"52"
"SCRIPT_API";"dw.order.OrderAddress#getAddress2()";"3";"4048";"4048";"61";"61"
"SCRIPT_API";"dw.order.OrderAddress#getCity()";"4";"26382";"26382";"8";"8"
"SCRIPT_API";"dw.order.OrderAddress#getCountryCode()";"1";"7161184";"7161184";"6603397";"6603397"
"SCRIPT_API";"dw.order.OrderAddress#getFirstName()";"3";"8336";"8336";"173";"173"
"SCRIPT_API";"dw.order.OrderAddress#getLastName()";"3";"5865";"5865";"43";"43"
"SCRIPT_API";"dw.order.OrderAddress#getPhone()";"2";"2682";"2682";"31";"31"
"SCRIPT_API";"dw.order.OrderAddress#getPostalCode()";"3";"4351";"4351";"45";"45"
"SCRIPT_API";"dw.order.OrderAddress#getStateCode()";"3";"5984";"5984";"35";"35"
"SCRIPT_API";"dw.order.ProductLineItem#getBundledProductLineItems()";"2";"4691944";"4691944";"4447709";"4447709"
"SCRIPT_API";"dw.order.ProductLineItem#getCategoryID()";"1";"11922";"11922";"78";"78"
"SCRIPT_API";"dw.order.ProductLineItem#getManufacturerName()";"1";"6019";"6019";"88";"88"
"SCRIPT_API";"dw.order.ProductLineItem#getOptionProductLineItems()";"2";"19900";"19900";"50";"50"
"SCRIPT_API";"dw.order.ProductLineItem#getPriceAdjustments()";"2";"21469";"21469";"163";"163"
"SCRIPT_API";"dw.order.ProductLineItem#getProduct()";"5";"3044197";"3044197";"2085313";"2085313"
"SCRIPT_API";"dw.order.ProductLineItem#getProductID()";"2";"4213";"4213";"154";"154"
"SCRIPT_API";"dw.order.ProductLineItem#getProductName()";"1";"2891";"2891";"209";"209"
"SCRIPT_API";"dw.order.ProductLineItem#getQuantity()";"1";"4807";"4807";"22";"22"
"SCRIPT_API";"dw.order.ProductLineItem#isBonusProductLineItem()";"1";"2931";"2931";"124";"124"
"SCRIPT_API";"dw.order.Shipment#getID()";"1";"17048";"17048";"21";"21"
"SCRIPT_API";"dw.order.Shipment#getProductLineItems()";"4";"44099";"44099";"1692";"1692"
"SCRIPT_API";"dw.order.Shipment#getShippingAddress()";"8";"22023";"22023";"405";"405"
"SCRIPT_API";"dw.order.Shipment#getShippingMethod()";"2";"7255291";"7255291";"7050304";"7050304"
"SCRIPT_API";"dw.order.Shipment#getShippingPriceAdjustments()";"2";"22070";"22070";"0";"0"
"SCRIPT_API";"dw.order.Shipment#getShippingTotalPrice()";"1";"72044";"72044";"0";"0"
"SCRIPT_API";"dw.order.ShippingMethod#getDisplayName()";"1";"9940971";"9940971";"9388888";"9388888"
"SCRIPT_API";"dw.system.Request#getCustom()";"3";"123730";"123730";"0";"0"
"SCRIPT_API";"dw.system.Request#getHttpHost()";"7";"18282";"18282";"119";"119"
"SCRIPT_API";"dw.system.Site#getCalendar()";"2";"92736";"92736";"0";"0"
"SCRIPT_API";"dw.util.Calendar#getTime()";"2";"4714";"4714";"32";"32"
"SCRIPT_API";"dw.util.Collection#iterator()";"1";"2637";"2637";"14";"14"
"SCRIPT_API";"dw.util.Collection#size()";"24";"124089";"124089";"1019";"1019"
"SCRIPT_API";"dw.util.Iterator#hasNext()";"2";"11019";"11019";"41";"41"
"SCRIPT_API";"dw.util.Iterator#next()";"1";"4836";"4836";"56";"56"
"SCRIPT_API";"dw.util.List#size()";"7";"16617";"16617";"169";"169"
"SCRIPT_API";"dw.web.CSRFProtection#generateToken()";"7";"213279";"213279";"144";"144"
"SCRIPT_API";"dw.web.CSRFProtection#getTokenName()";"7";"23207";"23207";"1024";"1024"
"SCRIPT_API";"dw.web.LoopIterator#isFirst()";"1";"5062";"5062";"112";"112"
"SCRIPT_API";"dw.web.URL#appendCSRFTokenBM()";"2";"92160";"92160";"0";"0"
"SCRIPT_API";"dw.web.URLUtils#https(String,String[])";"1";"9875";"9875";"0";"0"
"SCRIPT_API";"dw.web.URLUtils#url(String,String[])";"2";"16220";"16220";"0";"0"
"SCRIPT_API";"dw.web.URLUtils#webRoot()";"2";"105935";"105935";"1422";"1422"
