"Type";"Name";"Count";"TotalTime";"OwnTime";"TotalWaitTime";"OwnWaitTime"
"SCRIPT_API";"dw.object.ObjectAttributeDefinition#getDisplayName()";"2";"5928";"5928";"20";"20"
"SCRIPT_API";"dw.object.ObjectAttributeDefinition#getUnit()";"1";"2935";"2935";"4";"4"
"SCRIPT_API";"dw.object.PersistentObject#getUUID()";"1";"3054";"3054";"81";"81"
"SCRIPT_API";"dw.system.Request#getHttpHost()";"4";"9710";"9710";"85";"85"
"SCRIPT_API";"dw.system.Site#getCalendar()";"1";"44901";"44901";"0";"0"
"SCRIPT_API";"dw.util.Calendar#getTime()";"1";"2901";"2901";"29";"29"
"SCRIPT_API";"dw.util.Collection#size()";"12";"106139";"106139";"432";"432"
"SCRIPT_API";"dw.util.List#size()";"4";"9889";"9889";"197";"197"
"SCRIPT_API";"dw.web.CSRFProtection#generateToken()";"4";"107687";"107687";"0";"0"
"SCRIPT_API";"dw.web.CSRFProtection#getTokenName()";"4";"11393";"11393";"284";"284"
"SCRIPT_API";"dw.web.URL#appendCSRFTokenBM()";"1";"43540";"43540";"0";"0"
"SCRIPT_API";"dw.web.URLUtils#url(String,String[])";"1";"8002";"8002";"17";"17"
