"Type";"Name";"Count";"TotalTime";"OwnTime";"TotalWaitTime";"OwnWaitTime"
"ISML";"app_storefront_base/default//common/consent";"4";"1599096";"1370781";"798";"0"
"ISML";"app_storefront_base/default//common/htmlHead";"4";"22629209";"2104829";"16463743";"3701"
"ISML";"app_storefront_base/default//common/scripts";"8";"754779";"541993";"0";"0"
"ISML";"app_storefront_base/default//components/content/contentAsset";"26";"962912";"887923";"388";"488"
"ISML";"app_storefront_base/default//components/content/offlineContent";"4";"113949";"113949";"513";"513"
"ISML";"app_storefront_base/default//components/footer/pageFooter";"4";"1490916";"734330";"702";"0"
"ISML";"app_storefront_base/default//components/header/countrySelector";"4";"506716";"506716";"403";"403"
"ISML";"app_storefront_base/default//components/header/menu";"4";"1842177";"1407919";"447";"0"
"ISML";"app_storefront_base/default//components/header/miniCart";"4";"1449993";"1169701";"492";"0"
"ISML";"app_storefront_base/default//components/header/mobileCountrySelector";"4";"482675";"482675";"449";"449"
"ISML";"app_storefront_base/default//components/header/pageHeader";"4";"10631364";"1641333";"6112784";"0"
"ISML";"app_storefront_base/default//components/header/skipNav";"4";"294010";"185500";"347";"129"
"ISML";"app_storefront_base/default//components/modules";"6";"71376";"71376";"513";"513"
"ISML";"app_storefront_base/default//components/schema";"4";"321597";"321597";"3247";"3247"
"ISML";"app_storefront_base/default//product/components/pricing/default";"12";"2086951";"928070";"878";"778"
"ISML";"app_storefront_base/default//product/components/pricing/formatted";"14";"205818";"205818";"754";"754"
"ISML";"app_storefront_base/default/account/header";"4";"1116468";"868941";"690";"31"
"ISML";"app_storefront_base/default/account/mobileHeader";"4";"919288";"715748";"6983";"188"
"ISML";"app_storefront_base/default/common/layout/page";"4";"41070880";"4895040";"22572951";"0"
"ISML";"app_storefront_base/default/components/breadcrumbs/pageBreadcrumbs";"2";"8275430";"8265442";"7459462";"7458622"
"ISML";"app_storefront_base/default/components/content/contentAssetInc";"23";"6562209";"6562209";"0";"0"
"ISML";"app_storefront_base/default/components/header/menuItem";"4";"245465";"245465";"250";"250"
"ISML";"app_storefront_base/default/components/header/search";"8";"1017624";"802917";"789";"0"
"ISML";"app_storefront_base/default/home/homePage";"2";"29464172";"1461664";"14912780";"0"
"ISML";"app_storefront_base/default/product/components/addToCartButtonExtension";"1";"27818";"27818";"735";"735"
"ISML";"app_storefront_base/default/product/components/addToCartProduct";"1";"62206187";"62157023";"1224022";"1222663"
"ISML";"app_storefront_base/default/product/components/attributes";"1";"40602";"40602";"154";"154"
"ISML";"app_storefront_base/default/product/components/availability";"1";"98473";"86484";"392";"234"
"ISML";"app_storefront_base/default/product/components/description";"1";"56875";"56875";"478";"478"
"ISML";"app_storefront_base/default/product/components/descriptionAndDetails";"1";"821680";"653693";"841";"0"
"ISML";"app_storefront_base/default/product/components/details";"1";"38132";"38132";"582";"582"
"ISML";"app_storefront_base/default/product/components/imageCarousel";"1";"292955";"254471";"261";"0"
"ISML";"app_storefront_base/default/product/components/mainAttributes";"1";"50288";"50288";"201";"201"
"ISML";"app_storefront_base/default/product/components/pidRating";"1";"612916";"376479";"1382";"1154"
"ISML";"app_storefront_base/default/product/components/pricing/ajaxMain";"1";"1606526";"360481";"275";"194"
"ISML";"app_storefront_base/default/product/components/pricing/main";"12";"2650241";"563290";"923";"45"
"ISML";"app_storefront_base/default/product/components/productAvailability";"1";"292609";"194136";"650";"258"
"ISML";"app_storefront_base/default/product/components/productNumber";"1";"122439";"99908";"707";"345"
"ISML";"app_storefront_base/default/product/components/productRating";"11";"513085";"513085";"0";"0"
"ISML";"app_storefront_base/default/product/components/productTileImage";"10";"1169349";"887192";"755";"807"
"ISML";"app_storefront_base/default/product/components/productTileName";"10";"266409";"266409";"602";"602"
"ISML";"app_storefront_base/default/product/components/productTileSwatch";"10";"2098540";"1145067";"1461";"0"
"ISML";"app_storefront_base/default/product/components/promotions";"1";"83866";"83866";"142";"142"
"ISML";"app_storefront_base/default/product/components/quantity";"1";"222640";"212687";"83";"0"
"ISML";"app_storefront_base/default/product/components/ratings";"10";"924639";"485412";"349";"636"
"ISML";"app_storefront_base/default/product/components/socialIcons";"1";"648997";"545281";"523";"0"
"ISML";"app_storefront_base/default/product/components/variationAttribute";"3";"623015";"575110";"371";"0"
"ISML";"app_storefront_base/default/product/gridTile";"10";"10356128";"1846198";"708";"0"
"ISML";"app_storefront_base/default/product/productDetails";"1";"95497671";"18057488";"21897358";"13209056"
"ISML";"app_storefront_base/default/product/productTile";"10";"8509930";"2130506";"883";"0"
"ISML";"app_storefront_base/default/product/productTileFooter";"10";"1630977";"490968";"919";"680"
"ISML";"app_storefront_base/default/search/noResultsProduct";"1";"77007";"77007";"416";"416"
"ISML";"app_storefront_base/default/search/resultsCount";"1";"733913";"642354";"221";"0"
"ISML";"app_storefront_base/default/search/searchResults";"1";"17516387";"699459";"8730972";"0"
"ISML";"app_storefront_base/default/search/searchResultsNoDecorator";"1";"4116213";"1926702";"1067951";"1068328"
"ISML";"app_storefront_base/default/slots/content/contentAssetBody";"12";"522851672";"522683699";"503535395";"503534958"
"ISML";"app_storefront_base/default/slots/content/htmlSlotContainer";"4";"2035631";"359759";"3061";"2245"
"ISML";"app_storefront_base/default/slots/htmlSlotContainer";"4";"1675872";"1600435";"816";"663"
"ISML";"app_storefront_base/default/slots/product/homePageProductSlot";"2";"1632836";"1385975";"1843";"298"
"ONREQUEST";"/Sites-RefArch-Site/-/null-null";"1";"4813062";"4813062";"275";"275"
"ONREQUEST";"/Sites-RefArch-Site/default/__SYSTEM__StorefrontToolkit-Init";"4";"53677241";"53677241";"38097382";"38097382"
"ONREQUEST";"/Sites-RefArch-Site/en_US/ConsentTracking-GetContent";"1";"740543";"740543";"7105";"7105"
"ONREQUEST";"/Sites-RefArch-Site/en_US/ConsentTracking-SetConsent";"1";"499276";"499276";"0";"0"
"ONREQUEST";"/Sites-RefArch-Site/en_US/Home-Show";"1";"741972";"741972";"329";"329"
"ONREQUEST";"/Sites-RefArch-Site/en_US/Product-Show";"1";"797456";"797456";"262";"262"
"ONREQUEST";"/Sites-RefArch-Site/en_US/Search-Show";"1";"787470";"787470";"670";"670"
"ONREQUEST";"/Sites-RefArch-Site/en_US/__Analytics-Start";"4";"4506245";"4506245";"224";"224"
"PIPELINE_NODE";"bc_api:Assign";"1";"609055";"609055";"0";"0"
"SCRIPT_API";"dw.campaign.Promotion#getID()";"8";"7917";"7917";"249";"249"
"SCRIPT_API";"dw.campaign.PromotionMgr#getActiveCustomerPromotions()";"3";"807911";"807911";"0";"0"
"SCRIPT_API";"dw.campaign.PromotionPlan#getProductPromotions()";"2";"319286";"319286";"0";"0"
"SCRIPT_API";"dw.campaign.PromotionPlan#getProductPromotions(dw.catalog.Product)";"1";"6990303";"6990303";"6143565";"6143565"
"SCRIPT_API";"dw.campaign.SlotContent#getContent()";"18";"79288";"79288";"0";"0"
"SCRIPT_API";"dw.catalog.Catalog#getRoot()";"5";"82653";"82653";"0";"0"
"SCRIPT_API";"dw.catalog.CatalogMgr#getCategory(String)";"4";"3465240";"3465240";"3073818";"3073818"
"SCRIPT_API";"dw.catalog.CatalogMgr#getSiteCatalog()";"5";"86898";"86898";"2522";"2522"
"SCRIPT_API";"dw.catalog.CatalogMgr#getSortingOptions()";"1";"1394421";"1394421";"1135583";"1135583"
"SCRIPT_API";"dw.catalog.Category#getDefaultSortingRule()";"2";"6742410";"6742410";"6253548";"6253548"
"SCRIPT_API";"dw.catalog.Category#getDisplayName()";"11";"2255217";"2255217";"1895125";"1895125"
"SCRIPT_API";"dw.catalog.Category#getID()";"24";"25027";"25027";"759";"759"
"SCRIPT_API";"dw.catalog.Category#getOnlineSubCategories()";"12";"5292000";"5292000";"4101854";"4101854"
"SCRIPT_API";"dw.catalog.Category#getParent()";"8";"7125";"7125";"172";"172"
"SCRIPT_API";"dw.catalog.Category#hasOnlineProducts()";"32";"34574921";"34574921";"30864009";"30864009"
"SCRIPT_API";"dw.catalog.Category#hasOnlineSubCategories()";"28";"291581";"291581";"0";"0"
"SCRIPT_API";"dw.catalog.PriceBook#getID()";"21";"17033";"17033";"286";"286"
"SCRIPT_API";"dw.catalog.PriceBook#getParentPriceBook()";"17";"22208";"22208";"237";"237"
"SCRIPT_API";"dw.catalog.PriceBookMgr#getApplicablePriceBooks()";"2";"14703";"14703";"0";"0"
"SCRIPT_API";"dw.catalog.PriceBookMgr#setApplicablePriceBooks(dw.catalog.PriceBook[])";"4";"31995";"31995";"0";"0"
"SCRIPT_API";"dw.catalog.Product#getAttributeModel()";"1";"4784185";"4784185";"3944886";"3944886"
"SCRIPT_API";"dw.catalog.Product#getAvailabilityModel()";"1";"19033";"19033";"0";"0"
"SCRIPT_API";"dw.catalog.Product#getBrand()";"2";"3851";"3851";"56";"56"
"SCRIPT_API";"dw.catalog.Product#getID()";"42";"48526";"48526";"1814";"1814"
"SCRIPT_API";"dw.catalog.Product#getImages(String)";"10";"2141159";"2141159";"0";"0"
"SCRIPT_API";"dw.catalog.Product#getMinOrderQuantity()";"5";"9165";"9165";"92";"92"
"SCRIPT_API";"dw.catalog.Product#getName()";"2";"39722";"39722";"0";"0"
"SCRIPT_API";"dw.catalog.Product#getOptionModel()";"1";"2453480";"2453480";"2302640";"2302640"
"SCRIPT_API";"dw.catalog.Product#getPageMetaTags()";"1";"5649672";"5649672";"5271636";"5271636"
"SCRIPT_API";"dw.catalog.Product#getPriceModel()";"10";"6723061";"6723061";"5243099";"5243099"
"SCRIPT_API";"dw.catalog.Product#getPriceModel(dw.catalog.ProductOptionModel)";"1";"139122";"139122";"0";"0"
"SCRIPT_API";"dw.catalog.Product#getPrimaryCategory()";"4";"48160";"48160";"195";"195"
"SCRIPT_API";"dw.catalog.Product#getStepQuantity()";"1";"6161";"6161";"22";"22"
"SCRIPT_API";"dw.catalog.Product#getVariationModel()";"1";"124559";"124559";"0";"0"
"SCRIPT_API";"dw.catalog.Product#isMaster()";"15";"21705";"21705";"485";"485"
"SCRIPT_API";"dw.catalog.Product#isOnline()";"1";"22205";"22205";"0";"0"
"SCRIPT_API";"dw.catalog.Product#isVariant()";"12";"16809";"16809";"383";"383"
"SCRIPT_API";"dw.catalog.Product#isVariationGroup()";"2";"2154";"2154";"38";"38"
"SCRIPT_API";"dw.catalog.ProductAttributeModel#getVisibleAttributeGroups()";"1";"16154";"16154";"35";"35"
"SCRIPT_API";"dw.catalog.ProductAvailabilityLevels#getBackorder()";"1";"1269";"1269";"17";"17"
"SCRIPT_API";"dw.catalog.ProductAvailabilityLevels#getInStock()";"2";"1685";"1685";"33";"33"
"SCRIPT_API";"dw.catalog.ProductAvailabilityLevels#getNotAvailable()";"1";"1111";"1111";"19";"19"
"SCRIPT_API";"dw.catalog.ProductAvailabilityLevels#getPreorder()";"1";"1246";"1246";"24";"24"
"SCRIPT_API";"dw.catalog.ProductAvailabilityModel#getAvailabilityLevels(Number)";"1";"81595";"81595";"0";"0"
"SCRIPT_API";"dw.catalog.ProductAvailabilityModel#getInventoryRecord()";"1";"2553";"2553";"22";"22"
"SCRIPT_API";"dw.catalog.ProductAvailabilityModel#isOrderable(Number)";"1";"25559";"25559";"180";"180"
"SCRIPT_API";"dw.catalog.ProductInventoryRecord#getInStockDate()";"1";"2180";"2180";"28";"28"
"SCRIPT_API";"dw.catalog.ProductMgr#getProduct(String)";"12";"186660";"186660";"1177";"1177"
"SCRIPT_API";"dw.catalog.ProductOptionModel#getOptions()";"3";"22946";"22946";"115";"115"
"SCRIPT_API";"dw.catalog.ProductPriceInfo#getPriceBook()";"21";"21077";"21077";"380";"380"
"SCRIPT_API";"dw.catalog.ProductPriceModel#getPrice()";"2";"55651";"55651";"0";"0"
"SCRIPT_API";"dw.catalog.ProductPriceModel#getPriceBookPrice(String)";"1";"1371894";"1371894";"1129852";"1129852"
"SCRIPT_API";"dw.catalog.ProductPriceModel#getPriceInfo()";"31";"11162960";"11162960";"9924649";"9924649"
"SCRIPT_API";"dw.catalog.ProductPriceModel#getPriceTable()";"1";"73504";"73504";"0";"0"
"SCRIPT_API";"dw.catalog.ProductPriceTable#getQuantities()";"1";"4926";"4926";"13";"13"
"SCRIPT_API";"dw.catalog.ProductSearchHit#getDiscountedPromotionIDs()";"10";"593092";"593092";"0";"0"
"SCRIPT_API";"dw.catalog.ProductSearchHit#getFirstRepresentedProduct()";"10";"109905";"109905";"544";"544"
"SCRIPT_API";"dw.catalog.ProductSearchHit#getFirstRepresentedProductID()";"8";"49718";"49718";"0";"0"
"SCRIPT_API";"dw.catalog.ProductSearchHit#getMaxPrice()";"22";"51578";"51578";"0";"0"
"SCRIPT_API";"dw.catalog.ProductSearchHit#getMinPrice()";"22";"123731";"123731";"294";"294"
"SCRIPT_API";"dw.catalog.ProductSearchHit#getProduct()";"2";"17949";"17949";"0";"0"
"SCRIPT_API";"dw.catalog.ProductSearchHit#getProductID()";"36";"28311";"28311";"900";"900"
"SCRIPT_API";"dw.catalog.ProductSearchHit#getRepresentedVariationValues(Object)";"10";"526235";"526235";"150";"150"
"SCRIPT_API";"dw.catalog.ProductSearchModel#getCategory()";"4";"6800";"6800";"180";"180"
"SCRIPT_API";"dw.catalog.ProductSearchModel#getPageMetaTags()";"1";"48581";"48581";"0";"0"
"SCRIPT_API";"dw.catalog.ProductSearchModel#getProductSearchHit(dw.catalog.Product)";"12";"7771377";"7771377";"0";"0"
"SCRIPT_API";"dw.catalog.ProductSearchModel#getProductSearchHits()";"10";"54252763";"54252763";"0";"0"
"SCRIPT_API";"dw.catalog.ProductSearchModel#getSearchPhraseSuggestions()";"1";"7788";"7788";"8";"8"
"SCRIPT_API";"dw.catalog.ProductSearchModel#isCategorySearch()";"2";"3244";"3244";"19";"19"
"SCRIPT_API";"dw.catalog.ProductSearchModel#isPersonalizedSort()";"1";"4160";"4160";"34";"34"
"SCRIPT_API";"dw.catalog.ProductSearchModel#isRefinedCategorySearch()";"1";"2355";"2355";"12";"12"
"SCRIPT_API";"dw.catalog.ProductSearchModel#search()";"13";"71880155";"71880155";"7724629";"7724629"
"SCRIPT_API";"dw.catalog.ProductSearchModel#setPriceMax(Number)";"1";"2055";"2055";"8";"8"
"SCRIPT_API";"dw.catalog.ProductSearchModel#setPriceMin(Number)";"1";"5170";"5170";"20";"20"
"SCRIPT_API";"dw.catalog.ProductSearchModel#setRecursiveCategorySearch(Boolean)";"1";"2307";"2307";"26";"26"
"SCRIPT_API";"dw.catalog.ProductSearchModel#urlSortingRule(String,dw.catalog.SortingRule)";"8";"179930";"179930";"0";"0"
"SCRIPT_API";"dw.catalog.ProductSearchModel()";"13";"1270070";"1270070";"0";"0"
"SCRIPT_API";"dw.catalog.ProductVariationAttribute#getAttributeID()";"20";"30407";"30407";"2785";"2785"
"SCRIPT_API";"dw.catalog.ProductVariationAttribute#getDisplayName()";"3";"16241552";"16241552";"15280437";"15280437"
"SCRIPT_API";"dw.catalog.ProductVariationAttribute#getID()";"6";"8767";"8767";"104";"104"
"SCRIPT_API";"dw.catalog.ProductVariationAttributeValue#equals(Object)";"14";"18729";"18729";"394";"394"
"SCRIPT_API";"dw.catalog.ProductVariationAttributeValue#getDescription()";"32";"26766144";"26766144";"24955588";"24955588"
"SCRIPT_API";"dw.catalog.ProductVariationAttributeValue#getDisplayValue()";"38";"3413455";"3413455";"2952571";"2952571"
"SCRIPT_API";"dw.catalog.ProductVariationAttributeValue#getID()";"32";"65053";"65053";"30464";"30464"
"SCRIPT_API";"dw.catalog.ProductVariationAttributeValue#getImage(String,Number)";"18";"1842889";"1842889";"0";"0"
"SCRIPT_API";"dw.catalog.ProductVariationAttributeValue#getImages(String)";"1";"111199";"111199";"0";"0"
"SCRIPT_API";"dw.catalog.ProductVariationAttributeValue#getValue()";"50";"265698";"265698";"0";"0"
"SCRIPT_API";"dw.catalog.ProductVariationModel#getAllValues(dw.catalog.ProductVariationAttribute)";"3";"25062";"25062";"1";"1"
"SCRIPT_API";"dw.catalog.ProductVariationModel#getImages(String)";"2";"550502";"550502";"0";"0"
"SCRIPT_API";"dw.catalog.ProductVariationModel#getMaster()";"1";"3270";"3270";"92";"92"
"SCRIPT_API";"dw.catalog.ProductVariationModel#getProductVariationAttributes()";"1";"3591";"3591";"37";"37"
"SCRIPT_API";"dw.catalog.ProductVariationModel#getSelectedValue(dw.catalog.ProductVariationAttribute)";"3";"11396";"11396";"69";"69"
"SCRIPT_API";"dw.catalog.ProductVariationModel#getSelectedVariant()";"2";"7951";"7951";"175";"175"
"SCRIPT_API";"dw.catalog.ProductVariationModel#hasOrderableVariants(dw.catalog.ProductVariationAttribute,dw.catalog.ProductVariationAttributeValue)";"14";"91983649";"91983649";"85751213";"85751213"
"SCRIPT_API";"dw.catalog.ProductVariationModel#url(String,Object[])";"1";"23527";"23527";"0";"0"
"SCRIPT_API";"dw.catalog.ProductVariationModel#urlSelectVariationValue(String,dw.catalog.ProductVariationAttribute,dw.catalog.ProductVariationAttributeValue)";"8";"367301";"367301";"0";"0"
"SCRIPT_API";"dw.catalog.ProductVariationModel#urlUnselectVariationValue(String,dw.catalog.ProductVariationAttribute)";"3";"170250";"170250";"0";"0"
"SCRIPT_API";"dw.catalog.SearchModel#getCount()";"15";"156994";"156994";"318";"318"
"SCRIPT_API";"dw.catalog.SearchModel#getSearchPhrase()";"1";"2582";"2582";"25";"25"
"SCRIPT_API";"dw.catalog.SearchModel#setSearchPhrase(String)";"12";"30882";"30882";"91";"91"
"SCRIPT_API";"dw.catalog.SearchModel#url(String)";"1";"17293";"17293";"0";"0"
"SCRIPT_API";"dw.catalog.SortingOption#getDisplayName()";"8";"140588";"140588";"0";"0"
"SCRIPT_API";"dw.catalog.SortingOption#getID()";"8";"11063";"11063";"39";"39"
"SCRIPT_API";"dw.catalog.SortingOption#getSortingRule()";"8";"62039";"62039";"7";"7"
"SCRIPT_API";"dw.catalog.SortingRule#getID()";"1";"3496";"3496";"30";"30"
"SCRIPT_API";"dw.catalog.Variant#getBrand()";"9";"30397";"30397";"82";"82"
"SCRIPT_API";"dw.catalog.Variant#getLongDescription()";"2";"80959";"80959";"0";"0"
"SCRIPT_API";"dw.catalog.Variant#getMasterProduct()";"3";"10856";"10856";"5";"5"
"SCRIPT_API";"dw.catalog.Variant#getName()";"9";"465588";"465588";"0";"0"
"SCRIPT_API";"dw.catalog.Variant#getPageDescription()";"1";"20760";"20760";"0";"0"
"SCRIPT_API";"dw.catalog.Variant#getPageKeywords()";"1";"17861";"17861";"0";"0"
"SCRIPT_API";"dw.catalog.Variant#getPageTitle()";"1";"36583";"36583";"0";"0"
"SCRIPT_API";"dw.catalog.Variant#getShortDescription()";"2";"44283";"44283";"0";"0"
"SCRIPT_API";"dw.catalog.Variant#getTemplate()";"1";"10279";"10279";"0";"0"
"SCRIPT_API";"dw.content.Content#getID()";"23";"42294";"42294";"445";"445"
"SCRIPT_API";"dw.content.Content#getName()";"23";"363670";"363670";"0";"0"
"SCRIPT_API";"dw.content.Content#getPageDescription()";"23";"211574";"211574";"0";"0"
"SCRIPT_API";"dw.content.Content#getPageKeywords()";"23";"202821";"202821";"0";"0"
"SCRIPT_API";"dw.content.Content#getPageMetaTags()";"23";"289640";"289640";"0";"0"
"SCRIPT_API";"dw.content.Content#getPageTitle()";"23";"229607";"229607";"0";"0"
"SCRIPT_API";"dw.content.Content#getTemplate()";"23";"27881";"27881";"327";"327"
"SCRIPT_API";"dw.content.Content#isOnline()";"31";"1214410";"1214410";"0";"0"
"SCRIPT_API";"dw.content.ContentMgr#getContent(String)";"35";"2181047";"2181047";"1214507";"1214507"
"SCRIPT_API";"dw.content.MarkupText#getMarkup()";"6";"68835";"68835";"170";"170"
"SCRIPT_API";"dw.content.MediaFile#getAbsURL()";"15";"297696";"297696";"0";"0"
"SCRIPT_API";"dw.content.MediaFile#getAlt()";"33";"33226";"33226";"716";"716"
"SCRIPT_API";"dw.content.MediaFile#getTitle()";"33";"34792";"34792";"728";"728"
"SCRIPT_API";"dw.content.MediaFile#getURL()";"33";"40629800";"40629800";"33048102";"33048102"
"SCRIPT_API";"dw.customer.Customer#getProfile()";"8";"49778";"49778";"322";"322"
"SCRIPT_API";"dw.experience.PageMgr#getPage(String)";"2";"75620";"75620";"0";"0"
"SCRIPT_API";"dw.experience.PageMgr#getPageByCategory(dw.catalog.Category,Boolean,String)";"2";"4048741";"4048741";"3780963";"3780963"
"SCRIPT_API";"dw.experience.PageMgr#getPageByProduct(dw.catalog.Product,Boolean,String)";"2";"2466883";"2466883";"1140659";"1140659"
"SCRIPT_API";"dw.io.PrintWriter#print(String)";"1";"3433";"3433";"78";"78"
"SCRIPT_API";"dw.object.ExtensibleObject#getCustom()";"159";"520816";"520816";"4459";"4459"
"SCRIPT_API";"dw.object.PersistentObject#getUUID()";"34";"62779";"62779";"3864";"3864"
"SCRIPT_API";"dw.order.BasketMgr#getCurrentBasket()";"4";"251802";"251802";"1424";"1424"
"SCRIPT_API";"dw.system.HookMgr#callHook(String,String,Object[])";"12";"236341";"236341";"0";"0"
"SCRIPT_API";"dw.system.HookMgr#hasHook(String)";"399";"2226674";"2226674";"14716";"14716"
"SCRIPT_API";"dw.system.Logger#warn(String,Object[])";"4";"1801071";"1801071";"879394";"879394"
"SCRIPT_API";"dw.system.Request#getHttpHeaders()";"399";"6857796";"6857796";"0";"0"
"SCRIPT_API";"dw.system.Request#getHttpHost()";"429";"492948";"492948";"7218";"7218"
"SCRIPT_API";"dw.system.Request#getHttpMethod()";"399";"305306";"305306";"2141";"2141"
"SCRIPT_API";"dw.system.Request#getHttpParameterMap()";"1";"2762";"2762";"43";"43"
"SCRIPT_API";"dw.system.Request#getHttpPath()";"399";"588353";"588353";"3438";"3438"
"SCRIPT_API";"dw.system.Request#getHttpQueryString()";"577";"681025";"681025";"52740";"52740"
"SCRIPT_API";"dw.system.Request#getLocale()";"434";"419829";"419829";"16278";"16278"
"SCRIPT_API";"dw.system.Request#getPageMetaData()";"20";"30390";"30390";"2099";"2099"
"SCRIPT_API";"dw.system.Request#getRequestID()";"10";"12988";"12988";"160";"160"
"SCRIPT_API";"dw.system.Request#isHttpSecure()";"399";"373995";"373995";"9277";"9277"
"SCRIPT_API";"dw.system.Request#isIncludeRequest()";"798";"576073";"576073";"18686";"18686"
"SCRIPT_API";"dw.system.Response#getWriter()";"1";"605819";"605819";"0";"0"
"SCRIPT_API";"dw.system.Response#setContentType(String)";"1";"3937";"3937";"146";"146"
"SCRIPT_API";"dw.system.Response#setExpires(Date)";"44";"161230";"161230";"6639";"6639"
"SCRIPT_API";"dw.system.Response#setHttpHeader(String,String)";"798";"7510236";"7510236";"325533";"325533"
"SCRIPT_API";"dw.system.Response#setVaryBy(String)";"12";"18819";"18819";"214";"214"
"SCRIPT_API";"dw.system.Session#getClickStream()";"2";"7546";"7546";"51";"51"
"SCRIPT_API";"dw.system.Session#getCurrency()";"537";"1761885";"1761885";"483";"483"
"SCRIPT_API";"dw.system.Session#getPrivacy()";"42";"69338";"69338";"2354";"2354"
"SCRIPT_API";"dw.system.Session#setTrackingAllowed(Boolean)";"7";"202436";"202436";"0";"0"
"SCRIPT_API";"dw.system.Site#getAllowedLocales()";"8";"44005";"44005";"20";"20"
"SCRIPT_API";"dw.system.Site#getCalendar()";"2";"97317";"97317";"0";"0"
"SCRIPT_API";"dw.system.Site#getCurrent()";"14";"1815304";"1815304";"1300384";"1300384"
"SCRIPT_API";"dw.system.Site#getID()";"8";"12364";"12364";"231";"231"
"SCRIPT_API";"dw.system.Site#getPageMetaTags()";"2";"991060";"991060";"0";"0"
"SCRIPT_API";"dw.system.Site#getPreferences()";"4";"57642";"57642";"0";"0"
"SCRIPT_API";"dw.system.System#getInstanceType()";"4";"10099";"10099";"351";"351"
"SCRIPT_API";"dw.template.ISML#renderTemplate(String,Object)";"69";"173397808";"5970879";"45547350";"2600"
"SCRIPT_API";"dw.util.ArrayList()";"10";"15589";"15589";"316";"316"
"SCRIPT_API";"dw.util.Calendar#getTime()";"2";"4788";"4788";"23";"23"
"SCRIPT_API";"dw.util.Collection#getLength()";"16";"32789";"32789";"537";"537"
"SCRIPT_API";"dw.util.Collection#iterator()";"44";"83909";"83909";"2080";"2080"
"SCRIPT_API";"dw.util.Collection#toArray()";"1";"3930";"3930";"6";"6"
"SCRIPT_API";"dw.util.Currency#getCurrencyCode()";"451";"1151814";"1151814";"912281";"912281"
"SCRIPT_API";"dw.util.Currency#getDefaultFractionDigits()";"428";"260829";"260829";"6857";"6857"
"SCRIPT_API";"dw.util.Currency#getName()";"428";"254730";"254730";"5972";"5972"
"SCRIPT_API";"dw.util.Currency#getSymbol()";"428";"242014";"242014";"6193";"6193"
"SCRIPT_API";"dw.util.Decimal#get()";"12";"12149";"12149";"274";"274"
"SCRIPT_API";"dw.util.Decimal#toString()";"12";"12146";"12146";"136";"136"
"SCRIPT_API";"dw.util.HashMap()";"5";"11589";"11589";"129";"129"
"SCRIPT_API";"dw.util.Iterator#hasNext()";"137";"157103";"157103";"5631";"5631"
"SCRIPT_API";"dw.util.Iterator#next()";"110";"231697";"231697";"816";"816"
"SCRIPT_API";"dw.util.List#indexOf(Object)";"88";"73625";"73625";"2012";"2012"
"SCRIPT_API";"dw.util.List#size()";"30";"75885";"75885";"1325";"1325"
"SCRIPT_API";"dw.util.Locale#getCountry()";"8";"13855";"13855";"171";"171"
"SCRIPT_API";"dw.util.Locale#getDisplayCountry()";"8";"60815";"60815";"19";"19"
"SCRIPT_API";"dw.util.Locale#getDisplayLanguage()";"8";"13031";"13031";"49";"49"
"SCRIPT_API";"dw.util.Locale#getDisplayName()";"8";"110472";"110472";"0";"0"
"SCRIPT_API";"dw.util.Locale#getID()";"202";"125820";"125820";"4194";"4194"
"SCRIPT_API";"dw.util.Locale#getLanguage()";"12";"19050";"19050";"181";"181"
"SCRIPT_API";"dw.util.Locale#getLocale(String)";"35";"109132";"109132";"108";"108"
"SCRIPT_API";"dw.util.Map#put(Object,Object)";"1";"2692";"2692";"40";"40"
"SCRIPT_API";"dw.util.StringUtils#formatMoney(dw.value.Money)";"12";"564651";"564651";"0";"0"
"SCRIPT_API";"dw.util.Template#render(dw.util.Map)";"1";"1884585";"278059";"0";"0"
"SCRIPT_API";"dw.util.Template(String)";"1";"2305";"2305";"21";"21"
"SCRIPT_API";"dw.value.MimeEncodedText#getText()";"1";"1731";"1731";"20";"20"
"SCRIPT_API";"dw.value.Money#getCurrencyCode()";"12";"11872";"11872";"151";"151"
"SCRIPT_API";"dw.value.Money#getDecimalValue()";"24";"43206";"43206";"407";"407"
"SCRIPT_API";"dw.value.Money#getValue()";"42";"25998";"25998";"836";"836"
"SCRIPT_API";"dw.value.Money#getValueOrNull()";"12";"16699";"16699";"156";"156"
"SCRIPT_API";"dw.value.Money#isAvailable()";"42";"27239";"27239";"1037";"1037"
"SCRIPT_API";"dw.value.Quantity#getValue()";"9";"6074";"6074";"215";"215"
"SCRIPT_API";"dw.web.CSRFProtection#generateToken()";"38";"1043379";"1043379";"0";"0"
"SCRIPT_API";"dw.web.CSRFProtection#getTokenName()";"38";"128754";"128754";"3673";"3673"
"SCRIPT_API";"dw.web.CSRFProtection#validateRequest()";"1";"48499";"48499";"69";"69"
"SCRIPT_API";"dw.web.ClickStream#getClicks()";"1";"6191";"6191";"10";"10"
"SCRIPT_API";"dw.web.ClickStream#isPartial()";"1";"2516";"2516";"0";"0"
"SCRIPT_API";"dw.web.HttpParameter#getDoubleValue()";"2";"7258";"7258";"63";"63"
"SCRIPT_API";"dw.web.LoopIterator#getCount()";"40";"41721";"41721";"3489";"3489"
"SCRIPT_API";"dw.web.LoopIterator#getIndex()";"6";"5372";"5372";"477";"477"
"SCRIPT_API";"dw.web.LoopIterator#isLast()";"9";"13879";"13879";"1033";"1033"
"SCRIPT_API";"dw.web.PageMetaData#addPageMetaTags(Array)";"4";"55070";"55070";"0";"0"
"SCRIPT_API";"dw.web.PageMetaData#getDescription()";"20";"15081";"15081";"473";"473"
"SCRIPT_API";"dw.web.PageMetaData#getKeywords()";"20";"15526";"15526";"310";"310"
"SCRIPT_API";"dw.web.PageMetaData#getPageMetaTags()";"20";"52520";"52520";"0";"0"
"SCRIPT_API";"dw.web.PageMetaData#getTitle()";"20";"35538";"35538";"17235";"17235"
"SCRIPT_API";"dw.web.PageMetaData#setDescription(String)";"1";"2059";"2059";"59";"59"
"SCRIPT_API";"dw.web.PageMetaData#setTitle(String)";"1";"5001";"5001";"157";"157"
"SCRIPT_API";"dw.web.PageMetaTag#getContent()";"6";"11616";"11616";"90";"90"
"SCRIPT_API";"dw.web.PageMetaTag#getID()";"8";"41839";"41839";"103";"103"
"SCRIPT_API";"dw.web.PageMetaTag#isName()";"12";"12803";"12803";"556";"556"
"SCRIPT_API";"dw.web.PageMetaTag#isProperty()";"2";"9396";"9396";"34";"34"
"SCRIPT_API";"dw.web.PageMetaTag#isTitle()";"6";"13396";"13396";"216";"216"
"SCRIPT_API";"dw.web.PagingModel#getCurrentPage()";"1";"2684";"2684";"2";"2"
"SCRIPT_API";"dw.web.PagingModel#getEnd()";"8";"7102";"7102";"243";"243"
"SCRIPT_API";"dw.web.PagingModel#getPageElements()";"1";"5039";"5039";"7";"7"
"SCRIPT_API";"dw.web.PagingModel#setPageSize(Number)";"2";"3231";"3231";"23";"23"
"SCRIPT_API";"dw.web.PagingModel#setStart(Number)";"2";"4352";"4352";"32";"32"
"SCRIPT_API";"dw.web.PagingModel(dw.util.Iterator,Number)";"2";"12793";"12793";"128";"128"
"SCRIPT_API";"dw.web.Resource#msg(String,String,String)";"169";"6234136";"6234136";"6268";"6268"
"SCRIPT_API";"dw.web.Resource#msgf(String,String,String,Object[])";"54";"1790348";"1790348";"0";"0"
"SCRIPT_API";"dw.web.URL#append(String,String)";"1";"4154";"4154";"8";"8"
"SCRIPT_API";"dw.web.URL#appendCSRFTokenBM()";"1";"40394";"40394";"0";"0"
"SCRIPT_API";"dw.web.URL#relative()";"22";"100549";"100549";"0";"0"
"SCRIPT_API";"dw.web.URL#toString()";"113";"2696943";"2696943";"0";"0"
"SCRIPT_API";"dw.web.URLUtils#https(String,String[])";"14";"345392";"345392";"7528";"7528"
"SCRIPT_API";"dw.web.URLUtils#staticURL(String)";"52";"27805716";"27805716";"22571001";"22571001"
"SCRIPT_API";"dw.web.URLUtils#url(String,String[])";"160";"844156";"844156";"1737";"1737"
"SCRIPT_CONTROLLER";"app_storefront_base/cartridge/controllers/Account.js#Header";"8";"40795253";"30542383";"12121117";"11184923"
"SCRIPT_CONTROLLER";"app_storefront_base/cartridge/controllers/Cart.js#MiniCart";"4";"15131215";"10632387";"1431";"0"
"SCRIPT_CONTROLLER";"app_storefront_base/cartridge/controllers/ConsentTracking.js#Check";"4";"9968676";"6575004";"1388";"0"
"SCRIPT_CONTROLLER";"app_storefront_base/cartridge/controllers/ConsentTracking.js#GetContent";"1";"2987614";"2231025";"222";"0"
"SCRIPT_CONTROLLER";"app_storefront_base/cartridge/controllers/ConsentTracking.js#SetConsent";"1";"3216904";"2111614";"321";"0"
"SCRIPT_CONTROLLER";"app_storefront_base/cartridge/controllers/Default.js#Start";"1";"23298259";"2853513";"9267056";"0"
"SCRIPT_CONTROLLER";"app_storefront_base/cartridge/controllers/Home.js#Show";"1";"16416356";"2865888";"7274936";"0"
"SCRIPT_CONTROLLER";"app_storefront_base/cartridge/controllers/Page.js#Include";"26";"64521286";"43754057";"2106601";"0"
"SCRIPT_CONTROLLER";"app_storefront_base/cartridge/controllers/Page.js#IncludeHeaderMenu";"4";"52646232";"8283501";"34968001";"0"
"SCRIPT_CONTROLLER";"app_storefront_base/cartridge/controllers/Page.js#Locale";"8";"17548969";"13336345";"16797";"8204"
"SCRIPT_CONTROLLER";"app_storefront_base/cartridge/controllers/Product.js#Show";"1";"290478933";"12755186";"185944843";"2771224"
"SCRIPT_CONTROLLER";"app_storefront_base/cartridge/controllers/Search.js#Show";"1";"142908055";"5311891";"17262506";"0"
"SCRIPT_CONTROLLER";"app_storefront_base/cartridge/controllers/Tile.js#Show";"10";"136302195";"34093572";"51334736";"148231"
"SCRIPT_CONTROLLER";"bm_mailchimp/cartridge/controllers/customerInfo.js#start";"1";"4416146";"4416146";"0";"0"
"SF_PAGE";"/Sites-RefArch-Site/-/null-null";"1";"23924024";"625765";"9557718";"290662"
"SF_PAGE";"/Sites-RefArch-Site/default/__SYSTEM__StorefrontToolkit-Init";"4";"6489516";"6489516";"252223";"252223"
"SF_PAGE";"/Sites-RefArch-Site/en_US/Account-Header";"8";"41848204";"1052951";"12127546";"6429"
"SF_PAGE";"/Sites-RefArch-Site/en_US/Cart-MiniCart";"4";"15716278";"585063";"4745";"3314"
"SF_PAGE";"/Sites-RefArch-Site/en_US/ConsentTracking-Check";"4";"10556159";"587483";"4044";"2656"
"SF_PAGE";"/Sites-RefArch-Site/en_US/ConsentTracking-GetContent";"1";"3169619";"182005";"1500";"1278"
"SF_PAGE";"/Sites-RefArch-Site/en_US/ConsentTracking-SetConsent";"1";"3468547";"251643";"1098";"777"
"SF_PAGE";"/Sites-RefArch-Site/en_US/Home-Show";"1";"16599868";"183512";"7275881";"945"
"SF_PAGE";"/Sites-RefArch-Site/en_US/Page-Include";"26";"67575676";"3054390";"2128036";"21435"
"SF_PAGE";"/Sites-RefArch-Site/en_US/Page-IncludeHeaderMenu";"4";"53142862";"496630";"34971965";"3964"
"SF_PAGE";"/Sites-RefArch-Site/en_US/Page-Locale";"8";"18639319";"1090350";"23226";"6429"
"SF_PAGE";"/Sites-RefArch-Site/en_US/Product-Show";"1";"290704666";"225733";"185945484";"641"
"SF_PAGE";"/Sites-RefArch-Site/en_US/Search-Show";"1";"143124455";"216400";"17263420";"914"
"SF_PAGE";"/Sites-RefArch-Site/en_US/Tile-Show";"10";"137678084";"1375889";"51342949";"8213"
"SF_PAGE";"/Sites-RefArch-Site/en_US/__SYSTEM__Slot-Render";"18";"545152007";"18631868";"513799793";"10259494"
"SF_PAGE";"/Sites-RefArch-Site/en_US/__SYSTEM__Slot-Request";"21";"107367901";"107367901";"83018468";"83018468"
