"Type";"Name";"Count";"TotalTime";"OwnTime";"TotalWaitTime";"OwnWaitTime"
"PIPELINE_NODE";"bc_api:Assign";"6";"1372753";"1372753";"0";"0"
"SCRIPT_API";"dw.catalog.Product#isProductSet()";"1";"9692";"9692";"1330";"1330"
"SCRIPT_API";"dw.content.MediaFile#getAbsURL()";"2";"77616";"77616";"0";"0"
"SCRIPT_API";"dw.system.Request#getHttpHost()";"14";"32159";"32159";"223";"223"
"SCRIPT_API";"dw.system.Site#getCalendar()";"2";"2277279";"2277279";"1984344";"1984344"
"SCRIPT_API";"dw.util.Calendar#getTime()";"2";"5766";"5766";"29";"29"
"SCRIPT_API";"dw.util.HashMap()";"2";"14411";"14411";"1620";"1620"
"SCRIPT_API";"dw.util.List#size()";"14";"33350";"33350";"512";"512"
"SCRIPT_API";"dw.util.Map#values()";"2";"34349";"34349";"0";"0"
"SCRIPT_API";"dw.web.CSRFProtection#generateToken()";"14";"366598";"366598";"186";"186"
"SCRIPT_API";"dw.web.CSRFProtection#getTokenName()";"14";"42474";"42474";"1471";"1471"
