"Type";"Name";"Count";"TotalTime";"OwnTime";"TotalWaitTime";"OwnWaitTime"
"ONREQUEST";"/Sites-RefArch-Site/en_US/Default-Start";"2";"635170293";"635170293";"475890031";"475890031"
"ONREQUEST";"/Sites-RefArch-Site/en_US/__Analytics-Start";"4";"12044764";"12044764";"4577174";"4577174"
"ONREQUEST";"/Sites-RefArch-Site/en_US/__SYSTEM__StorefrontToolkit-Start";"2";"15489695";"15489695";"32";"32"
"PIPELINE_NODE";"bc_api:Assign";"5";"2407922";"2407922";"0";"0"
"SCRIPT_API";"dw.system.Request#getHttpHost()";"2";"4721";"4721";"31";"31"
"SCRIPT_API";"dw.util.List#size()";"2";"5322";"5322";"127";"127"
"SCRIPT_API";"dw.web.CSRFProtection#generateToken()";"2";"71479";"71479";"86";"86"
"SCRIPT_API";"dw.web.CSRFProtection#getTokenName()";"2";"11332";"11332";"463";"463"
"SF_PAGE";"/Sites-RefArch-Site/en_US/Default-Start";"2";"141535608";"141535608";"67088820";"67088820"
"SF_PAGE";"/Sites-RefArch-Site/en_US/__SYSTEM__StorefrontToolkit-Start";"2";"13308986";"13308986";"201056";"201056"
