"Type";"Name";"Count";"TotalTime";"OwnTime";"TotalWaitTime";"OwnWaitTime"
"ONREQUEST";"/Sites-RefArch-Site/-/null-null";"1";"205561838";"205561838";"173561994";"173561994"
"ONREQUEST";"/Sites-RefArch-Site/en_US/__Analytics-Start";"1";"2460813";"2460813";"149";"149"
"ONREQUEST";"/Sites-RefArch-Site/en_US/__SYSTEM__StorefrontToolkit-Start";"1";"1822235";"1822235";"597";"597"
"PIPELINE_NODE";"bc_api:Assign";"4";"1022576";"1022576";"0";"0"
"SCRIPT_API";"dw.system.Request#getHttpHost()";"3";"6601";"6601";"147";"147"
"SCRIPT_API";"dw.util.List#size()";"3";"6684";"6684";"122";"122"
"SCRIPT_API";"dw.web.CSRFProtection#generateToken()";"3";"78624";"78624";"23";"23"
"SCRIPT_API";"dw.web.CSRFProtection#getTokenName()";"3";"19868";"19868";"372";"372"
"SCRIPT_API";"dw.web.URL#appendCSRFTokenBM()";"1";"3451";"3451";"5";"5"
"SCRIPT_API";"dw.web.URL#toString()";"1";"19692";"19692";"0";"0"
"SCRIPT_API";"dw.web.URLAction(String,String)";"1";"21987";"21987";"0";"0"
"SCRIPT_API";"dw.web.URLUtils#https(dw.web.URLAction,dw.web.URLParameter[])";"1";"17762";"17762";"3";"3"
"SF_PAGE";"/Sites-RefArch-Site/-/null-null";"1";"35969655";"35969655";"25579963";"25579963"
"SF_PAGE";"/Sites-RefArch-Site/en_US/__SYSTEM__StorefrontToolkit-Start";"1";"1199365";"1199365";"310626";"310626"
