"Type";"Name";"Count";"TotalTime";"OwnTime";"TotalWaitTime";"OwnWaitTime"
"ONREQUEST";"/Sites-Mailchimp-Site/-/null-null";"1";"39312394";"39312394";"29985411";"29985411"
"ONREQUEST";"/Sites-RefArch-Site/-/null-null";"5";"14451440";"14451440";"4231043";"4231043"
"PIPELINE_NODE";"bc_api:Assign";"6";"2425607";"2425607";"0";"0"
"SCRIPT_API";"dw.system.Request#getHttpHost()";"16";"46790";"46790";"261";"261"
"SCRIPT_API";"dw.util.List#size()";"16";"41033";"41033";"732";"732"
"SCRIPT_API";"dw.web.CSRFProtection#generateToken()";"16";"495745";"495745";"0";"0"
"SCRIPT_API";"dw.web.CSRFProtection#getTokenName()";"16";"54638";"54638";"1624";"1624"
"SCRIPT_API";"dw.web.URL#appendCSRFTokenBM()";"1";"4116";"4116";"14";"14"
"SCRIPT_API";"dw.web.URL#toString()";"1";"21213";"21213";"0";"0"
"SCRIPT_API";"dw.web.URLAction(String,String)";"1";"20175";"20175";"0";"0"
"SCRIPT_API";"dw.web.URLUtils#https(dw.web.URLAction,dw.web.URLParameter[])";"1";"18442";"18442";"0";"0"
"SCRIPT_CONTROLLER";"app_storefront_base/cartridge/controllers/Default.js#Start";"6";"12693078";"12693078";"883599";"883599"
"SCRIPT_CONTROLLER";"app_storefront_base/cartridge/controllers/Error.js#Start";"6";"5663914";"5663914";"2852";"2852"
"SF_PAGE";"/Sites-Mailchimp-Site/-/null-null";"1";"11194846";"7902250";"3443372";"2554955"
"SF_PAGE";"/Sites-RefArch-Site/-/null-null";"5";"56429719";"41365323";"14354091";"14356057"
