"Type";"Name";"Count";"TotalTime";"OwnTime";"TotalWaitTime";"OwnWaitTime"
"ONREQUEST";"/Sites-Mailchimp-Site/-/null-null";"5";"32384078";"32384078";"21999153";"21999153"
"ONREQUEST";"/Sites-Mailchimp-Site/default/__SYSTEM__StorefrontToolkit-Init";"1";"2047792";"2047792";"645";"645"
"PIPELINE_NODE";"bc_api:Assign";"2";"1093356";"1093356";"0";"0"
"SCRIPT_API";"dw.system.Request#getHttpHost()";"19";"45552";"45552";"473";"473"
"SCRIPT_API";"dw.util.List#size()";"19";"43325";"43325";"975";"975"
"SCRIPT_API";"dw.util.Map#containsKey(Object)";"36";"96978";"96978";"1015";"1015"
"SCRIPT_API";"dw.util.Map#get(Object)";"30";"114410";"114410";"537";"537"
"SCRIPT_API";"dw.util.Map#isEmpty()";"6";"31454";"31454";"152";"152"
"SCRIPT_API";"dw.util.Map#size()";"12";"1280110";"1280110";"42306";"42306"
"SCRIPT_API";"dw.web.CSRFProtection#generateToken()";"19";"498618";"498618";"10";"10"
"SCRIPT_API";"dw.web.CSRFProtection#getTokenName()";"19";"59230";"59230";"3011";"3011"
"SCRIPT_API";"dw.web.URL#appendCSRFTokenBM()";"2";"7507";"7507";"29";"29"
"SCRIPT_API";"dw.web.URL#toString()";"2";"40141";"40141";"0";"0"
"SCRIPT_API";"dw.web.URLAction(String,String)";"2";"33040";"33040";"0";"0"
"SCRIPT_API";"dw.web.URLUtils#https(dw.web.URLAction,dw.web.URLParameter[])";"2";"31681";"31681";"0";"0"
"SCRIPT_CONTROLLER";"app_storefront_base/cartridge/controllers/Default.js#Start";"5";"9431289";"9431289";"945963";"945963"
"SCRIPT_CONTROLLER";"app_storefront_base/cartridge/controllers/Error.js#Start";"5";"4613255";"4613255";"323";"323"
"SF_PAGE";"/Sites-Mailchimp-Site/-/null-null";"5";"50967550";"36923006";"11694437";"10748151"
"SF_PAGE";"/Sites-Mailchimp-Site/default/__SYSTEM__StorefrontToolkit-Init";"1";"1786729";"1786729";"622";"622"
