"Type";"Name";"Count";"TotalTime";"OwnTime";"TotalWaitTime";"OwnWaitTime"
"ONREQUEST";"/Sites-Mailchimp-Site/-/null-null";"3";"170681359";"170681359";"139499517";"139499517"
"ONREQUEST";"/Sites-Mailchimp-Site/default/__SYSTEM__StorefrontToolkit-Init";"28";"270092559";"270092559";"190058053";"190058053"
"PIPELINE_NODE";"bc_api:Assign";"11";"7151605";"7151605";"0";"0"
"SCRIPT_API";"dw.system.Request#getHttpHost()";"13";"29362";"29362";"228";"228"
"SCRIPT_API";"dw.util.List#size()";"13";"31284";"31284";"801";"801"
"SCRIPT_API";"dw.web.CSRFProtection#generateToken()";"13";"367251";"367251";"391";"391"
"SCRIPT_API";"dw.web.CSRFProtection#getTokenName()";"13";"44779";"44779";"2968";"2968"
"SCRIPT_API";"dw.web.URL#appendCSRFTokenBM()";"1";"3376";"3376";"72";"72"
"SCRIPT_API";"dw.web.URL#toString()";"1";"19366";"19366";"0";"0"
"SCRIPT_API";"dw.web.URLAction(String,String)";"1";"25383";"25383";"0";"0"
"SCRIPT_API";"dw.web.URLUtils#https(dw.web.URLAction,dw.web.URLParameter[])";"1";"14484";"14484";"0";"0"
"SCRIPT_CONTROLLER";"app_storefront_base/cartridge/controllers/Default.js#Start";"3";"13311550";"13311550";"7446353";"7446353"
"SCRIPT_CONTROLLER";"app_storefront_base/cartridge/controllers/Error.js#Start";"3";"1888215";"1888215";"219081";"219081"
"SF_PAGE";"/Sites-Mailchimp-Site/-/null-null";"3";"42588649";"27388884";"16636083";"8970649"
"SF_PAGE";"/Sites-Mailchimp-Site/default/__SYSTEM__StorefrontToolkit-Init";"28";"97497916";"97497916";"25871666";"25871666"
