"Type";"Name";"Count";"TotalTime";"OwnTime";"TotalWaitTime";"OwnWaitTime"
"ISML";"app_storefront_base/default//account/login";"1";"208094166";"70430524";"4659270";"15641"
"ISML";"app_storefront_base/default//common/htmlHead";"85";"331845868";"59043951";"239001896";"13791632"
"ISML";"app_storefront_base/default//common/scripts";"170";"17524525";"12264003";"0";"0"
"ISML";"app_storefront_base/default//components/content/contentAsset";"495";"16995890";"15521803";"977529";"975214"
"ISML";"app_storefront_base/default//components/content/offlineContent";"237";"9349205";"9349205";"2243";"2243"
"ISML";"app_storefront_base/default//components/footer/pageFooter";"85";"29905903";"13712871";"988020";"0"
"ISML";"app_storefront_base/default//components/header/countrySelector";"27";"4135252";"4135252";"3049";"3049"
"ISML";"app_storefront_base/default//components/header/menu";"26";"16421046";"13403963";"1039292";"1019749"
"ISML";"app_storefront_base/default//components/header/miniCart";"27";"11155001";"9502507";"1026582";"1020692"
"ISML";"app_storefront_base/default//components/header/mobileCountrySelector";"26";"4015500";"4015500";"3356";"3356"
"ISML";"app_storefront_base/default//components/header/pageHeader";"70";"104551694";"30768315";"46152358";"5864220"
"ISML";"app_storefront_base/default//components/header/pageHeaderNomenu";"15";"24978790";"3274695";"17291672";"16104"
"ISML";"app_storefront_base/default//components/header/skipNav";"85";"5873444";"3907972";"4797";"0"
"ISML";"app_storefront_base/default//components/modules";"85";"1057902";"1057902";"3621";"3621"
"ISML";"app_storefront_base/default//components/schema";"70";"4488270";"4488270";"64379";"64379"
"ISML";"app_storefront_base/default//product/components/pricing/default";"251";"22616903";"17337078";"317351";"300477"
"ISML";"app_storefront_base/default//product/components/pricing/formatted";"261";"4053182";"4053182";"17220";"17220"
"ISML";"app_storefront_base/default//product/components/pricing/main";"25";"2661626";"1025043";"2216";"513"
"ISML";"app_storefront_base/default//reporting/reporting";"30";"1200112";"1200112";"1320";"1320"
"ISML";"app_storefront_base/default//reporting/reportingUrls";"3";"917272";"917272";"0";"0"
"ISML";"app_storefront_base/default//search/searchRefineBar";"10";"9079394";"4398216";"1672181";"1671865"
"ISML";"app_storefront_base/default/account/accountDashboard";"1";"412911927";"64477936";"33558000";"1010374"
"ISML";"app_storefront_base/default/account/addressBookCard";"1";"59883210";"59784753";"1050140";"1047564"
"ISML";"app_storefront_base/default/account/components/accountEditedEmail";"1";"58756364";"58715675";"612261";"610570"
"ISML";"app_storefront_base/default/account/components/loginForm";"1";"3917827";"3853375";"3040698";"3040048"
"ISML";"app_storefront_base/default/account/components/navTabs";"1";"125069";"107365";"378";"291"
"ISML";"app_storefront_base/default/account/components/oauth";"1";"149149";"125771";"316";"149"
"ISML";"app_storefront_base/default/account/components/registerForm";"1";"1632410";"860331";"337";"0"
"ISML";"app_storefront_base/default/account/components/trackOrderForm";"1";"127578336";"67730390";"1598772";"1045860"
"ISML";"app_storefront_base/default/account/components/trackOrderFormBillingZipCode";"1";"59765526";"59722412";"550581";"548623"
"ISML";"app_storefront_base/default/account/dashboardProfileCards";"1";"332563162";"64917705";"22522429";"0"
"ISML";"app_storefront_base/default/account/header";"27";"14749224";"11107994";"3845243";"2983872"
"ISML";"app_storefront_base/default/account/mobileHeader";"26";"7257749";"6362788";"3765";"0"
"ISML";"app_storefront_base/default/account/password/passwordResetForm";"1";"176676";"150286";"254";"32"
"ISML";"app_storefront_base/default/account/password/requestPasswordResetModal";"1";"379003";"192772";"465";"32"
"ISML";"app_storefront_base/default/account/passwordCard";"1";"58527700";"58423294";"1061952";"1059597"
"ISML";"app_storefront_base/default/account/payment/addPayment";"1";"157921295";"62924817";"15981790";"514010"
"ISML";"app_storefront_base/default/account/payment/deletePaymentModal";"1";"57357683";"57305798";"141452";"139535"
"ISML";"app_storefront_base/default/account/payment/payment";"1";"269484390";"82970010";"22979939";"15921251"
"ISML";"app_storefront_base/default/account/payment/paymentForm";"1";"77539712";"77410066";"2660136";"2658761"
"ISML";"app_storefront_base/default/account/payment/savedPayment";"1";"53962721";"53927381";"9034";"7377"
"ISML";"app_storefront_base/default/account/payment/savedPayments";"1";"117429657";"63459979";"8619";"0"
"ISML";"app_storefront_base/default/account/paymentCard";"1";"68881819";"68091188";"705164";"703771"
"ISML";"app_storefront_base/default/account/profileCard";"1";"80352728";"80254519";"19705581";"19703099"
"ISML";"app_storefront_base/default/cart/cart";"4";"193115456";"7339874";"25684789";"1329687"
"ISML";"app_storefront_base/default/cart/cartApproachingDiscount";"3";"167634";"161208";"742";"574"
"ISML";"app_storefront_base/default/cart/cartCouponDisplay";"36";"3321625";"3321625";"4630";"4630"
"ISML";"app_storefront_base/default/cart/cartPromoCode";"3";"444762";"366190";"529";"217"
"ISML";"app_storefront_base/default/cart/cartRemoveCouponModal";"3";"354474";"288968";"1052";"476"
"ISML";"app_storefront_base/default/cart/cartRemoveProductModal";"10";"758637";"547498";"563";"0"
"ISML";"app_storefront_base/default/cart/cartShippingMethodSelection";"3";"488696";"464200";"560";"250"
"ISML";"app_storefront_base/default/cart/cartTotals";"3";"60760031";"60634903";"545505";"543161"
"ISML";"app_storefront_base/default/cart/checkoutButtons";"10";"2019854";"1881242";"987688";"987131"
"ISML";"app_storefront_base/default/cart/productCard/cartProductCard";"3";"86019653";"3455482";"2944872";"611951"
"ISML";"app_storefront_base/default/cart/productCard/cartProductCardAvailability";"25";"978003";"978003";"1067";"1067"
"ISML";"app_storefront_base/default/cart/productCard/cartProductCardEdit";"3";"79417370";"79282836";"2129652";"2127235"
"ISML";"app_storefront_base/default/cart/productCard/cartProductCardHeader";"3";"940263";"661233";"201877";"200595"
"ISML";"app_storefront_base/default/cart/productCard/cartProductCardProductPrice";"3";"1905637";"570606";"569";"0"
"ISML";"app_storefront_base/default/checkout/addressSummary";"30";"63266896";"63266896";"0";"0"
"ISML";"app_storefront_base/default/checkout/billing/addressSelector";"15";"168647039";"78247225";"24977774";"1505443"
"ISML";"app_storefront_base/default/checkout/billing/addressSelectorShipping";"15";"90196236";"90196236";"23470763";"23470763"
"ISML";"app_storefront_base/default/checkout/billing/billing";"15";"399931879";"14562581";"41777997";"3655892"
"ISML";"app_storefront_base/default/checkout/billing/billingAddress";"15";"106333102";"104172542";"79663";"53739"
"ISML";"app_storefront_base/default/checkout/billing/billingSummary";"15";"4618906";"2465058";"750591";"391951"
"ISML";"app_storefront_base/default/checkout/billing/creditCardForm";"13";"12222165";"11404760";"1187";"0"
"ISML";"app_storefront_base/default/checkout/billing/paymentOptions";"15";"109530302";"3239233";"13058976";"1124892"
"ISML";"app_storefront_base/default/checkout/billing/paymentOptions/creditCardContent";"13";"90466908";"4964278";"2021132";"794359"
"ISML";"app_storefront_base/default/checkout/billing/paymentOptions/creditCardSummary";"2";"173028";"146966";"627";"415"
"ISML";"app_storefront_base/default/checkout/billing/paymentOptions/creditCardTab";"13";"11970966";"799154";"8864228";"6848"
"ISML";"app_storefront_base/default/checkout/billing/paymentOptions/paymentOptionsContent";"15";"92236967";"1770059";"2465873";"444741"
"ISML";"app_storefront_base/default/checkout/billing/paymentOptions/paymentOptionsSummary";"15";"1283889";"1110861";"357836";"357209"
"ISML";"app_storefront_base/default/checkout/billing/paymentOptions/paymentOptionsTabs";"15";"14054102";"2083136";"9468211";"603983"
"ISML";"app_storefront_base/default/checkout/billing/storedPaymentInstruments";"10";"73101530";"73026111";"1225151";"1224250"
"ISML";"app_storefront_base/default/checkout/cart/miniCart";"7";"17851675";"5677384";"3587206";"1161087"
"ISML";"app_storefront_base/default/checkout/checkout";"15";"986206702";"46519508";"146256341";"23979888"
"ISML";"app_storefront_base/default/checkout/confirmation/accountRegisteredEmail";"1";"60686324";"60626117";"0";"0"
"ISML";"app_storefront_base/default/checkout/customer/customer";"4";"8109698";"1254919";"3353319";"470710"
"ISML";"app_storefront_base/default/checkout/customer/customerCard";"4";"3983308";"3681622";"1926069";"1922535"
"ISML";"app_storefront_base/default/checkout/customer/customerOAuthCard";"4";"2827160";"1620331";"956158";"956510"
"ISML";"app_storefront_base/default/checkout/customer/customerSummary";"15";"892389";"782730";"1707";"1206"
"ISML";"app_storefront_base/default/checkout/orderProductSummary";"15";"13609306";"2590551";"2422060";"616807"
"ISML";"app_storefront_base/default/checkout/orderTotalSummary";"15";"64165235";"63717371";"1188";"0"
"ISML";"app_storefront_base/default/checkout/productCard/productCard";"22";"19699541";"11384541";"3243514";"3227197"
"ISML";"app_storefront_base/default/checkout/productCard/productCardProductName";"15";"260351";"260351";"1259";"1259"
"ISML";"app_storefront_base/default/checkout/productCard/productCardProductNameAndRemove";"7";"641601";"539327";"1034";"979"
"ISML";"app_storefront_base/default/checkout/productCard/productCardProductPromotions";"10";"191832";"191832";"1023";"1023"
"ISML";"app_storefront_base/default/checkout/productCard/productCardProductRenderedTotalPrice";"62";"11132446";"8557448";"864914";"864139"
"ISML";"app_storefront_base/default/checkout/productCard/productCardProductTotalPrice";"87";"3250079";"3250079";"1535";"1535"
"ISML";"app_storefront_base/default/checkout/productCard/productCardQuantityDisplay";"15";"1125145";"966189";"7793";"0"
"ISML";"app_storefront_base/default/checkout/productCard/productCardQuantitySelector";"10";"2858562";"1999776";"870";"0"
"ISML";"app_storefront_base/default/checkout/shipping/giftMessageSummary";"15";"1053824";"892309";"11569";"9924"
"ISML";"app_storefront_base/default/checkout/shipping/shipping";"15";"65342290";"65342290";"1075368";"1075368"
"ISML";"app_storefront_base/default/checkout/shipping/shippingAddressTemplate";"15";"64049869";"63820276";"162867";"160041"
"ISML";"app_storefront_base/default/checkout/shipping/shippingSummary";"15";"195945911";"130243386";"3310525";"3297869"
"ISML";"app_storefront_base/default/checkout/shipping/shippingTitle";"15";"576099";"451427";"2428";"1703"
"ISML";"app_storefront_base/default/common/layout/checkout";"15";"118227557";"15414940";"69404071";"471343"
"ISML";"app_storefront_base/default/common/layout/page";"70";"495972289";"78571427";"241100064";"6545132"
"ISML";"app_storefront_base/default/components/breadcrumbs/pageBreadcrumbs";"4";"676110";"663323";"1669";"1000"
"ISML";"app_storefront_base/default/components/deleteButton";"6";"445969";"359493";"1404";"1381"
"ISML";"app_storefront_base/default/components/header/menuItem";"26";"1783566";"1783566";"3962";"3962"
"ISML";"app_storefront_base/default/components/header/search";"140";"19471512";"16150909";"1986899";"1965061"
"ISML";"app_storefront_base/default/error";"43";"146379899";"16568626";"2137326";"5422"
"ISML";"app_storefront_base/default/home/homePage";"9";"179597296";"18367540";"111976033";"9267458"
"ISML";"app_storefront_base/default/product/components/addToCartGlobal";"9";"2171332";"2085189";"1105729";"1104075"
"ISML";"app_storefront_base/default/product/components/attributes";"13";"331482";"331482";"1442";"1442"
"ISML";"app_storefront_base/default/product/components/attributesPre";"13";"2815288";"2483806";"544956";"543514"
"ISML";"app_storefront_base/default/product/components/availability";"18";"857012";"663243";"2308";"1055"
"ISML";"app_storefront_base/default/product/components/imageCarousel";"9";"2379231";"2075019";"2113";"0"
"ISML";"app_storefront_base/default/product/components/mainAttributes";"9";"276683";"276683";"738";"738"
"ISML";"app_storefront_base/default/product/components/options";"13";"959994";"959994";"1008";"1008"
"ISML";"app_storefront_base/default/product/components/pricing/ajaxMain";"97";"36070801";"20276573";"1238803";"605617"
"ISML";"app_storefront_base/default/product/components/pricing/main";"226";"55656622";"34676302";"23142709";"22827061"
"ISML";"app_storefront_base/default/product/components/productRating";"120";"5637022";"5637022";"0";"0"
"ISML";"app_storefront_base/default/product/components/productTileImage";"120";"15469300";"11880110";"12027";"15437"
"ISML";"app_storefront_base/default/product/components/productTileName";"120";"3100677";"3100677";"4757";"4757"
"ISML";"app_storefront_base/default/product/components/productTileSwatch";"120";"13102868";"12782345";"4323";"0"
"ISML";"app_storefront_base/default/product/components/promotions";"22";"1253925";"1253925";"1090";"1090"
"ISML";"app_storefront_base/default/product/components/quantity";"18";"3305109";"3201818";"0";"0"
"ISML";"app_storefront_base/default/product/components/ratings";"120";"11815404";"6178382";"215879";"222154"
"ISML";"app_storefront_base/default/product/components/variationAttribute";"18";"2914498";"2672459";"1420";"0"
"ISML";"app_storefront_base/default/product/gridTile";"120";"142236131";"28448103";"24006950";"282884"
"ISML";"app_storefront_base/default/product/productTile";"120";"113788028";"22676111";"23724066";"793277"
"ISML";"app_storefront_base/default/product/productTileFooter";"120";"20498729";"5543141";"400617";"188572"
"ISML";"app_storefront_base/default/product/quickView";"9";"98032949";"84791365";"5529424";"4417688"
"ISML";"app_storefront_base/default/reporting/reportingUrls";"27";"4029629";"4029629";"986364";"986364"
"ISML";"app_storefront_base/default/search/components/productTiles";"10";"451337222";"450116344";"244250866";"244106687"
"ISML";"app_storefront_base/default/search/filterBar";"10";"1571022";"1223471";"0";"0"
"ISML";"app_storefront_base/default/search/productGrid";"10";"455900938";"4331587";"245731075";"1479393"
"ISML";"app_storefront_base/default/search/resultsCount";"20";"145680015";"139560467";"36865064";"36870800"
"ISML";"app_storefront_base/default/search/searchResults";"10";"754877073";"6563314";"375412121";"471076"
"ISML";"app_storefront_base/default/search/searchResultsNoDecorator";"10";"609686010";"7713588";"285266261";"2682259"
"ISML";"app_storefront_base/default/search/sortOrderMenu";"10";"1007124";"889376";"1336";"1032"
"JOB";"Sites-Mailchimp@ProcessOrderImpex";"6";"1244178444";"395957208";"1024753777";"328999771"
"JOB";"Sites-RefArch@ProcessOrderImpex";"3";"629565140";"274720890";"311144121";"187686056"
"ONREQUEST";"/Sites-Mailchimp-Site/-/null-null";"5";"108151892";"108151892";"85414449";"85414449"
"ONREQUEST";"/Sites-Mailchimp-Site/default/Account-Show";"1";"922137";"922137";"528";"528"
"ONREQUEST";"/Sites-Mailchimp-Site/default/Account-SubmitRegistration";"2";"10493824";"10493824";"5101401";"5101401"
"ONREQUEST";"/Sites-Mailchimp-Site/default/Cart-AddProduct";"16";"16154395";"16154395";"0";"0"
"ONREQUEST";"/Sites-Mailchimp-Site/default/Cart-MiniCartShow";"7";"23524025";"23524025";"14601737";"14601737"
"ONREQUEST";"/Sites-Mailchimp-Site/default/Cart-RemoveProductLineItem";"1";"1048418";"1048418";"1957";"1957"
"ONREQUEST";"/Sites-Mailchimp-Site/default/Cart-Show";"4";"17133067";"17133067";"8326781";"8326781"
"ONREQUEST";"/Sites-Mailchimp-Site/default/Checkout-Begin";"50";"106829871";"106829871";"33604952";"33604952"
"ONREQUEST";"/Sites-Mailchimp-Site/default/CheckoutServices-PlaceOrder";"4";"3401298";"3401298";"1693";"1693"
"ONREQUEST";"/Sites-Mailchimp-Site/default/CheckoutServices-SubmitCustomer";"3";"3845996";"3845996";"9996";"9996"
"ONREQUEST";"/Sites-Mailchimp-Site/default/CheckoutServices-SubmitPayment";"2";"3999652";"3999652";"1756";"1756"
"ONREQUEST";"/Sites-Mailchimp-Site/default/Home-Show";"4";"3534093";"3534093";"3446";"3446"
"ONREQUEST";"/Sites-Mailchimp-Site/default/Login-Show";"1";"781097";"781097";"411";"411"
"ONREQUEST";"/Sites-Mailchimp-Site/default/PaymentInstruments-AddPayment";"1";"1001282";"1001282";"131";"131"
"ONREQUEST";"/Sites-Mailchimp-Site/default/PaymentInstruments-List";"1";"517170";"517170";"330";"330"
"ONREQUEST";"/Sites-Mailchimp-Site/default/PaymentInstruments-SavePayment";"1";"7948870";"7948870";"4012697";"4012697"
"ONREQUEST";"/Sites-Mailchimp-Site/default/Product-ShowQuickView";"9";"7464158";"7464158";"5855";"5855"
"ONREQUEST";"/Sites-Mailchimp-Site/default/Product-Variation";"13";"16090265";"16090265";"48800";"48800"
"ONREQUEST";"/Sites-Mailchimp-Site/default/ReportingEvent-MiniCart";"3";"2751987";"2751987";"687";"687"
"ONREQUEST";"/Sites-Mailchimp-Site/default/Search-Show";"10";"40301854";"40301854";"20239910";"20239910"
"ONREQUEST";"/Sites-Mailchimp-Site/default/__Analytics-Start";"87";"133156557";"133156557";"24716990";"24716990"
"ONREQUEST";"/Sites-Mailchimp-Site/default/__SYSTEM__StorefrontToolkit-Start";"42";"42111328";"42111328";"1151977";"1151977"
"PIPELINE_NODE";"bc_api:Assign";"30";"6143637";"6135055";"0";"0"
"PIPELINE_NODE";"bc_api:ExportShippingMethods";"1";"277817616";"277817616";"80844327";"80844327"
"PIPELINE_NODE";"bc_api:ExportTaxTable";"1";"77026634";"77026634";"42613738";"42613738"
"PIPELINE_NODE";"bc_api:ImportShippingMethods";"1";"419953607";"419953607";"309834038";"309834038"
"PIPELINE_NODE";"bc_api:ImportTaxTable";"1";"390741346";"390741346";"362552315";"362552315"
"PIPELINE_NODE";"bc_api:ValidateXMLFile";"3";"37526283";"37526283";"23367653";"23367653"
"SCRIPT_API";"dw.campaign.DiscountPlan#getApproachingOrderDiscounts()";"15";"532473";"532473";"169187";"169187"
"SCRIPT_API";"dw.campaign.DiscountPlan#getApproachingShippingDiscounts(dw.order.Shipment)";"15";"286012";"286012";"0";"0"
"SCRIPT_API";"dw.campaign.PromotionMgr#applyDiscounts(dw.order.LineItemCtnr)";"62";"142293731";"142293731";"24362837";"24362837"
"SCRIPT_API";"dw.campaign.PromotionMgr#getActiveCustomerPromotions()";"94";"17860227";"17860227";"5496898";"5496898"
"SCRIPT_API";"dw.campaign.PromotionMgr#getDiscounts(dw.order.LineItemCtnr)";"15";"5492836";"5492836";"63760";"63760"
"SCRIPT_API";"dw.campaign.PromotionPlan#getProductPromotions()";"10";"239911";"239911";"0";"0"
"SCRIPT_API";"dw.campaign.PromotionPlan#getProductPromotions(dw.catalog.Product)";"84";"1754824";"1754824";"0";"0"
"SCRIPT_API";"dw.catalog.Catalog#getRoot()";"46";"813281";"813281";"0";"0"
"SCRIPT_API";"dw.catalog.CatalogMgr#getCategory(String)";"30";"6639843";"6639843";"4970637";"4970637"
"SCRIPT_API";"dw.catalog.CatalogMgr#getSiteCatalog()";"47";"2298932";"2298932";"1276005";"1276005"
"SCRIPT_API";"dw.catalog.CatalogMgr#getSortingOptions()";"20";"8388544";"8388544";"6628636";"6628636"
"SCRIPT_API";"dw.catalog.Category#getDefaultSortingRule()";"20";"2109773";"2109773";"0";"0"
"SCRIPT_API";"dw.catalog.Category#getDisplayName()";"72";"1935070";"1935070";"0";"0"
"SCRIPT_API";"dw.catalog.Category#getID()";"144";"247273";"247273";"6236";"6236"
"SCRIPT_API";"dw.catalog.Category#getImage()";"20";"460414";"460414";"12814";"12814"
"SCRIPT_API";"dw.catalog.Category#getOnlineSubCategories()";"78";"22765869";"22765869";"16039235";"16039235"
"SCRIPT_API";"dw.catalog.Category#getPageDescription()";"20";"5145141";"5145141";"4306731";"4306731"
"SCRIPT_API";"dw.catalog.Category#getPageKeywords()";"20";"4848796";"4848796";"4066944";"4066944"
"SCRIPT_API";"dw.catalog.Category#getPageTitle()";"20";"5259517";"5259517";"4138153";"4138153"
"SCRIPT_API";"dw.catalog.Category#getTemplate()";"10";"449659";"449659";"0";"0"
"SCRIPT_API";"dw.catalog.Category#hasOnlineProducts()";"208";"259055255";"259055255";"226305373";"226305373"
"SCRIPT_API";"dw.catalog.Category#hasOnlineSubCategories()";"182";"14066926";"14066926";"10358728";"10358728"
"SCRIPT_API";"dw.catalog.Category#isOnline()";"20";"839361";"839361";"0";"0"
"SCRIPT_API";"dw.catalog.PriceBook#getID()";"324";"339896";"339896";"6301";"6301"
"SCRIPT_API";"dw.catalog.PriceBook#getParentPriceBook()";"224";"421319";"421319";"5632";"5632"
"SCRIPT_API";"dw.catalog.PriceBookMgr#getApplicablePriceBooks()";"10";"166061";"166061";"0";"0"
"SCRIPT_API";"dw.catalog.PriceBookMgr#setApplicablePriceBooks(dw.catalog.PriceBook[])";"20";"281291";"281291";"0";"0"
"SCRIPT_API";"dw.catalog.Product#getAttributeModel()";"22";"65489323";"65489323";"31096032";"31096032"
"SCRIPT_API";"dw.catalog.Product#getAvailabilityModel()";"326";"15556030";"15556030";"8978871";"8978871"
"SCRIPT_API";"dw.catalog.Product#getBrand()";"132";"390663";"390663";"3767";"3767"
"SCRIPT_API";"dw.catalog.Product#getID()";"439";"738518";"738518";"21452";"21452"
"SCRIPT_API";"dw.catalog.Product#getImages(String)";"182";"27162836";"27162836";"34048";"34048"
"SCRIPT_API";"dw.catalog.Product#getLongDescription()";"24";"25198785";"25198785";"22337979";"22337979"
"SCRIPT_API";"dw.catalog.Product#getMinOrderQuantity()";"208";"525249";"525249";"7871";"7871"
"SCRIPT_API";"dw.catalog.Product#getName()";"132";"4560874";"4560874";"0";"0"
"SCRIPT_API";"dw.catalog.Product#getOptionModel()";"100";"18675666";"18675666";"14525000";"14525000"
"SCRIPT_API";"dw.catalog.Product#getPageDescription()";"12";"2555808";"2555808";"2012861";"2012861"
"SCRIPT_API";"dw.catalog.Product#getPageKeywords()";"12";"2478939";"2478939";"2006603";"2006603"
"SCRIPT_API";"dw.catalog.Product#getPageMetaTags()";"22";"18085652";"18085652";"15936484";"15936484"
"SCRIPT_API";"dw.catalog.Product#getPageTitle()";"12";"3024629";"3024629";"2008035";"2008035"
"SCRIPT_API";"dw.catalog.Product#getPriceModel()";"190";"101848026";"101848026";"68891751";"68891751"
"SCRIPT_API";"dw.catalog.Product#getPriceModel(dw.catalog.ProductOptionModel)";"84";"8862210";"8862210";"0";"0"
"SCRIPT_API";"dw.catalog.Product#getPrimaryCategory()";"32";"14962098";"14962098";"12874782";"12874782"
"SCRIPT_API";"dw.catalog.Product#getShortDescription()";"24";"2756405";"2756405";"2033884";"2033884"
"SCRIPT_API";"dw.catalog.Product#getStepQuantity()";"22";"165644";"165644";"386";"386"
"SCRIPT_API";"dw.catalog.Product#getTemplate()";"12";"194548";"194548";"56";"56"
"SCRIPT_API";"dw.catalog.Product#getVariationModel()";"192";"3809454";"3809454";"0";"0"
"SCRIPT_API";"dw.catalog.Product#isBundle()";"19";"76431";"76431";"553";"553"
"SCRIPT_API";"dw.catalog.Product#isMaster()";"416";"589586";"589586";"13416";"13416"
"SCRIPT_API";"dw.catalog.Product#isOnline()";"59";"2233487";"2233487";"0";"0"
"SCRIPT_API";"dw.catalog.Product#isVariant()";"73";"109609";"109609";"1427";"1427"
"SCRIPT_API";"dw.catalog.Product#isVariationGroup()";"144";"257228";"257228";"1252";"1252"
"SCRIPT_API";"dw.catalog.ProductAttributeModel#getVisibleAttributeGroups()";"22";"387521";"387521";"1319";"1319"
"SCRIPT_API";"dw.catalog.ProductAvailabilityLevels#getBackorder()";"84";"130722";"130722";"346";"346"
"SCRIPT_API";"dw.catalog.ProductAvailabilityLevels#getInStock()";"168";"185513";"185513";"3356";"3356"
"SCRIPT_API";"dw.catalog.ProductAvailabilityLevels#getNotAvailable()";"121";"191968";"191968";"1725";"1725"
"SCRIPT_API";"dw.catalog.ProductAvailabilityLevels#getPreorder()";"84";"184944";"184944";"636";"636"
"SCRIPT_API";"dw.catalog.ProductAvailabilityModel#getAvailabilityLevels(Number)";"121";"50140760";"50140760";"1113";"1113"
"SCRIPT_API";"dw.catalog.ProductAvailabilityModel#getInventoryRecord()";"227";"576570";"576570";"3261";"3261"
"SCRIPT_API";"dw.catalog.ProductAvailabilityModel#isOrderable(Number)";"146";"4819182";"4819182";"699025";"699025"
"SCRIPT_API";"dw.catalog.ProductInventoryRecord#getATS()";"65";"1710249";"1710249";"0";"0"
"SCRIPT_API";"dw.catalog.ProductInventoryRecord#getInStockDate()";"66";"253142";"253142";"562";"562"
"SCRIPT_API";"dw.catalog.ProductInventoryRecord#isPerpetual()";"65";"139832";"139832";"493";"493"
"SCRIPT_API";"dw.catalog.ProductMgr#getProduct(String)";"220";"4073771";"4073771";"2252";"2252"
"SCRIPT_API";"dw.catalog.ProductOptionModel#getOptions()";"206";"1468505";"1468505";"3477";"3477"
"SCRIPT_API";"dw.catalog.ProductPriceInfo#getPriceBook()";"324";"468968";"468968";"6040";"6040"
"SCRIPT_API";"dw.catalog.ProductPriceModel#getPrice()";"168";"43638091";"43638091";"107316";"107316"
"SCRIPT_API";"dw.catalog.ProductPriceModel#getPrice(dw.value.Quantity)";"58";"46838557";"46838557";"0";"0"
"SCRIPT_API";"dw.catalog.ProductPriceModel#getPriceBookPrice(String)";"84";"151097743";"151097743";"19969891";"19969891"
"SCRIPT_API";"dw.catalog.ProductPriceModel#getPriceInfo()";"444";"59757897";"59757897";"48527660";"48527660"
"SCRIPT_API";"dw.catalog.ProductPriceModel#getPriceTable()";"84";"99823564";"99823564";"7872298";"7872298"
"SCRIPT_API";"dw.catalog.ProductPriceModel#isPriceRange()";"12";"111468396";"111468396";"54777094";"54777094"
"SCRIPT_API";"dw.catalog.ProductPriceTable#getQuantities()";"84";"596602";"596602";"0";"0"
"SCRIPT_API";"dw.catalog.ProductSearchHit#getDiscountedPromotionIDs()";"120";"7225760";"7225760";"6455";"6455"
"SCRIPT_API";"dw.catalog.ProductSearchHit#getFirstRepresentedProduct()";"120";"1964914";"1964914";"6404";"6404"
"SCRIPT_API";"dw.catalog.ProductSearchHit#getMaxPrice()";"250";"669732";"669732";"0";"0"
"SCRIPT_API";"dw.catalog.ProductSearchHit#getMinPrice()";"250";"1623295";"1623295";"2274";"2274"
"SCRIPT_API";"dw.catalog.ProductSearchHit#getProduct()";"10";"107462";"107462";"0";"0"
"SCRIPT_API";"dw.catalog.ProductSearchHit#getProductID()";"480";"408185";"408185";"14087";"14087"
"SCRIPT_API";"dw.catalog.ProductSearchHit#getRepresentedVariationValues(Object)";"120";"61240887";"61240887";"45219040";"45219040"
"SCRIPT_API";"dw.catalog.ProductSearchModel#getCategory()";"220";"362547";"362547";"10607";"10607"
"SCRIPT_API";"dw.catalog.ProductSearchModel#getPageMetaTags()";"20";"6252146";"6252146";"5142556";"5142556"
"SCRIPT_API";"dw.catalog.ProductSearchModel#getProductSearchHit(dw.catalog.Product)";"130";"37732593";"37732593";"0";"0"
"SCRIPT_API";"dw.catalog.ProductSearchModel#getProductSearchHits()";"40";"14560744";"14560744";"476984";"476984"
"SCRIPT_API";"dw.catalog.ProductSearchModel#getRefinements()";"40";"2003118";"2003118";"0";"0"
"SCRIPT_API";"dw.catalog.ProductSearchModel#getSearchPhraseSuggestions()";"20";"500818";"500818";"126075";"126075"
"SCRIPT_API";"dw.catalog.ProductSearchModel#isCategorySearch()";"40";"65727";"65727";"1179";"1179"
"SCRIPT_API";"dw.catalog.ProductSearchModel#isPersonalizedSort()";"10";"509075";"509075";"0";"0"
"SCRIPT_API";"dw.catalog.ProductSearchModel#isRefinedCategorySearch()";"20";"265955";"265955";"0";"0"
"SCRIPT_API";"dw.catalog.ProductSearchModel#search()";"150";"299367984";"299367984";"121905706";"121905706"
"SCRIPT_API";"dw.catalog.ProductSearchModel#setCategoryID(String)";"20";"368940";"368940";"0";"0"
"SCRIPT_API";"dw.catalog.ProductSearchModel#setPriceMax(Number)";"20";"347223";"347223";"0";"0"
"SCRIPT_API";"dw.catalog.ProductSearchModel#setPriceMin(Number)";"20";"701691";"701691";"0";"0"
"SCRIPT_API";"dw.catalog.ProductSearchModel#setRecursiveCategorySearch(Boolean)";"20";"245084";"245084";"287";"287"
"SCRIPT_API";"dw.catalog.ProductSearchModel()";"150";"40233313";"40233313";"20098039";"20098039"
"SCRIPT_API";"dw.catalog.ProductVariationAttribute#getAttributeID()";"564";"923480";"923480";"127836";"127836"
"SCRIPT_API";"dw.catalog.ProductVariationAttribute#getDisplayName()";"168";"45113745";"45113745";"39240077";"39240077"
"SCRIPT_API";"dw.catalog.ProductVariationAttribute#getID()";"431";"436678";"436678";"10525";"10525"
"SCRIPT_API";"dw.catalog.ProductVariationAttributeValue#equals(Object)";"308";"457648";"457648";"10205";"10205"
"SCRIPT_API";"dw.catalog.ProductVariationAttributeValue#getDescription()";"472";"38837748";"38837748";"34238894";"34238894"
"SCRIPT_API";"dw.catalog.ProductVariationAttributeValue#getDisplayValue()";"784";"2592459";"2592459";"2946";"2946"
"SCRIPT_API";"dw.catalog.ProductVariationAttributeValue#getID()";"525";"688362";"688362";"13626";"13626"
"SCRIPT_API";"dw.catalog.ProductVariationAttributeValue#getImage(String,Number)";"120";"60001096";"60001096";"45869740";"45869740"
"SCRIPT_API";"dw.catalog.ProductVariationAttributeValue#getImages(String)";"84";"7291485";"7291485";"0";"0"
"SCRIPT_API";"dw.catalog.ProductVariationAttributeValue#getValue()";"633";"4276539";"4276539";"0";"0"
"SCRIPT_API";"dw.catalog.ProductVariationModel#getAllValues(dw.catalog.ProductVariationAttribute)";"242";"4677665";"4677665";"318026";"318026"
"SCRIPT_API";"dw.catalog.ProductVariationModel#getImages(String)";"44";"8027146";"8027146";"0";"0"
"SCRIPT_API";"dw.catalog.ProductVariationModel#getMaster()";"84";"244698";"244698";"1659";"1659"
"SCRIPT_API";"dw.catalog.ProductVariationModel#getProductVariationAttributes()";"127";"2236681";"2236681";"1007";"1007"
"SCRIPT_API";"dw.catalog.ProductVariationModel#getSelectedValue(dw.catalog.ProductVariationAttribute)";"168";"2706498";"2706498";"0";"0"
"SCRIPT_API";"dw.catalog.ProductVariationModel#getSelectedVariant()";"106";"832119";"832119";"6252";"6252"
"SCRIPT_API";"dw.catalog.ProductVariationModel#getVariants()";"24";"659514";"659514";"0";"0"
"SCRIPT_API";"dw.catalog.ProductVariationModel#hasOrderableVariants(dw.catalog.ProductVariationAttribute,dw.catalog.ProductVariationAttributeValue)";"352";"89569109";"89569109";"25251167";"25251167"
"SCRIPT_API";"dw.catalog.ProductVariationModel#setSelectedAttributeValue(String,String)";"32";"349631";"349631";"0";"0"
"SCRIPT_API";"dw.catalog.ProductVariationModel#url(String,Object[])";"22";"448111";"448111";"0";"0"
"SCRIPT_API";"dw.catalog.ProductVariationModel#urlSelectVariationValue(String,dw.catalog.ProductVariationAttribute,dw.catalog.ProductVariationAttributeValue)";"196";"5842645";"5842645";"0";"0"
"SCRIPT_API";"dw.catalog.ProductVariationModel#urlUnselectVariationValue(String,dw.catalog.ProductVariationAttribute)";"156";"9325944";"9325944";"2118207";"2118207"
"SCRIPT_API";"dw.catalog.SearchModel#getCount()";"190";"2072605";"2072605";"5448";"5448"
"SCRIPT_API";"dw.catalog.SearchModel#getSearchPhrase()";"20";"189807";"189807";"152";"152"
"SCRIPT_API";"dw.catalog.SearchModel#setSearchPhrase(String)";"130";"466152";"466152";"1181";"1181"
"SCRIPT_API";"dw.catalog.SearchModel#url(String)";"40";"869460";"869460";"0";"0"
"SCRIPT_API";"dw.catalog.SearchRefinements#getRefinementDefinitions()";"20";"571294";"571294";"0";"0"
"SCRIPT_API";"dw.catalog.Variant#getBrand()";"72";"551499";"551499";"3447";"3447"
"SCRIPT_API";"dw.catalog.Variant#getLongDescription()";"20";"925526";"925526";"0";"0"
"SCRIPT_API";"dw.catalog.Variant#getMasterProduct()";"10";"62418";"62418";"308";"308"
"SCRIPT_API";"dw.catalog.Variant#getName()";"72";"14403833";"14403833";"9864112";"9864112"
"SCRIPT_API";"dw.catalog.Variant#getPageDescription()";"10";"204481";"204481";"0";"0"
"SCRIPT_API";"dw.catalog.Variant#getPageKeywords()";"10";"155652";"155652";"0";"0"
"SCRIPT_API";"dw.catalog.Variant#getPageTitle()";"10";"422164";"422164";"0";"0"
"SCRIPT_API";"dw.catalog.Variant#getShortDescription()";"20";"525971";"525971";"0";"0"
"SCRIPT_API";"dw.catalog.Variant#getTemplate()";"10";"109838";"109838";"0";"0"
"SCRIPT_API";"dw.content.ContentMgr#getContent(String)";"364";"28697547";"28697547";"17256888";"17256888"
"SCRIPT_API";"dw.content.MarkupText#getMarkup()";"44";"465760";"465760";"0";"0"
"SCRIPT_API";"dw.content.MediaFile#getAbsURL()";"354";"5299399";"5299399";"0";"0"
"SCRIPT_API";"dw.content.MediaFile#getAlt()";"474";"576951";"576951";"19407";"19407"
"SCRIPT_API";"dw.content.MediaFile#getTitle()";"474";"563800";"563800";"13222";"13222"
"SCRIPT_API";"dw.content.MediaFile#getURL()";"474";"508705094";"508705094";"429197324";"429197324"
"SCRIPT_API";"dw.customer.AddressBook#getAddresses()";"164";"1908398";"1908398";"0";"0"
"SCRIPT_API";"dw.customer.AddressBook#getPreferredAddress()";"82";"488936";"488936";"0";"0"
"SCRIPT_API";"dw.customer.AuthenticationStatus#getStatus()";"1";"10690";"10690";"115";"115"
"SCRIPT_API";"dw.customer.Customer#getAddressBook()";"249";"1067583";"1067583";"0";"0"
"SCRIPT_API";"dw.customer.Customer#getOrderHistory()";"1";"3045";"3045";"40";"40"
"SCRIPT_API";"dw.customer.Customer#getProfile()";"636";"1020654";"1020654";"13822";"13822"
"SCRIPT_API";"dw.customer.Customer#isAuthenticated()";"103";"1276598";"1276598";"0";"0"
"SCRIPT_API";"dw.customer.Customer#isExternallyAuthenticated()";"19";"714822";"714822";"0";"0"
"SCRIPT_API";"dw.customer.Customer#isRegistered()";"12";"56844";"56844";"0";"0"
"SCRIPT_API";"dw.customer.CustomerMgr#authenticateCustomer(String,String)";"1";"17975335";"17975335";"7521663";"7521663"
"SCRIPT_API";"dw.customer.CustomerMgr#createCustomer(String,String)";"1";"29481429";"29481429";"22077312";"22077312"
"SCRIPT_API";"dw.customer.CustomerMgr#getCustomerByCustomerNumber(String)";"1";"50315";"50315";"0";"0"
"SCRIPT_API";"dw.customer.CustomerMgr#getRegisteredCustomerCount()";"1";"2396226";"2396226";"2102470";"2102470"
"SCRIPT_API";"dw.customer.CustomerMgr#isAcceptablePassword(String)";"2";"12656755";"12656755";"11778619";"11778619"
"SCRIPT_API";"dw.customer.CustomerMgr#loginCustomer(dw.customer.AuthenticationStatus,Boolean)";"1";"19907973";"19907973";"14557149";"14557149"
"SCRIPT_API";"dw.customer.CustomerPaymentInstrument#getCreditCardNumber()";"14";"256003";"256003";"0";"0"
"SCRIPT_API";"dw.customer.OrderHistory#getOrders(String,String,Object[])";"1";"24225920";"24225920";"8478382";"8478382"
"SCRIPT_API";"dw.customer.Profile#getCustomerNo()";"82";"269571";"269571";"0";"0"
"SCRIPT_API";"dw.customer.Profile#getEmail()";"85";"622218";"622218";"47308";"47308"
"SCRIPT_API";"dw.customer.Profile#getFirstName()";"84";"287351";"287351";"2450";"2450"
"SCRIPT_API";"dw.customer.Profile#getLastName()";"84";"392177";"392177";"0";"0"
"SCRIPT_API";"dw.customer.Profile#getPhoneHome()";"82";"355967";"355967";"0";"0"
"SCRIPT_API";"dw.customer.Profile#getWallet()";"83";"333683";"333683";"0";"0"
"SCRIPT_API";"dw.customer.Profile#setEmail(String)";"1";"23854";"23854";"0";"0"
"SCRIPT_API";"dw.customer.Profile#setFirstName(String)";"1";"91134";"91134";"460";"460"
"SCRIPT_API";"dw.customer.Profile#setLastName(String)";"1";"21256";"21256";"66";"66"
"SCRIPT_API";"dw.customer.Profile#setPhoneHome(String)";"1";"17747";"17747";"51";"51"
"SCRIPT_API";"dw.customer.Wallet#createPaymentInstrument(String)";"1";"5778724";"5778724";"5218481";"5218481"
"SCRIPT_API";"dw.customer.Wallet#getPaymentInstruments()";"82";"17431757";"17431757";"15207469";"15207469"
"SCRIPT_API";"dw.experience.PageMgr#getPage(String)";"9";"4426640";"4426640";"3519896";"3519896"
"SCRIPT_API";"dw.experience.PageMgr#getPageByCategory(dw.catalog.Category,Boolean,String)";"20";"21112571";"21112571";"16673222";"16673222"
"SCRIPT_API";"dw.io.PrintWriter#print(String)";"86";"641059";"641059";"23839";"23839"
"SCRIPT_API";"dw.net.Mail#addTo(String)";"2";"7718";"7718";"125";"125"
"SCRIPT_API";"dw.net.Mail#send()";"2";"537477";"537477";"0";"0"
"SCRIPT_API";"dw.net.Mail#setContent(String,String,String)";"2";"10036";"10036";"34";"34"
"SCRIPT_API";"dw.net.Mail#setFrom(String)";"2";"2924";"2924";"40";"40"
"SCRIPT_API";"dw.net.Mail#setSubject(String)";"2";"3107";"3107";"45";"45"
"SCRIPT_API";"dw.net.Mail()";"2";"22231";"22231";"1079";"1079"
"SCRIPT_API";"dw.object.ExtensibleObject#getCustom()";"1436";"10757917";"10757917";"3954654";"3954654"
"SCRIPT_API";"dw.object.PersistentObject#getCreationDate()";"18";"303485";"303485";"499";"499"
"SCRIPT_API";"dw.object.PersistentObject#getUUID()";"566";"1422949";"1422949";"28143";"28143"
"SCRIPT_API";"dw.order.BasketMgr#getCurrentBasket()";"140";"41679227";"41679227";"19130650";"19130650"
"SCRIPT_API";"dw.order.BasketMgr#getCurrentOrNewBasket()";"19";"105451850";"105451850";"8542619";"8542619"
"SCRIPT_API";"dw.order.LineItem#getLineItemText()";"73";"119936";"119936";"1657";"1657"
"SCRIPT_API";"dw.order.LineItem#getTaxClassID()";"134";"351908";"351908";"13860";"13860"
"SCRIPT_API";"dw.order.LineItem#getTaxRate()";"75";"139545";"139545";"661";"661"
"SCRIPT_API";"dw.order.LineItem#updateTax(Number)";"60";"61501058";"61501058";"13282609";"13282609"
"SCRIPT_API";"dw.order.LineItemCtnr#createBillingAddress()";"1";"148102";"148102";"0";"0"
"SCRIPT_API";"dw.order.LineItemCtnr#createPaymentInstrument(String,dw.value.Money)";"1";"130461";"130461";"0";"0"
"SCRIPT_API";"dw.order.LineItemCtnr#createProductLineItem(dw.catalog.Product,dw.catalog.ProductOptionModel,dw.order.Shipment)";"3";"205116562";"205116562";"62673746";"62673746"
"SCRIPT_API";"dw.order.LineItemCtnr#getAdjustedMerchandizeTotalPrice(Boolean)";"127";"1722182";"1722182";"525";"525"
"SCRIPT_API";"dw.order.LineItemCtnr#getAdjustedShippingTotalPrice()";"47";"381529";"381529";"0";"0"
"SCRIPT_API";"dw.order.LineItemCtnr#getAllLineItems()";"48";"677303";"677303";"1570";"1570"
"SCRIPT_API";"dw.order.LineItemCtnr#getAllProductLineItems()";"62";"525322";"525322";"0";"0"
"SCRIPT_API";"dw.order.LineItemCtnr#getAllProductLineItems(String)";"1";"174910";"174910";"0";"0"
"SCRIPT_API";"dw.order.LineItemCtnr#getAllShippingPriceAdjustments()";"33";"336863";"336863";"0";"0"
"SCRIPT_API";"dw.order.LineItemCtnr#getBillingAddress()";"71";"681638";"681638";"226";"226"
"SCRIPT_API";"dw.order.LineItemCtnr#getBonusDiscountLineItems()";"81";"900208";"900208";"766";"766"
"SCRIPT_API";"dw.order.LineItemCtnr#getBonusLineItems()";"31";"258527";"258527";"42";"42"
"SCRIPT_API";"dw.order.LineItemCtnr#getCouponLineItems()";"52";"271258";"271258";"1048";"1048"
"SCRIPT_API";"dw.order.LineItemCtnr#getCurrencyCode()";"26";"956319";"956319";"572478";"572478"
"SCRIPT_API";"dw.order.LineItemCtnr#getCustomer()";"3";"18837";"18837";"27";"27"
"SCRIPT_API";"dw.order.LineItemCtnr#getCustomerEmail()";"22";"215119";"215119";"157";"157"
"SCRIPT_API";"dw.order.LineItemCtnr#getDefaultShipment()";"31";"336163";"336163";"231";"231"
"SCRIPT_API";"dw.order.LineItemCtnr#getGiftCertificateLineItems()";"31";"483051";"483051";"0";"0"
"SCRIPT_API";"dw.order.LineItemCtnr#getMerchandizeTotalPrice()";"31";"893751";"893751";"4443";"4443"
"SCRIPT_API";"dw.order.LineItemCtnr#getPaymentInstruments()";"19";"707577";"707577";"0";"0"
"SCRIPT_API";"dw.order.LineItemCtnr#getPaymentInstruments(String)";"1";"23287";"23287";"42";"42"
"SCRIPT_API";"dw.order.LineItemCtnr#getPriceAdjustments()";"78";"538939";"538939";"0";"0"
"SCRIPT_API";"dw.order.LineItemCtnr#getProductLineItems()";"139";"2033224";"2033224";"158";"158"
"SCRIPT_API";"dw.order.LineItemCtnr#getProductQuantities()";"62";"1566966";"1566966";"5554";"5554"
"SCRIPT_API";"dw.order.LineItemCtnr#getProductQuantityTotal()";"57";"548764";"548764";"3";"3"
"SCRIPT_API";"dw.order.LineItemCtnr#getShipments()";"198";"1777112";"1777112";"3931";"3931"
"SCRIPT_API";"dw.order.LineItemCtnr#getShippingPriceAdjustments()";"31";"692437";"692437";"340843";"340843"
"SCRIPT_API";"dw.order.LineItemCtnr#getShippingTotalPrice()";"80";"843870";"843870";"0";"0"
"SCRIPT_API";"dw.order.LineItemCtnr#getTotalGrossPrice()";"41";"297788";"297788";"334";"334"
"SCRIPT_API";"dw.order.LineItemCtnr#getTotalTax()";"21";"102880";"102880";"118";"118"
"SCRIPT_API";"dw.order.LineItemCtnr#removeProductLineItem(dw.order.ProductLineItem)";"1";"10372192";"10372192";"0";"0"
"SCRIPT_API";"dw.order.LineItemCtnr#setCustomerEmail(String)";"4";"85561";"85561";"50";"50"
"SCRIPT_API";"dw.order.LineItemCtnr#updateTotals()";"31";"2373265";"2373265";"222822";"222822"
"SCRIPT_API";"dw.order.OrderAddress#getAddress1()";"3";"326336";"326336";"0";"0"
"SCRIPT_API";"dw.order.OrderAddress#getAddress2()";"3";"6412";"6412";"69";"69"
"SCRIPT_API";"dw.order.OrderAddress#getCity()";"3";"6122";"6122";"43";"43"
"SCRIPT_API";"dw.order.OrderAddress#getCompanyName()";"3";"4132";"4132";"38";"38"
"SCRIPT_API";"dw.order.OrderAddress#getCountryCode()";"6";"2714305";"2714305";"2303739";"2303739"
"SCRIPT_API";"dw.order.OrderAddress#getFirstName()";"3";"255441";"255441";"0";"0"
"SCRIPT_API";"dw.order.OrderAddress#getFullName()";"1";"5392";"5392";"7";"7"
"SCRIPT_API";"dw.order.OrderAddress#getJobTitle()";"3";"5538";"5538";"0";"0"
"SCRIPT_API";"dw.order.OrderAddress#getLastName()";"3";"5634";"5634";"0";"0"
"SCRIPT_API";"dw.order.OrderAddress#getPhone()";"3";"6237";"6237";"53";"53"
"SCRIPT_API";"dw.order.OrderAddress#getPostBox()";"3";"3951";"3951";"46";"46"
"SCRIPT_API";"dw.order.OrderAddress#getPostalCode()";"3";"5503";"5503";"14";"14"
"SCRIPT_API";"dw.order.OrderAddress#getSalutation()";"3";"4982";"4982";"32";"32"
"SCRIPT_API";"dw.order.OrderAddress#getSecondName()";"3";"4074";"4074";"25";"25"
"SCRIPT_API";"dw.order.OrderAddress#getStateCode()";"3";"5184";"5184";"24";"24"
"SCRIPT_API";"dw.order.OrderAddress#getSuffix()";"3";"4580";"4580";"11";"11"
"SCRIPT_API";"dw.order.OrderAddress#getSuite()";"3";"4710";"4710";"21";"21"
"SCRIPT_API";"dw.order.OrderAddress#getTitle()";"3";"3776";"3776";"39";"39"
"SCRIPT_API";"dw.order.OrderAddress#setAddress1(String)";"1";"2600";"2600";"11";"11"
"SCRIPT_API";"dw.order.OrderAddress#setAddress2(String)";"1";"2010";"2010";"22";"22"
"SCRIPT_API";"dw.order.OrderAddress#setCity(String)";"1";"2337";"2337";"11";"11"
"SCRIPT_API";"dw.order.OrderAddress#setCountryCode(String)";"1";"2380";"2380";"16";"16"
"SCRIPT_API";"dw.order.OrderAddress#setFirstName(String)";"1";"4382";"4382";"0";"0"
"SCRIPT_API";"dw.order.OrderAddress#setLastName(String)";"1";"2460";"2460";"0";"0"
"SCRIPT_API";"dw.order.OrderAddress#setPhone(String)";"1";"2762";"2762";"15";"15"
"SCRIPT_API";"dw.order.OrderAddress#setPostalCode(String)";"1";"2278";"2278";"8";"8"
"SCRIPT_API";"dw.order.OrderAddress#setStateCode(String)";"1";"3019";"3019";"31";"31"
"SCRIPT_API";"dw.order.OrderPaymentInstrument#getPaymentTransaction()";"4";"38745";"38745";"0";"0"
"SCRIPT_API";"dw.order.PaymentCard#getCardType()";"52";"66969";"66969";"1247";"1247"
"SCRIPT_API";"dw.order.PaymentCard#getName()";"52";"2228509";"2228509";"1427299";"1427299"
"SCRIPT_API";"dw.order.PaymentCard#verify(Number,Number,String)";"1";"25495";"25495";"0";"0"
"SCRIPT_API";"dw.order.PaymentCard#verify(Number,Number,String,String)";"1";"25622";"25622";"0";"0"
"SCRIPT_API";"dw.order.PaymentInstrument#getCreditCardExpirationMonth()";"17";"211759";"211759";"0";"0"
"SCRIPT_API";"dw.order.PaymentInstrument#getCreditCardExpirationYear()";"17";"142435";"142435";"0";"0"
"SCRIPT_API";"dw.order.PaymentInstrument#getCreditCardHolder()";"17";"451663";"451663";"0";"0"
"SCRIPT_API";"dw.order.PaymentInstrument#getCreditCardNumberLastDigits()";"3";"46615588";"46615588";"0";"0"
"SCRIPT_API";"dw.order.PaymentInstrument#getCreditCardType()";"17";"662197";"662197";"229277";"229277"
"SCRIPT_API";"dw.order.PaymentInstrument#getMaskedCreditCardNumber()";"17";"3891891";"3891891";"2002354";"2002354"
"SCRIPT_API";"dw.order.PaymentInstrument#getPaymentMethod()";"6";"398614";"398614";"0";"0"
"SCRIPT_API";"dw.order.PaymentInstrument#setCreditCardExpirationMonth(Number)";"2";"10276";"10276";"5";"5"
"SCRIPT_API";"dw.order.PaymentInstrument#setCreditCardExpirationYear(Number)";"2";"7623";"7623";"20";"20"
"SCRIPT_API";"dw.order.PaymentInstrument#setCreditCardHolder(String)";"2";"35968";"35968";"0";"0"
"SCRIPT_API";"dw.order.PaymentInstrument#setCreditCardNumber(String)";"2";"427025";"427025";"0";"0"
"SCRIPT_API";"dw.order.PaymentInstrument#setCreditCardToken(String)";"2";"193746";"193746";"0";"0"
"SCRIPT_API";"dw.order.PaymentInstrument#setCreditCardType(String)";"2";"11621";"11621";"29";"29"
"SCRIPT_API";"dw.order.PaymentMethod#getApplicablePaymentCards(dw.customer.Customer,String,Number)";"20";"15539082";"15539082";"13203037";"13203037"
"SCRIPT_API";"dw.order.PaymentMethod#getID()";"16";"40422";"40422";"534";"534"
"SCRIPT_API";"dw.order.PaymentMethod#getName()";"16";"2457452";"2457452";"1613273";"1613273"
"SCRIPT_API";"dw.order.PaymentMethod#getPaymentProcessor()";"8";"3820462";"3820462";"3585591";"3585591"
"SCRIPT_API";"dw.order.PaymentMgr#getApplicablePaymentMethods(dw.customer.Customer,String,Number)";"18";"14994122";"14994122";"12452006";"12452006"
"SCRIPT_API";"dw.order.PaymentMgr#getPaymentCard(String)";"3";"2355840";"2355840";"2055805";"2055805"
"SCRIPT_API";"dw.order.PaymentMgr#getPaymentMethod(String)";"26";"7374736";"7374736";"6460072";"6460072"
"SCRIPT_API";"dw.order.PaymentProcessor#getID()";"9";"315478";"315478";"0";"0"
"SCRIPT_API";"dw.order.PaymentTransaction#getAmount()";"3";"15129";"15129";"0";"0"
"SCRIPT_API";"dw.order.PaymentTransaction#setAmount(dw.value.Money)";"1";"8240";"8240";"7";"7"
"SCRIPT_API";"dw.order.ProductLineItem#getAdjustedPrice()";"62";"585201";"585201";"0";"0"
"SCRIPT_API";"dw.order.ProductLineItem#getOptionProductLineItems()";"186";"1225416";"1225416";"0";"0"
"SCRIPT_API";"dw.order.ProductLineItem#getPriceAdjustments()";"137";"1071133";"1071133";"1918";"1918"
"SCRIPT_API";"dw.order.ProductLineItem#getProduct()";"479";"9247708";"9247708";"0";"0"
"SCRIPT_API";"dw.order.ProductLineItem#getProductInventoryListID()";"62";"190308";"190308";"265";"265"
"SCRIPT_API";"dw.order.ProductLineItem#getQuantity()";"127";"604798";"604798";"1036";"1036"
"SCRIPT_API";"dw.order.ProductLineItem#getQuantityValue()";"37";"547434";"547434";"0";"0"
"SCRIPT_API";"dw.order.ProductLineItem#getShipment()";"63";"442968";"442968";"455";"455"
"SCRIPT_API";"dw.order.ProductLineItem#isBonusProductLineItem()";"182";"414978";"414978";"2916";"2916"
"SCRIPT_API";"dw.order.ProductLineItem#isBundledProductLineItem()";"58";"105321";"105321";"422";"422"
"SCRIPT_API";"dw.order.ProductLineItem#isCatalogProduct()";"58";"252417";"252417";"786";"786"
"SCRIPT_API";"dw.order.ProductLineItem#isGift()";"62";"290595";"290595";"2517";"2517"
"SCRIPT_API";"dw.order.ProductLineItem#isOptionProductLineItem()";"58";"165734";"165734";"583";"583"
"SCRIPT_API";"dw.order.ProductLineItem#setPriceValue(Number)";"58";"2161075";"2161075";"0";"0"
"SCRIPT_API";"dw.order.ProductLineItem#setQuantityValue(Number)";"3";"1302238";"1302238";"0";"0"
"SCRIPT_API";"dw.order.Shipment#getAllLineItems()";"19";"689309";"689309";"42814";"42814"
"SCRIPT_API";"dw.order.Shipment#getGiftMessage()";"33";"238348";"238348";"414";"414"
"SCRIPT_API";"dw.order.Shipment#getProductLineItems()";"63";"1047033";"1047033";"360900";"360900"
"SCRIPT_API";"dw.order.Shipment#getShippingAddress()";"137";"639137";"639137";"2301";"2301"
"SCRIPT_API";"dw.order.Shipment#getShippingMethod()";"194";"3582501";"3582501";"2349287";"2349287"
"SCRIPT_API";"dw.order.Shipment#getShippingPriceAdjustments()";"14";"511095";"511095";"4301";"4301"
"SCRIPT_API";"dw.order.Shipment#isDefault()";"1";"133894";"133894";"0";"0"
"SCRIPT_API";"dw.order.Shipment#isGift()";"33";"677376";"677376";"0";"0"
"SCRIPT_API";"dw.order.Shipment#setShippingMethod(dw.order.ShippingMethod)";"2";"84380";"84380";"0";"0"
"SCRIPT_API";"dw.order.ShipmentShippingCost#getAmount()";"294";"268536";"268536";"8147";"8147"
"SCRIPT_API";"dw.order.ShipmentShippingModel#getApplicableShippingMethods()";"42";"24375418";"24375418";"18272256";"18272256"
"SCRIPT_API";"dw.order.ShipmentShippingModel#getShippingCost(dw.order.ShippingMethod)";"147";"20481173";"20481173";"1534561";"1534561"
"SCRIPT_API";"dw.order.ShippingMethod#getDescription()";"147";"1064863";"1064863";"0";"0"
"SCRIPT_API";"dw.order.ShippingMethod#getDisplayName()";"147";"1699097";"1699097";"0";"0"
"SCRIPT_API";"dw.order.ShippingMethod#getID()";"445";"529185";"529185";"17942";"17942"
"SCRIPT_API";"dw.order.ShippingMethod#isDefaultMethod()";"147";"296629";"296629";"7815";"7815"
"SCRIPT_API";"dw.order.ShippingMgr#applyShippingCost(dw.order.LineItemCtnr)";"31";"52743018";"52743018";"86183";"86183"
"SCRIPT_API";"dw.order.ShippingMgr#getDefaultShippingMethod()";"15";"9918274";"9918274";"8856429";"8856429"
"SCRIPT_API";"dw.order.ShippingMgr#getShipmentShippingModel(dw.order.Shipment)";"189";"706782";"706782";"2884";"2884"
"SCRIPT_API";"dw.order.TaxMgr#getCustomRateTaxClassID()";"61";"96353";"96353";"1481";"1481"
"SCRIPT_API";"dw.order.TaxMgr#getDefaultTaxClassID()";"1";"29452";"29452";"0";"0"
"SCRIPT_API";"dw.order.TaxMgr#getDefaultTaxJurisdictionID()";"31";"7907275";"7907275";"6553030";"6553030"
"SCRIPT_API";"dw.order.TaxMgr#getTaxRate(String,String)";"36";"2923795";"2923795";"2036361";"2036361"
"SCRIPT_API";"dw.system.HookMgr#callHook(String,String,Object[])";"353";"1033434001";"143739282";"95911059";"510914"
"SCRIPT_API";"dw.system.HookMgr#hasHook(String)";"4131";"27546007";"27546007";"210393";"210393"
"SCRIPT_API";"dw.system.Logger#debug(String,Object[])";"73";"848320";"848320";"0";"0"
"SCRIPT_API";"dw.system.Logger#warn(String,Object[])";"237";"49284075";"49284075";"7344450";"7344450"
"SCRIPT_API";"dw.system.Request#getGeolocation()";"12";"300288";"300288";"0";"0"
"SCRIPT_API";"dw.system.Request#getHttpHeaders()";"4074";"73178206";"73178206";"0";"0"
"SCRIPT_API";"dw.system.Request#getHttpHost()";"4158";"4669552";"4669552";"78323";"78323"
"SCRIPT_API";"dw.system.Request#getHttpMethod()";"4074";"3241564";"3241564";"77426";"77426"
"SCRIPT_API";"dw.system.Request#getHttpParameterMap()";"119";"458813";"458813";"5512";"5512"
"SCRIPT_API";"dw.system.Request#getHttpPath()";"4074";"6570220";"6570220";"43548";"43548"
"SCRIPT_API";"dw.system.Request#getHttpQueryString()";"6009";"8013374";"8013374";"675690";"675690"
"SCRIPT_API";"dw.system.Request#getLocale()";"5127";"4986058";"4986058";"385883";"385883"
"SCRIPT_API";"dw.system.Request#getPageMetaData()";"135";"209237";"209237";"13508";"13508"
"SCRIPT_API";"dw.system.Request#getRequestID()";"120";"273411";"273411";"2313";"2313"
"SCRIPT_API";"dw.system.Request#isHttpSecure()";"4074";"4144717";"4144717";"90370";"90370"
"SCRIPT_API";"dw.system.Request#isIncludeRequest()";"8148";"6504848";"6504848";"258977";"258977"
"SCRIPT_API";"dw.system.Response#getWriter()";"86";"49619024";"49619024";"0";"0"
"SCRIPT_API";"dw.system.Response#setContentType(String)";"86";"467762";"467762";"14566";"14566"
"SCRIPT_API";"dw.system.Response#setExpires(Date)";"421";"1908791";"1908791";"80266";"80266"
"SCRIPT_API";"dw.system.Response#setHttpHeader(String,String)";"8148";"11766801";"11766801";"156042";"156042"
"SCRIPT_API";"dw.system.Response#setStatus(Number)";"91";"1117327";"1117327";"6484";"6484"
"SCRIPT_API";"dw.system.Response#setVaryBy(String)";"139";"314007";"314007";"2906";"2906"
"SCRIPT_API";"dw.system.Session#getClickStream()";"20";"118758";"118758";"907";"907"
"SCRIPT_API";"dw.system.Session#getCurrency()";"6208";"18601732";"18601732";"14485";"14485"
"SCRIPT_API";"dw.system.Session#getForms()";"71";"396339";"396339";"8961";"8961"
"SCRIPT_API";"dw.system.Session#getPrivacy()";"540";"1106216";"1106216";"41001";"41001"
"SCRIPT_API";"dw.system.Site#getAllowedLocales()";"53";"587812";"587812";"0";"0"
"SCRIPT_API";"dw.system.Site#getCurrent()";"149";"7746328";"7746328";"2291486";"2291486"
"SCRIPT_API";"dw.system.Site#getCustomPreferenceValue(String)";"2";"10614241";"10614241";"9795991";"9795991"
"SCRIPT_API";"dw.system.Site#getID()";"53";"143187";"143187";"1376";"1376"
"SCRIPT_API";"dw.system.Site#getPageMetaTags()";"9";"326340";"326340";"7465";"7465"
"SCRIPT_API";"dw.system.Site#getPreferences()";"85";"4853234";"4853234";"2423300";"2423300"
"SCRIPT_API";"dw.system.Status#isError()";"2";"8310";"8310";"16";"16"
"SCRIPT_API";"dw.system.Status(Number)";"93";"441793";"441793";"2932";"2932"
"SCRIPT_API";"dw.system.System#getInstanceType()";"358";"897099";"897099";"26618";"26618"
"SCRIPT_API";"dw.system.Transaction#wrap(Function)";"83";"1293261570";"437856568";"235895533";"46045117"
"SCRIPT_API";"dw.template.ISML#renderTemplate(String,Object)";"651";"3623643663";"76687898";"788628051";"14791734"
"SCRIPT_API";"dw.util.ArrayList()";"120";"422968";"422968";"3104";"3104"
"SCRIPT_API";"dw.util.Collection#contains(Object)";"2";"8535";"8535";"22";"22"
"SCRIPT_API";"dw.util.Collection#getLength()";"959";"1836056";"1836056";"32449";"32449"
"SCRIPT_API";"dw.util.Collection#isEmpty()";"63";"115308";"115308";"1203";"1203"
"SCRIPT_API";"dw.util.Collection#iterator()";"2273";"3544459";"3544459";"136178";"136178"
"SCRIPT_API";"dw.util.Collection#size()";"1";"8582";"8582";"1174";"1174"
"SCRIPT_API";"dw.util.Collection#toArray()";"10";"171283";"171283";"0";"0"
"SCRIPT_API";"dw.util.Currency#getCurrencyCode()";"4437";"2754592";"2754592";"127470";"127470"
"SCRIPT_API";"dw.util.Currency#getDefaultFractionDigits()";"4438";"15085956";"15085956";"11695395";"11695395"
"SCRIPT_API";"dw.util.Currency#getName()";"4437";"2730149";"2730149";"68737";"68737"
"SCRIPT_API";"dw.util.Currency#getSymbol()";"4438";"3038798";"3038798";"71124";"71124"
"SCRIPT_API";"dw.util.Decimal#get()";"214";"254902";"254902";"4188";"4188"
"SCRIPT_API";"dw.util.Decimal#toString()";"214";"334091";"334091";"3171";"3171"
"SCRIPT_API";"dw.util.Geolocation#getCountryCode()";"2";"6182";"6182";"18";"18"
"SCRIPT_API";"dw.util.Geolocation#getLatitude()";"2";"4704";"4704";"19";"19"
"SCRIPT_API";"dw.util.Geolocation#getLongitude()";"2";"2686";"2686";"8";"8"
"SCRIPT_API";"dw.util.HashMap()";"389";"1378839";"1378839";"25210";"25210"
"SCRIPT_API";"dw.util.Iterator#hasNext()";"4711";"4707166";"4707166";"146844";"146844"
"SCRIPT_API";"dw.util.Iterator#next()";"2704";"6575399";"6575399";"179232";"179232"
"SCRIPT_API";"dw.util.List#get(Number)";"21";"874147";"874147";"0";"0"
"SCRIPT_API";"dw.util.List#indexOf(Object)";"318";"362094";"362094";"8205";"8205"
"SCRIPT_API";"dw.util.List#size()";"95";"243897";"243897";"4324";"4324"
"SCRIPT_API";"dw.util.Locale#getCountry()";"71";"145554";"145554";"2084";"2084"
"SCRIPT_API";"dw.util.Locale#getDisplayCountry()";"53";"92344";"92344";"1056";"1056"
"SCRIPT_API";"dw.util.Locale#getDisplayLanguage()";"53";"69058";"69058";"893";"893"
"SCRIPT_API";"dw.util.Locale#getDisplayName()";"53";"368386";"368386";"183";"183"
"SCRIPT_API";"dw.util.Locale#getID()";"5476";"3323542";"3323542";"100560";"100560"
"SCRIPT_API";"dw.util.Locale#getLanguage()";"138";"283872";"283872";"2814";"2814"
"SCRIPT_API";"dw.util.Locale#getLocale(String)";"1053";"3835015";"3835015";"0";"0"
"SCRIPT_API";"dw.util.Map#containsKey(Object)";"66";"217792";"217792";"592";"592"
"SCRIPT_API";"dw.util.Map#get(Object)";"273";"990185";"990185";"7434";"7434"
"SCRIPT_API";"dw.util.Map#isEmpty()";"11";"694160";"694160";"0";"0"
"SCRIPT_API";"dw.util.Map#keySet()";"62";"336448";"336448";"1403";"1403"
"SCRIPT_API";"dw.util.Map#put(Object,Object)";"386";"1049138";"1049138";"20840";"20840"
"SCRIPT_API";"dw.util.Map#size()";"22";"47378";"47378";"646";"646"
"SCRIPT_API";"dw.util.SecureEncoder#forHtmlInDoubleQuoteAttribute(String)";"155";"403083";"403083";"1397";"1397"
"SCRIPT_API";"dw.util.SeekableIterator#first()";"1";"41680";"41680";"0";"0"
"SCRIPT_API";"dw.util.StringUtils#formatInteger(Number)";"10";"651999";"651999";"0";"0"
"SCRIPT_API";"dw.util.StringUtils#formatMoney(dw.value.Money)";"585";"16405848";"16405848";"150086";"150086"
"SCRIPT_API";"dw.util.StringUtils#formatNumber(Number,String,String)";"100";"16911484";"16911484";"12363279";"12363279"
"SCRIPT_API";"dw.util.Template#render(dw.util.Map)";"242";"347046105";"74505396";"15337887";"6541680"
"SCRIPT_API";"dw.util.Template(String)";"242";"947443";"947443";"5816";"5816"
"SCRIPT_API";"dw.value.EnumValue#getDisplayValue()";"3";"7421";"7421";"80";"80"
"SCRIPT_API";"dw.value.EnumValue#getValue()";"3";"3576";"3576";"35";"35"
"SCRIPT_API";"dw.value.MimeEncodedText#getText()";"242";"587784";"587784";"4061";"4061"
"SCRIPT_API";"dw.value.Money#getCurrencyCode()";"361";"377390";"377390";"5575";"5575"
"SCRIPT_API";"dw.value.Money#getDecimalValue()";"428";"585689";"585689";"9730";"9730"
"SCRIPT_API";"dw.value.Money#getValue()";"970";"807167";"807167";"23748";"23748"
"SCRIPT_API";"dw.value.Money#getValueOrNull()";"346";"485079";"485079";"5846";"5846"
"SCRIPT_API";"dw.value.Money#isAvailable()";"955";"851721";"851721";"23474";"23474"
"SCRIPT_API";"dw.value.Money#subtract(dw.value.Money)";"66";"197804";"197804";"409";"409"
"SCRIPT_API";"dw.value.Money(Number,String)";"147";"648403";"648403";"2404";"2404"
"SCRIPT_API";"dw.value.Quantity#getValue()";"848";"758965";"758965";"16670";"16670"
"SCRIPT_API";"dw.web.CSRFProtection#generateToken()";"259";"10072145";"10072145";"0";"0"
"SCRIPT_API";"dw.web.CSRFProtection#getTokenName()";"259";"733616";"733616";"28235";"28235"
"SCRIPT_API";"dw.web.CSRFProtection#validateRequest()";"8";"533361";"533361";"1448";"1448"
"SCRIPT_API";"dw.web.ClickStream#getClicks()";"10";"340032";"340032";"0";"0"
"SCRIPT_API";"dw.web.ClickStream#isPartial()";"10";"371859";"371859";"0";"0"
"SCRIPT_API";"dw.web.ClickStreamEntry#getHost()";"105";"85200";"85200";"2470";"2470"
"SCRIPT_API";"dw.web.ClickStreamEntry#getLocale()";"105";"83007";"83007";"0";"0"
"SCRIPT_API";"dw.web.ClickStreamEntry#getPath()";"105";"70948";"70948";"0";"0"
"SCRIPT_API";"dw.web.ClickStreamEntry#getPipelineName()";"105";"71187";"71187";"426";"426"
"SCRIPT_API";"dw.web.ClickStreamEntry#getQueryString()";"105";"214331";"214331";"0";"0"
"SCRIPT_API";"dw.web.ClickStreamEntry#getReferer()";"105";"70096";"70096";"0";"0"
"SCRIPT_API";"dw.web.ClickStreamEntry#getRemoteAddress()";"105";"70347";"70347";"286";"286"
"SCRIPT_API";"dw.web.ClickStreamEntry#getTimestamp()";"105";"85355";"85355";"0";"0"
"SCRIPT_API";"dw.web.ClickStreamEntry#getUrl()";"105";"238450";"238450";"99010";"99010"
"SCRIPT_API";"dw.web.ClickStreamEntry#getUserAgent()";"105";"70192";"70192";"294";"294"
"SCRIPT_API";"dw.web.FormAction#getDescription()";"156";"332015";"332015";"5279";"5279"
"SCRIPT_API";"dw.web.FormAction#getLabel()";"156";"213153";"213153";"0";"0"
"SCRIPT_API";"dw.web.FormAction#isSubmitted()";"156";"229863";"229863";"1966";"1966"
"SCRIPT_API";"dw.web.FormAction#isTriggered()";"156";"163965";"163965";"1482";"1482"
"SCRIPT_API";"dw.web.FormElement#clearFormElement()";"63";"1597017";"1597017";"3149";"3149"
"SCRIPT_API";"dw.web.FormElement#getDynamicHtmlName()";"1772";"3916850";"3916850";"114361";"114361"
"SCRIPT_API";"dw.web.FormElement#getHtmlName()";"2508";"2583797";"2583797";"70271";"70271"
"SCRIPT_API";"dw.web.FormElement#isValid()";"1772";"15528303";"15528303";"12768682";"12768682"
"SCRIPT_API";"dw.web.FormField#getDescription()";"1500";"2438728";"2438728";"14776";"14776"
"SCRIPT_API";"dw.web.FormField#getError()";"1412";"917111";"917111";"48138";"48138"
"SCRIPT_API";"dw.web.FormField#getHtmlValue()";"1714";"1640078";"1640078";"54359";"54359"
"SCRIPT_API";"dw.web.FormField#getLabel()";"2616";"2735204";"2735204";"42073";"42073"
"SCRIPT_API";"dw.web.FormField#getMaxLength()";"1166";"804197";"804197";"45022";"45022"
"SCRIPT_API";"dw.web.FormField#getMaxValue()";"72";"451335";"451335";"1669";"1669"
"SCRIPT_API";"dw.web.FormField#getMinLength()";"1166";"727385";"727385";"27518";"27518"
"SCRIPT_API";"dw.web.FormField#getMinValue()";"72";"223350";"223350";"399";"399"
"SCRIPT_API";"dw.web.FormField#getOptions()";"35184";"18567352";"18567352";"1021180";"1021180"
"SCRIPT_API";"dw.web.FormField#getRegEx()";"1166";"1467274";"1467274";"634410";"634410"
"SCRIPT_API";"dw.web.FormField#getSelectedOption()";"209";"3430401";"3430401";"436855";"436855"
"SCRIPT_API";"dw.web.FormField#getType()";"2963";"2124619";"2124619";"104866";"104866"
"SCRIPT_API";"dw.web.FormField#getValue()";"61";"95495";"95495";"5543";"5543"
"SCRIPT_API";"dw.web.FormField#isChecked()";"166";"422689";"422689";"5417";"5417"
"SCRIPT_API";"dw.web.FormField#isMandatory()";"1570";"1065018";"1065018";"43057";"43057"
"SCRIPT_API";"dw.web.FormField#isSelected()";"166";"224323";"224323";"3176";"3176"
"SCRIPT_API";"dw.web.FormFieldOption#getHtmlValue()";"4536";"20504531";"20504531";"4931121";"4931121"
"SCRIPT_API";"dw.web.FormFieldOption#getLabel()";"9072";"9266532";"9266532";"189940";"189940"
"SCRIPT_API";"dw.web.FormFieldOption#getOptionId()";"4547";"2610208";"2610208";"112581";"112581"
"SCRIPT_API";"dw.web.FormFieldOption#getValue()";"4536";"3009788";"3009788";"95197";"95197"
"SCRIPT_API";"dw.web.FormFieldOption#isChecked()";"4536";"2746458";"2746458";"122344";"122344"
"SCRIPT_API";"dw.web.FormFieldOption#isSelected()";"4536";"2746910";"2746910";"192834";"192834"
"SCRIPT_API";"dw.web.FormFieldOptions#getOptionsCount()";"1815";"1398465";"1398465";"115943";"115943"
"SCRIPT_API";"dw.web.FormGroup#getError()";"368";"642883";"642883";"4968";"4968"
"SCRIPT_API";"dw.web.HttpParameter#getDoubleValue()";"40";"132914";"132914";"1110";"1110"
"SCRIPT_API";"dw.web.HttpParameter#getRawValue()";"674";"459572";"459572";"30040";"30040"
"SCRIPT_API";"dw.web.HttpParameter#getStringValue()";"5";"48261";"48261";"5876";"5876"
"SCRIPT_API";"dw.web.HttpParameterMap#get(Object)";"342";"335301";"335301";"4371";"4371"
"SCRIPT_API";"dw.web.HttpParameterMap#getParameterNames()";"198";"788861";"788861";"402766";"402766"
"SCRIPT_API";"dw.web.LoopIterator#getCount()";"240";"320523";"320523";"23623";"23623"
"SCRIPT_API";"dw.web.LoopIterator#getIndex()";"254";"178347";"178347";"11253";"11253"
"SCRIPT_API";"dw.web.LoopIterator#isFirst()";"21";"742491";"742491";"994";"994"
"SCRIPT_API";"dw.web.LoopIterator#isLast()";"75";"100652";"100652";"7404";"7404"
"SCRIPT_API";"dw.web.PageMetaData#addPageMetaTags(Array)";"19";"190111";"190111";"0";"0"
"SCRIPT_API";"dw.web.PageMetaData#getDescription()";"201";"183306";"183306";"4411";"4411"
"SCRIPT_API";"dw.web.PageMetaData#getKeywords()";"201";"207878";"207878";"3658";"3658"
"SCRIPT_API";"dw.web.PageMetaData#getPageMetaTags()";"201";"656682";"656682";"1051";"1051"
"SCRIPT_API";"dw.web.PageMetaData#getTitle()";"201";"252452";"252452";"0";"0"
"SCRIPT_API";"dw.web.PagingModel#appendPaging(dw.web.URL)";"20";"543346";"543346";"0";"0"
"SCRIPT_API";"dw.web.PagingModel#getCurrentPage()";"20";"413471";"413471";"84602";"84602"
"SCRIPT_API";"dw.web.PagingModel#getEnd()";"20";"51349";"51349";"340";"340"
"SCRIPT_API";"dw.web.PagingModel#getPageElements()";"20";"681544";"681544";"337805";"337805"
"SCRIPT_API";"dw.web.PagingModel#setPageSize(Number)";"40";"77082";"77082";"465";"465"
"SCRIPT_API";"dw.web.PagingModel#setStart(Number)";"60";"106632";"106632";"1295";"1295"
"SCRIPT_API";"dw.web.PagingModel(dw.util.Iterator,Number)";"40";"246874";"246874";"3982";"3982"
"SCRIPT_API";"dw.web.Resource#msg(String,String,String)";"10054";"190575958";"190575958";"1408674";"1408674"
"SCRIPT_API";"dw.web.Resource#msgf(String,String,String,Object[])";"602";"20509733";"20509733";"0";"0"
"SCRIPT_API";"dw.web.URL#append(String,String)";"10";"98152";"98152";"170";"170"
"SCRIPT_API";"dw.web.URL#appendCSRFTokenBM()";"4";"130247";"130247";"0";"0"
"SCRIPT_API";"dw.web.URL#relative()";"295";"824383";"824383";"4295";"4295"
"SCRIPT_API";"dw.web.URL#toString()";"1616";"90498427";"90498427";"58877164";"58877164"
"SCRIPT_API";"dw.web.URLAction(String,String)";"3";"54605";"54605";"0";"0"
"SCRIPT_API";"dw.web.URLUtils#abs(String,String[])";"120";"508410";"508410";"2045";"2045"
"SCRIPT_API";"dw.web.URLUtils#home()";"4";"119272";"119272";"0";"0"
"SCRIPT_API";"dw.web.URLUtils#https(String,String[])";"139";"1238553";"1238553";"11816";"11816"
"SCRIPT_API";"dw.web.URLUtils#https(dw.web.URLAction,dw.web.URLParameter[])";"3";"50399";"50399";"0";"0"
"SCRIPT_API";"dw.web.URLUtils#staticURL(String)";"1030";"341713394";"341713394";"290419426";"290419426"
"SCRIPT_API";"dw.web.URLUtils#url(String,String[])";"2223";"9440181";"9440181";"190434";"190434"
"SCRIPT_CONTROLLER";"app_storefront_base/cartridge/controllers/Account.js#Header";"53";"225436501";"169398849";"6684700";"1289629"
"SCRIPT_CONTROLLER";"app_storefront_base/cartridge/controllers/Account.js#Show";"1";"470055528";"15432223";"55309061";"1034391"
"SCRIPT_CONTROLLER";"app_storefront_base/cartridge/controllers/Account.js#SubmitRegistration";"2";"290743412";"22542901";"84168833";"0"
"SCRIPT_CONTROLLER";"app_storefront_base/cartridge/controllers/Cart.js#AddProduct";"16";"622998343";"168149886";"105233928";"8878720"
"SCRIPT_CONTROLLER";"app_storefront_base/cartridge/controllers/Cart.js#MiniCart";"27";"134372542";"87505775";"14661646";"550970"
"SCRIPT_CONTROLLER";"app_storefront_base/cartridge/controllers/Cart.js#MiniCartShow";"7";"219453985";"84064211";"35835925";"3284572"
"SCRIPT_CONTROLLER";"app_storefront_base/cartridge/controllers/Cart.js#RemoveProductLineItem";"1";"27293881";"8443332";"1075038";"0"
"SCRIPT_CONTROLLER";"app_storefront_base/cartridge/controllers/Cart.js#Show";"4";"767321433";"83008895";"117545899";"18730617"
"SCRIPT_CONTROLLER";"app_storefront_base/cartridge/controllers/Checkout.js#Begin";"50";"2198992240";"697504354";"351307393";"69928898"
"SCRIPT_CONTROLLER";"app_storefront_base/cartridge/controllers/CheckoutServices.js#PlaceOrder";"4";"38032162";"29227552";"535995";"0"
"SCRIPT_CONTROLLER";"app_storefront_base/cartridge/controllers/CheckoutServices.js#SubmitCustomer";"3";"56777795";"35964422";"1507887";"63986"
"SCRIPT_CONTROLLER";"app_storefront_base/cartridge/controllers/CheckoutServices.js#SubmitPayment";"2";"368181143";"34965069";"21446772";"107325"
"SCRIPT_CONTROLLER";"app_storefront_base/cartridge/controllers/ConsentTracking.js#Check";"42";"113232744";"99881229";"4950360";"2820585"
"SCRIPT_CONTROLLER";"app_storefront_base/cartridge/controllers/Default.js#Start";"5";"158908642";"26387860";"83805862";"378011"
"SCRIPT_CONTROLLER";"app_storefront_base/cartridge/controllers/Error.js#Start";"91";"309513708";"100261927";"3246381";"0"
"SCRIPT_CONTROLLER";"app_storefront_base/cartridge/controllers/Home.js#Show";"4";"72226931";"13466963";"34337478";"0"
"SCRIPT_CONTROLLER";"app_storefront_base/cartridge/controllers/Login.js#Show";"1";"225514012";"13310689";"6264829";"416952"
"SCRIPT_CONTROLLER";"app_storefront_base/cartridge/controllers/Page.js#Include";"237";"608302413";"460296756";"37030383";"15198685"
"SCRIPT_CONTROLLER";"app_storefront_base/cartridge/controllers/Page.js#IncludeHeaderMenu";"27";"449350453";"101685566";"289830114";"19562175"
"SCRIPT_CONTROLLER";"app_storefront_base/cartridge/controllers/Page.js#Locale";"53";"171768086";"140425454";"29259353";"26933517"
"SCRIPT_CONTROLLER";"app_storefront_base/cartridge/controllers/PaymentInstruments.js#AddPayment";"1";"176454767";"11577869";"15982050";"0"
"SCRIPT_CONTROLLER";"app_storefront_base/cartridge/controllers/PaymentInstruments.js#List";"1";"291381937";"4892244";"36031269";"0"
"SCRIPT_CONTROLLER";"app_storefront_base/cartridge/controllers/PaymentInstruments.js#SavePayment";"1";"90739843";"7475115";"18841412";"409583"
"SCRIPT_CONTROLLER";"app_storefront_base/cartridge/controllers/Product.js#ShowQuickView";"9";"1033855547";"99840999";"302669799";"3690585"
"SCRIPT_CONTROLLER";"app_storefront_base/cartridge/controllers/Product.js#Variation";"13";"373287582";"147998293";"139335896";"18739265"
"SCRIPT_CONTROLLER";"app_storefront_base/cartridge/controllers/ReportingEvent.js#MiniCart";"3";"21703061";"9191609";"7674629";"1816"
"SCRIPT_CONTROLLER";"app_storefront_base/cartridge/controllers/ReportingEvent.js#Start";"30";"53519087";"45198597";"706603";"2049"
"SCRIPT_CONTROLLER";"app_storefront_base/cartridge/controllers/Search.js#Refinebar";"10";"74264273";"34376687";"9526156";"2095814"
"SCRIPT_CONTROLLER";"app_storefront_base/cartridge/controllers/Search.js#Show";"10";"1080671626";"95514155";"551500281";"6530606"
"SCRIPT_CONTROLLER";"app_storefront_base/cartridge/controllers/Tile.js#Show";"120";"1645865618";"572254415";"555383550";"24658570"
"SCRIPT_HOOK";"app_storefront_base/cartridge/scripts/hooks/cart/calculate.js#calculate";"31";"482264366";"21170344";"56341107";"192019"
"SCRIPT_HOOK";"app_storefront_base/cartridge/scripts/hooks/cart/calculate.js#calculateShipping";"31";"54779232";"1827737";"106501";"19034"
"SCRIPT_HOOK";"app_storefront_base/cartridge/scripts/hooks/cart/calculate.js#calculateTax";"31";"95960371";"18129471";"22281695";"0"
"SCRIPT_HOOK";"app_storefront_base/cartridge/scripts/hooks/payment/processor/basic_credit#Handle";"1";"244552859";"4690989";"10942058";"0"
"SCRIPT_HOOK";"app_storefront_base/cartridge/scripts/hooks/payment/processor/basic_credit#createToken";"1";"177336";"177336";"0";"0"
"SCRIPT_HOOK";"app_storefront_base/cartridge/scripts/hooks/payment/processor/basic_credit_form_processor#processForm";"2";"11867528";"4771736";"5729335";"255734"
"SCRIPT_HOOK";"app_storefront_base/cartridge/scripts/hooks/payment/processor/basic_credit_form_processor#savePaymentInformation";"1";"93027";"86265";"0";"0"
"SF_PAGE";"/Sites-Mailchimp-Site/-/null-null";"5";"161839436";"2930794";"84972859";"1166997"
"SF_PAGE";"/Sites-Mailchimp-Site/default/Account-Header";"53";"238098301";"12661800";"8568699";"1883999"
"SF_PAGE";"/Sites-Mailchimp-Site/default/Account-Show";"1";"470360111";"304583";"55309754";"693"
"SF_PAGE";"/Sites-Mailchimp-Site/default/Account-SubmitRegistration";"2";"297721514";"6978102";"88021486";"3852653"
"SF_PAGE";"/Sites-Mailchimp-Site/default/Cart-AddProduct";"16";"974384548";"324786549";"203557592";"98304953"
"SF_PAGE";"/Sites-Mailchimp-Site/default/Cart-MiniCart";"27";"143209652";"8837110";"17569389";"2907743"
"SF_PAGE";"/Sites-Mailchimp-Site/default/Cart-MiniCartShow";"7";"239518460";"20064475";"51796748";"15960823"
"SF_PAGE";"/Sites-Mailchimp-Site/default/Cart-RemoveProductLineItem";"1";"33277094";"5983213";"5705768";"4630730"
"SF_PAGE";"/Sites-Mailchimp-Site/default/Cart-Show";"4";"777109077";"9787644";"125447135";"7901236"
"SF_PAGE";"/Sites-Mailchimp-Site/default/Checkout-Begin";"50";"2463395617";"184091963";"387573353";"36185756"
"SF_PAGE";"/Sites-Mailchimp-Site/default/CheckoutServices-PlaceOrder";"4";"39302152";"1269990";"537490";"1495"
"SF_PAGE";"/Sites-Mailchimp-Site/default/CheckoutServices-SubmitCustomer";"3";"63181896";"6404101";"5650834";"4142947"
"SF_PAGE";"/Sites-Mailchimp-Site/default/CheckoutServices-SubmitPayment";"2";"373242176";"5061033";"24572250";"3125478"
"SF_PAGE";"/Sites-Mailchimp-Site/default/ConsentTracking-Check";"42";"591691165";"284495851";"60708993";"53680071"
"SF_PAGE";"/Sites-Mailchimp-Site/default/Home-Show";"4";"73399565";"1172634";"34339442";"1964"
"SF_PAGE";"/Sites-Mailchimp-Site/default/Login-Show";"1";"225913466";"399454";"6265597";"768"
"SF_PAGE";"/Sites-Mailchimp-Site/default/Page-Include";"237";"648953947";"40651534";"37208964";"178581"
"SF_PAGE";"/Sites-Mailchimp-Site/default/Page-IncludeHeaderMenu";"27";"476825847";"18835326";"298260385";"7361367"
"SF_PAGE";"/Sites-Mailchimp-Site/default/Page-Locale";"53";"182869837";"11101751";"29686107";"426754"
"SF_PAGE";"/Sites-Mailchimp-Site/default/PaymentInstruments-AddPayment";"1";"176760330";"305563";"15983340";"1290"
"SF_PAGE";"/Sites-Mailchimp-Site/default/PaymentInstruments-List";"1";"291622948";"241011";"36031600";"331"
"SF_PAGE";"/Sites-Mailchimp-Site/default/PaymentInstruments-SavePayment";"1";"91466078";"726235";"18840663";"0"
"SF_PAGE";"/Sites-Mailchimp-Site/default/Product-ShowQuickView";"9";"1036974064";"3118517";"302687387";"17588"
"SF_PAGE";"/Sites-Mailchimp-Site/default/Product-Variation";"13";"377279949";"3992367";"139344441";"8545"
"SF_PAGE";"/Sites-Mailchimp-Site/default/ReportingEvent-MiniCart";"3";"22413799";"710738";"7678495";"3866"
"SF_PAGE";"/Sites-Mailchimp-Site/default/ReportingEvent-Start";"30";"75642017";"22122930";"16031589";"15324986"
"SF_PAGE";"/Sites-Mailchimp-Site/default/Search-Refinebar";"10";"76061645";"1797372";"9534432";"8276"
"SF_PAGE";"/Sites-Mailchimp-Site/default/Search-Show";"10";"1083551320";"2879694";"551509296";"9015"
"SF_PAGE";"/Sites-Mailchimp-Site/default/Tile-Show";"120";"1670869392";"25003774";"555479159";"95609"
"SF_PAGE";"/Sites-Mailchimp-Site/default/__SYSTEM__Slot-Request";"124";"182312983";"182312983";"28841660";"28841660"
"SF_PAGE";"/Sites-Mailchimp-Site/default/__SYSTEM__StorefrontToolkit-Start";"42";"36321314";"36321314";"33260";"33260"
