"Type";"Name";"Count";"TotalTime";"OwnTime";"TotalWaitTime";"OwnWaitTime"
"ISML";"app_storefront_base/default//common/consent";"16";"10928022";"9718072";"3958028";"3955103"
"ISML";"app_storefront_base/default//common/htmlHead";"34";"203011129";"29980927";"137405620";"11084367"
"ISML";"app_storefront_base/default//common/scripts";"68";"6392427";"4566478";"0";"0"
"ISML";"app_storefront_base/default//components/content/contentAsset";"203";"9641918";"9154929";"2026711";"2025750"
"ISML";"app_storefront_base/default//components/content/offlineContent";"63";"2258315";"2258315";"3673";"3673"
"ISML";"app_storefront_base/default//components/footer/pageFooter";"34";"16270733";"7029316";"2031969";"1921"
"ISML";"app_storefront_base/default//components/header/countrySelector";"18";"4310720";"4293634";"1008448";"1008083"
"ISML";"app_storefront_base/default//components/header/menu";"18";"11043736";"8525805";"1667";"0"
"ISML";"app_storefront_base/default//components/header/miniCart";"18";"15567089";"13962744";"8291552";"8130288"
"ISML";"app_storefront_base/default//components/header/mobileCountrySelector";"18";"2680466";"2666201";"2368";"2225"
"ISML";"app_storefront_base/default//components/header/pageHeader";"27";"90065510";"29705039";"53666554";"15799206"
"ISML";"app_storefront_base/default//components/header/pageHeaderNomenu";"7";"11592726";"1721552";"7565223";"3922"
"ISML";"app_storefront_base/default//components/header/skipNav";"34";"3080811";"1637918";"4190";"2698"
"ISML";"app_storefront_base/default//components/modules";"40";"871976";"871976";"3760";"3760"
"ISML";"app_storefront_base/default//components/schema";"27";"1782899";"1782899";"22884";"22884"
"ISML";"app_storefront_base/default//product/components/pricing/default";"158";"31677286";"11635331";"13144752";"6622"
"ISML";"app_storefront_base/default//product/components/pricing/formatted";"163";"2461313";"2461313";"10674";"10674"
"ISML";"app_storefront_base/default//product/components/pricing/main";"14";"1533726";"581819";"1602";"96"
"ISML";"app_storefront_base/default//reporting/reporting";"15";"573819";"573819";"1005";"1005"
"ISML";"app_storefront_base/default//reporting/reportingUrls";"1";"1751960";"1751960";"1106695";"1106695"
"ISML";"app_storefront_base/default//search/searchRefineBar";"5";"5305908";"2577006";"1617256";"1029817"
"ISML";"app_storefront_base/default/account/header";"16";"8425962";"4952275";"997986";"997792"
"ISML";"app_storefront_base/default/account/mobileHeader";"16";"3567369";"3101719";"2208";"140"
"ISML";"app_storefront_base/default/cart/cart";"2";"32534620";"2900467";"15407379";"0"
"ISML";"app_storefront_base/default/cart/cartApproachingDiscount";"2";"101178";"97917";"378";"308"
"ISML";"app_storefront_base/default/cart/cartCouponDisplay";"21";"1817530";"1817530";"2455";"2455"
"ISML";"app_storefront_base/default/cart/cartPromoCode";"2";"294252";"243984";"324";"0"
"ISML";"app_storefront_base/default/cart/cartRemoveCouponModal";"2";"179957";"142656";"283";"0"
"ISML";"app_storefront_base/default/cart/cartRemoveProductModal";"7";"520840";"388522";"650";"0"
"ISML";"app_storefront_base/default/cart/cartShippingMethodSelection";"2";"391587";"377240";"183";"0"
"ISML";"app_storefront_base/default/cart/cartTotals";"2";"362928";"308646";"414";"0"
"ISML";"app_storefront_base/default/cart/checkoutButtons";"7";"1797003";"1705108";"1009072";"1008587"
"ISML";"app_storefront_base/default/cart/productCard/cartProductCard";"2";"4554823";"1101569";"1045848";"0"
"ISML";"app_storefront_base/default/cart/productCard/cartProductCardAvailability";"14";"575516";"575516";"235";"235"
"ISML";"app_storefront_base/default/cart/productCard/cartProductCardEdit";"2";"1601788";"1543849";"1045557";"1045088"
"ISML";"app_storefront_base/default/cart/productCard/cartProductCardHeader";"2";"384556";"240941";"914";"320"
"ISML";"app_storefront_base/default/cart/productCard/cartProductCardProductPrice";"2";"1292638";"386674";"356";"0"
"ISML";"app_storefront_base/default/checkout/addressSummary";"14";"611876";"611876";"0";"0"
"ISML";"app_storefront_base/default/checkout/billing/addressSelector";"7";"2910695";"2570402";"977921";"976644"
"ISML";"app_storefront_base/default/checkout/billing/addressSelectorShipping";"7";"246130";"246130";"753";"753"
"ISML";"app_storefront_base/default/checkout/billing/billing";"7";"52089792";"5216759";"17924680";"975180"
"ISML";"app_storefront_base/default/checkout/billing/billingAddress";"7";"13847298";"9833516";"919";"0"
"ISML";"app_storefront_base/default/checkout/billing/billingSummary";"7";"1925712";"1333506";"1653";"194"
"ISML";"app_storefront_base/default/checkout/billing/creditCardForm";"7";"6697475";"6247610";"441285";"435096"
"ISML";"app_storefront_base/default/checkout/billing/paymentOptions";"7";"29688205";"1794188";"15965978";"0"
"ISML";"app_storefront_base/default/checkout/billing/paymentOptions/creditCardContent";"7";"7816436";"1118961";"441610";"325"
"ISML";"app_storefront_base/default/checkout/billing/paymentOptions/creditCardTab";"7";"18082770";"558210";"15524269";"5065"
"ISML";"app_storefront_base/default/checkout/billing/paymentOptions/paymentOptionsContent";"7";"8819654";"1003218";"441953";"343"
"ISML";"app_storefront_base/default/checkout/billing/paymentOptions/paymentOptionsSummary";"7";"258518";"258518";"561";"561"
"ISML";"app_storefront_base/default/checkout/billing/paymentOptions/paymentOptionsTabs";"7";"19074363";"991593";"15524798";"529"
"ISML";"app_storefront_base/default/checkout/cart/miniCart";"5";"17693107";"3287773";"6008657";"0"
"ISML";"app_storefront_base/default/checkout/checkout";"7";"201263940";"16090256";"56139020";"1997880"
"ISML";"app_storefront_base/default/checkout/customer/customer";"7";"15084263";"1937275";"2967004";"0"
"ISML";"app_storefront_base/default/checkout/customer/customerCard";"7";"6612929";"5980740";"1975735";"1968153"
"ISML";"app_storefront_base/default/checkout/customer/customerOAuthCard";"7";"6444269";"2420104";"992894";"995235"
"ISML";"app_storefront_base/default/checkout/customer/customerSummary";"7";"534794";"481941";"1349";"751"
"ISML";"app_storefront_base/default/checkout/orderProductSummary";"7";"6245534";"1122299";"981";"227"
"ISML";"app_storefront_base/default/checkout/orderTotalSummary";"7";"1315076";"1102799";"880";"0"
"ISML";"app_storefront_base/default/checkout/productCard/productCard";"12";"16659976";"6285054";"5001648";"0"
"ISML";"app_storefront_base/default/checkout/productCard/productCardProductName";"7";"136602";"136602";"1529";"1529"
"ISML";"app_storefront_base/default/checkout/productCard/productCardProductNameAndRemove";"5";"509629";"436677";"1106";"854"
"ISML";"app_storefront_base/default/checkout/productCard/productCardProductPromotions";"7";"136961";"136961";"777";"777"
"ISML";"app_storefront_base/default/checkout/productCard/productCardProductRenderedTotalPrice";"36";"6911724";"5257448";"26072";"24234"
"ISML";"app_storefront_base/default/checkout/productCard/productCardProductTotalPrice";"50";"2004325";"2004325";"2104";"2104"
"ISML";"app_storefront_base/default/checkout/productCard/productCardQuantityDisplay";"7";"481852";"425046";"399";"0"
"ISML";"app_storefront_base/default/checkout/productCard/productCardQuantitySelector";"7";"7384265";"1423275";"5000446";"0"
"ISML";"app_storefront_base/default/checkout/shipping/giftMessageSummary";"7";"695171";"593754";"6146";"4939"
"ISML";"app_storefront_base/default/checkout/shipping/shipping";"7";"89110";"89110";"678";"678"
"ISML";"app_storefront_base/default/checkout/shipping/shippingAddressTemplate";"7";"428161";"320636";"788";"0"
"ISML";"app_storefront_base/default/checkout/shipping/shippingSummary";"7";"45197892";"40285423";"1894861";"1905543"
"ISML";"app_storefront_base/default/checkout/shipping/shippingTitle";"7";"261877";"207603";"996";"673"
"ISML";"app_storefront_base/default/common/layout/checkout";"7";"57827635";"7812922";"31341191";"0"
"ISML";"app_storefront_base/default/common/layout/page";"27";"326739034";"44874034";"179370063";"10028473"
"ISML";"app_storefront_base/default/components/content/contentAssetInc";"89";"122333704";"122333704";"85928425";"85928425"
"ISML";"app_storefront_base/default/components/deleteButton";"4";"244301";"191421";"640";"629"
"ISML";"app_storefront_base/default/components/header/menuItem";"18";"1170856";"1170856";"2973";"2973"
"ISML";"app_storefront_base/default/components/header/search";"54";"16632015";"14136726";"7786959";"7779164"
"ISML";"app_storefront_base/default/error";"9";"29752615";"3579577";"300";"102"
"ISML";"app_storefront_base/default/home/homePage";"10";"257562896";"28175880";"153864089";"18946084"
"ISML";"app_storefront_base/default/product/components/addToCartGlobal";"4";"1671422";"1619077";"1011585";"1010757"
"ISML";"app_storefront_base/default/product/components/attributes";"5";"175728";"175728";"479";"479"
"ISML";"app_storefront_base/default/product/components/attributesPre";"5";"931474";"755746";"979";"500"
"ISML";"app_storefront_base/default/product/components/availability";"8";"455096";"333838";"1165";"670"
"ISML";"app_storefront_base/default/product/components/imageCarousel";"4";"1115067";"951227";"939";"0"
"ISML";"app_storefront_base/default/product/components/mainAttributes";"4";"137507";"137507";"222";"222"
"ISML";"app_storefront_base/default/product/components/options";"5";"374384";"374384";"509";"509"
"ISML";"app_storefront_base/default/product/components/pricing/ajaxMain";"50";"19246620";"10797418";"6979";"0"
"ISML";"app_storefront_base/default/product/components/pricing/main";"144";"38962013";"8236634";"13144819";"1573"
"ISML";"app_storefront_base/default/product/components/productRating";"90";"3834289";"3834289";"0";"0"
"ISML";"app_storefront_base/default/product/components/productTileImage";"85";"10576873";"7928288";"16848";"19565"
"ISML";"app_storefront_base/default/product/components/productTileName";"90";"2335507";"2335507";"4125";"4125"
"ISML";"app_storefront_base/default/product/components/productTileSwatch";"90";"18427684";"9115141";"856572";"10417"
"ISML";"app_storefront_base/default/product/components/promotions";"9";"495000";"495000";"694";"694"
"ISML";"app_storefront_base/default/product/components/quantity";"8";"1527174";"1459895";"34";"0"
"ISML";"app_storefront_base/default/product/components/ratings";"90";"9105141";"5270852";"4103";"8281"
"ISML";"app_storefront_base/default/product/components/variationAttribute";"8";"1342453";"1214030";"507";"0"
"ISML";"app_storefront_base/default/product/gridTile";"90";"123404321";"18088465";"15486377";"0"
"ISML";"app_storefront_base/default/product/productTile";"90";"105315856";"20517770";"15488720";"0"
"ISML";"app_storefront_base/default/product/productTileFooter";"90";"16492913";"4851905";"3144";"1471"
"ISML";"app_storefront_base/default/product/quickView";"4";"11919206";"5027680";"1011835";"0"
"ISML";"app_storefront_base/default/reporting/reportingUrls";"14";"1546474";"1546474";"0";"0"
"ISML";"app_storefront_base/default/search/components/productTiles";"5";"203132612";"202462055";"47699454";"47621429"
"ISML";"app_storefront_base/default/search/filterBar";"5";"845970";"710153";"2773";"2163"
"ISML";"app_storefront_base/default/search/noResultsProduct";"1";"99813";"99813";"523";"523"
"ISML";"app_storefront_base/default/search/productGrid";"5";"205515924";"2238208";"47700546";"630"
"ISML";"app_storefront_base/default/search/resultsCount";"11";"30678536";"19678234";"12640802";"12645358"
"ISML";"app_storefront_base/default/search/searchResults";"6";"317286982";"5219943";"94539334";"0"
"ISML";"app_storefront_base/default/search/searchResultsNoDecorator";"6";"244521620";"6740304";"61341031";"996325"
"ISML";"app_storefront_base/default/search/sortOrderMenu";"5";"1741226";"1653514";"1634";"1532"
"ISML";"app_storefront_base/default/slots/content/contentAssetBody";"35";"231295551";"230767213";"172043777";"172042881"
"ISML";"app_storefront_base/default/slots/content/htmlSlotContainer";"16";"10713937";"2638409";"303715";"298996"
"ISML";"app_storefront_base/default/slots/htmlSlotContainer";"16";"8075528";"7713586";"4719";"3899"
"ISML";"app_storefront_base/default/slots/product/homePageProductSlot";"6";"7785162";"6750472";"2087083";"2080948"
"ISML";"plugin_wishlists/default/account/header";"2";"10813386";"2964057";"4892644";"2089971"
"ISML";"plugin_wishlists/default/account/mobileHeader";"2";"919691";"547604";"962";"1394"
"ISML";"plugin_wishlists/default/product/components/productTileImage";"5";"6887417";"1834691";"1488297";"1002035"
"ONREQUEST";"/Sites-Mailchimp-Site/-/null-null";"2";"8444231";"8444231";"3939521";"3939521"
"ONREQUEST";"/Sites-Mailchimp-Site/default/Cart-MiniCartShow";"3";"1763607";"1763607";"173";"173"
"ONREQUEST";"/Sites-Mailchimp-Site/default/Cart-RemoveProductLineItem";"1";"801472";"801472";"18258";"18258"
"ONREQUEST";"/Sites-Mailchimp-Site/default/Cart-Show";"1";"2645401";"2645401";"1762";"1762"
"ONREQUEST";"/Sites-Mailchimp-Site/default/Checkout-Begin";"13";"107512605";"107512605";"73877807";"73877807"
"ONREQUEST";"/Sites-Mailchimp-Site/default/CheckoutServices-SubmitCustomer";"1";"801512";"801512";"1118";"1118"
"ONREQUEST";"/Sites-Mailchimp-Site/default/Home-Show";"2";"1620562";"1620562";"9103";"9103"
"ONREQUEST";"/Sites-Mailchimp-Site/default/__Analytics-Start";"18";"20117847";"20117847";"7598";"7598"
"ONREQUEST";"/Sites-Mailchimp-Site/default/__SYSTEM__StorefrontToolkit-Start";"9";"19315044";"19315044";"9756632";"9756632"
"ONREQUEST";"/Sites-RefArch-Site/-/null-null";"5";"205591018";"205591018";"169405142";"169405142"
"ONREQUEST";"/Sites-RefArch-Site/en_US/Cart-AddProduct";"7";"5709304";"5709304";"1926";"1926"
"ONREQUEST";"/Sites-RefArch-Site/en_US/Cart-MiniCartShow";"2";"1456279";"1456279";"134";"134"
"ONREQUEST";"/Sites-RefArch-Site/en_US/Cart-Show";"1";"807860";"807860";"242";"242"
"ONREQUEST";"/Sites-RefArch-Site/en_US/Checkout-Begin";"6";"5071122";"5071122";"11937";"11937"
"ONREQUEST";"/Sites-RefArch-Site/en_US/CheckoutServices-SubmitCustomer";"2";"6066309";"6066309";"1591";"1591"
"ONREQUEST";"/Sites-RefArch-Site/en_US/ConsentTracking-GetContent";"2";"1379712";"1379712";"1076";"1076"
"ONREQUEST";"/Sites-RefArch-Site/en_US/ConsentTracking-SetConsent";"2";"1522563";"1522563";"502";"502"
"ONREQUEST";"/Sites-RefArch-Site/en_US/Product-ShowQuickView";"4";"4832755";"4832755";"16928";"16928"
"ONREQUEST";"/Sites-RefArch-Site/en_US/Product-Variation";"5";"4173599";"4173599";"1725";"1725"
"ONREQUEST";"/Sites-RefArch-Site/en_US/ReportingEvent-MiniCart";"1";"807046";"807046";"231";"231"
"ONREQUEST";"/Sites-RefArch-Site/en_US/Search-Show";"6";"6767789";"6767789";"9651";"9651"
"ONREQUEST";"/Sites-RefArch-Site/en_US/__Analytics-Start";"25";"28157495";"28157495";"11389";"11389"
"ONREQUEST";"/Sites-RefArch-Site/en_US/__SYSTEM__StorefrontToolkit-Start";"13";"11494408";"11494408";"8896";"8896"
"ONREQUEST";"/Sites-RefArchGlobal-Site/-/null-null";"1";"122423780";"122423780";"109124577";"109124577"
"ONREQUEST";"/Sites-RefArchGlobal-Site/en_GB/ConsentTracking-GetContent";"1";"662377";"662377";"86";"86"
"ONREQUEST";"/Sites-RefArchGlobal-Site/en_GB/ConsentTracking-SetConsent";"1";"3015476";"3015476";"9114";"9114"
"ONREQUEST";"/Sites-RefArchGlobal-Site/en_GB/Search-Show";"1";"1069634";"1069634";"0";"0"
"ONREQUEST";"/Sites-RefArchGlobal-Site/en_GB/__Analytics-Start";"2";"4639871";"4639871";"0";"0"
"PIPELINE_NODE";"bc_api:Assign";"38";"10716264";"10700452";"0";"0"
"REST_DATA";"v20.2/catalogs";"1";"628241506";"628241506";"596228042";"596228042"
"REST_DATA";"v20.2/catalogs/{catalog_id}/categories";"7";"1199842502";"1199842502";"1027972510";"1027972510"
"REST_DATA";"v20.2/catalogs/{catalog_id}/categories/{category_id}/category_product_assignment_search";"155";"88215485272";"88215485272";"39966031224";"39966031224"
"SCRIPT_API";"dw.campaign.DiscountPlan#getApproachingOrderDiscounts()";"9";"36775";"36775";"99";"99"
"SCRIPT_API";"dw.campaign.DiscountPlan#getApproachingShippingDiscounts(dw.order.Shipment)";"9";"58550";"58550";"0";"0"
"SCRIPT_API";"dw.campaign.Promotion#getID()";"43";"58838";"58838";"814";"814"
"SCRIPT_API";"dw.campaign.PromotionMgr#applyDiscounts(dw.order.LineItemCtnr)";"32";"94100955";"94100955";"56251215";"56251215"
"SCRIPT_API";"dw.campaign.PromotionMgr#getActiveCustomerPromotions()";"56";"26229495";"26229495";"14266861";"14266861"
"SCRIPT_API";"dw.campaign.PromotionMgr#getDiscounts(dw.order.LineItemCtnr)";"9";"8993632";"8993632";"1994378";"1994378"
"SCRIPT_API";"dw.campaign.PromotionPlan#getProductPromotions()";"11";"2921399";"2921399";"0";"0"
"SCRIPT_API";"dw.campaign.PromotionPlan#getProductPromotions(dw.catalog.Product)";"45";"56662345";"56662345";"42507523";"42507523"
"SCRIPT_API";"dw.campaign.SlotContent#getContent()";"57";"296289";"296289";"0";"0"
"SCRIPT_API";"dw.catalog.Catalog#getRoot()";"30";"1616579";"1616579";"1054310";"1054310"
"SCRIPT_API";"dw.catalog.CatalogMgr#getCategory(String)";"19";"3165739";"3165739";"2223224";"2223224"
"SCRIPT_API";"dw.catalog.CatalogMgr#getSiteCatalog()";"30";"501552";"501552";"11770";"11770"
"SCRIPT_API";"dw.catalog.CatalogMgr#getSortingOptions()";"12";"4501494";"4501494";"3065458";"3065458"
"SCRIPT_API";"dw.catalog.Category#getDefaultSortingRule()";"24";"1858720";"1858720";"0";"0"
"SCRIPT_API";"dw.catalog.Category#getDisplayName()";"48";"4411472";"4411472";"2934032";"2934032"
"SCRIPT_API";"dw.catalog.Category#getID()";"96";"134134";"134134";"4326";"4326"
"SCRIPT_API";"dw.catalog.Category#getImage()";"12";"48172";"48172";"1476";"1476"
"SCRIPT_API";"dw.catalog.Category#getOnlineSubCategories()";"54";"17764570";"17764570";"12962828";"12962828"
"SCRIPT_API";"dw.catalog.Category#getPageDescription()";"12";"3305488";"3305488";"2893664";"2893664"
"SCRIPT_API";"dw.catalog.Category#getPageKeywords()";"12";"3286358";"3286358";"2899780";"2899780"
"SCRIPT_API";"dw.catalog.Category#getPageTitle()";"12";"3442102";"3442102";"2914172";"2914172"
"SCRIPT_API";"dw.catalog.Category#getTemplate()";"7";"27580";"27580";"9";"9"
"SCRIPT_API";"dw.catalog.Category#hasOnlineProducts()";"144";"203368825";"203368825";"182312405";"182312405"
"SCRIPT_API";"dw.catalog.Category#hasOnlineSubCategories()";"126";"7039213";"7039213";"5058785";"5058785"
"SCRIPT_API";"dw.catalog.Category#isOnline()";"12";"92416";"92416";"0";"0"
"SCRIPT_API";"dw.catalog.PriceBook#getID()";"225";"218874";"218874";"4018";"4018"
"SCRIPT_API";"dw.catalog.PriceBook#getParentPriceBook()";"165";"285170";"285170";"4023";"4023"
"SCRIPT_API";"dw.catalog.PriceBookMgr#getApplicablePriceBooks()";"15";"274322";"274322";"0";"0"
"SCRIPT_API";"dw.catalog.PriceBookMgr#setApplicablePriceBooks(dw.catalog.PriceBook[])";"30";"346154";"346154";"0";"0"
"SCRIPT_API";"dw.catalog.Product#getAttributeModel()";"9";"53278967";"53278967";"47406401";"47406401"
"SCRIPT_API";"dw.catalog.Product#getAvailabilityModel()";"176";"4399577";"4399577";"1974737";"1974737"
"SCRIPT_API";"dw.catalog.Product#getBrand()";"70";"208122";"208122";"2409";"2409"
"SCRIPT_API";"dw.catalog.Product#getID()";"348";"503465";"503465";"15494";"15494"
"SCRIPT_API";"dw.catalog.Product#getImages(String)";"126";"35299508";"35299508";"12178096";"12178096"
"SCRIPT_API";"dw.catalog.Product#getLongDescription()";"8";"7999396";"7999396";"7033227";"7033227"
"SCRIPT_API";"dw.catalog.Product#getMinOrderQuantity()";"107";"223539";"223539";"3572";"3572"
"SCRIPT_API";"dw.catalog.Product#getName()";"70";"1807276";"1807276";"0";"0"
"SCRIPT_API";"dw.catalog.Product#getOptionModel()";"52";"4582918";"4582918";"3195983";"3195983"
"SCRIPT_API";"dw.catalog.Product#getPageDescription()";"4";"2219945";"2219945";"2007367";"2007367"
"SCRIPT_API";"dw.catalog.Product#getPageKeywords()";"4";"2188202";"2188202";"2003132";"2003132"
"SCRIPT_API";"dw.catalog.Product#getPageMetaTags()";"9";"3710928";"3710928";"3021914";"3021914"
"SCRIPT_API";"dw.catalog.Product#getPageTitle()";"4";"2299757";"2299757";"2021892";"2021892"
"SCRIPT_API";"dw.catalog.Product#getPriceModel()";"124";"83493940";"83493940";"63403011";"63403011"
"SCRIPT_API";"dw.catalog.Product#getPriceModel(dw.catalog.ProductOptionModel)";"45";"13664767";"13664767";"8126330";"8126330"
"SCRIPT_API";"dw.catalog.Product#getPrimaryCategory()";"14";"250708";"250708";"2372";"2372"
"SCRIPT_API";"dw.catalog.Product#getShortDescription()";"8";"2389882";"2389882";"2046773";"2046773"
"SCRIPT_API";"dw.catalog.Product#getStepQuantity()";"9";"59553";"59553";"94";"94"
"SCRIPT_API";"dw.catalog.Product#getTemplate()";"4";"26881";"26881";"902";"902"
"SCRIPT_API";"dw.catalog.Product#getVariationModel()";"89";"1832141";"1832141";"0";"0"
"SCRIPT_API";"dw.catalog.Product#isBundle()";"8";"31427";"31427";"452";"452"
"SCRIPT_API";"dw.catalog.Product#isMaster()";"243";"329858";"329858";"8355";"8355"
"SCRIPT_API";"dw.catalog.Product#isOnline()";"24";"1542283";"1542283";"0";"0"
"SCRIPT_API";"dw.catalog.Product#isVariant()";"65";"94865";"94865";"1265";"1265"
"SCRIPT_API";"dw.catalog.Product#isVariationGroup()";"82";"89862";"89862";"1205";"1205"
"SCRIPT_API";"dw.catalog.ProductAttributeModel#getVisibleAttributeGroups()";"9";"123495";"123495";"159";"159"
"SCRIPT_API";"dw.catalog.ProductAvailabilityLevels#getBackorder()";"45";"68890";"68890";"787";"787"
"SCRIPT_API";"dw.catalog.ProductAvailabilityLevels#getInStock()";"90";"80400";"80400";"2170";"2170"
"SCRIPT_API";"dw.catalog.ProductAvailabilityLevels#getNotAvailable()";"60";"96877";"96877";"1111";"1111"
"SCRIPT_API";"dw.catalog.ProductAvailabilityLevels#getPreorder()";"45";"88493";"88493";"1069";"1069"
"SCRIPT_API";"dw.catalog.ProductAvailabilityModel#getAvailabilityLevels(Number)";"60";"17147000";"17147000";"11696599";"11696599"
"SCRIPT_API";"dw.catalog.ProductAvailabilityModel#getInventoryRecord()";"125";"179600";"179600";"2576";"2576"
"SCRIPT_API";"dw.catalog.ProductAvailabilityModel#isOrderable(Number)";"81";"1843174";"1843174";"0";"0"
"SCRIPT_API";"dw.catalog.ProductInventoryRecord#getATS()";"37";"1014695";"1014695";"0";"0"
"SCRIPT_API";"dw.catalog.ProductInventoryRecord#getInStockDate()";"37";"140680";"140680";"246";"246"
"SCRIPT_API";"dw.catalog.ProductInventoryRecord#isPerpetual()";"37";"90750";"90750";"82";"82"
"SCRIPT_API";"dw.catalog.ProductMgr#getProduct(String)";"142";"2253432";"2253432";"918";"918"
"SCRIPT_API";"dw.catalog.ProductOptionModel#getOptions()";"106";"450136";"450136";"1559";"1559"
"SCRIPT_API";"dw.catalog.ProductPriceInfo#getPriceBook()";"225";"280071";"280071";"5011";"5011"
"SCRIPT_API";"dw.catalog.ProductPriceModel#getPrice()";"90";"653651";"653651";"1191";"1191"
"SCRIPT_API";"dw.catalog.ProductPriceModel#getPrice(dw.value.Quantity)";"30";"1409122";"1409122";"0";"0"
"SCRIPT_API";"dw.catalog.ProductPriceModel#getPriceBookPrice(String)";"45";"13896565";"13896565";"10641359";"10641359"
"SCRIPT_API";"dw.catalog.ProductPriceModel#getPriceInfo()";"315";"59522167";"59522167";"50937363";"50937363"
"SCRIPT_API";"dw.catalog.ProductPriceModel#getPriceTable()";"45";"5017951";"5017951";"2580580";"2580580"
"SCRIPT_API";"dw.catalog.ProductPriceModel#isPriceRange()";"4";"21581253";"21581253";"19244771";"19244771"
"SCRIPT_API";"dw.catalog.ProductPriceTable#getQuantities()";"45";"298669";"298669";"178";"178"
"SCRIPT_API";"dw.catalog.ProductSearchHit#getDiscountedPromotionIDs()";"90";"5396351";"5396351";"0";"0"
"SCRIPT_API";"dw.catalog.ProductSearchHit#getFirstRepresentedProduct()";"90";"1191374";"1191374";"7226";"7226"
"SCRIPT_API";"dw.catalog.ProductSearchHit#getFirstRepresentedProductID()";"24";"61220";"61220";"439";"439"
"SCRIPT_API";"dw.catalog.ProductSearchHit#getMaxPrice()";"195";"579640";"579640";"0";"0"
"SCRIPT_API";"dw.catalog.ProductSearchHit#getMinPrice()";"195";"1222127";"1222127";"2202";"2202"
"SCRIPT_API";"dw.catalog.ProductSearchHit#getProduct()";"15";"143278";"143278";"0";"0"
"SCRIPT_API";"dw.catalog.ProductSearchHit#getProductID()";"360";"276433";"276433";"10952";"10952"
"SCRIPT_API";"dw.catalog.ProductSearchHit#getRepresentedVariationValues(Object)";"90";"6202892";"6202892";"0";"0"
"SCRIPT_API";"dw.catalog.ProductSearchModel#getCategory()";"134";"134133";"134133";"4942";"4942"
"SCRIPT_API";"dw.catalog.ProductSearchModel#getPageMetaTags()";"12";"3575946";"3575946";"2926221";"2926221"
"SCRIPT_API";"dw.catalog.ProductSearchModel#getProductSearchHit(dw.catalog.Product)";"105";"56948582";"56948582";"15210988";"15210988"
"SCRIPT_API";"dw.catalog.ProductSearchModel#getProductSearchHits()";"48";"9592672";"9592672";"1984322";"1984322"
"SCRIPT_API";"dw.catalog.ProductSearchModel#getRefinements()";"20";"1546648";"1546648";"584594";"584594"
"SCRIPT_API";"dw.catalog.ProductSearchModel#getSearchPhraseSuggestions()";"12";"78526";"78526";"104";"104"
"SCRIPT_API";"dw.catalog.ProductSearchModel#isCategorySearch()";"24";"33958";"33958";"509";"509"
"SCRIPT_API";"dw.catalog.ProductSearchModel#isPersonalizedSort()";"7";"28047";"28047";"263";"263"
"SCRIPT_API";"dw.catalog.ProductSearchModel#isRefinedCategorySearch()";"12";"37861";"37861";"155";"155"
"SCRIPT_API";"dw.catalog.ProductSearchModel#search()";"117";"316750099";"316750099";"82768964";"82768964"
"SCRIPT_API";"dw.catalog.ProductSearchModel#setCategoryID(String)";"12";"56093";"56093";"24";"24"
"SCRIPT_API";"dw.catalog.ProductSearchModel#setPriceMax(Number)";"12";"23249";"23249";"53";"53"
"SCRIPT_API";"dw.catalog.ProductSearchModel#setPriceMin(Number)";"12";"29495";"29495";"0";"0"
"SCRIPT_API";"dw.catalog.ProductSearchModel#setRecursiveCategorySearch(Boolean)";"12";"28802";"28802";"146";"146"
"SCRIPT_API";"dw.catalog.ProductSearchModel#urlSortingRule(String,dw.catalog.SortingRule)";"96";"1709707";"1709707";"0";"0"
"SCRIPT_API";"dw.catalog.ProductSearchModel()";"117";"26590481";"26590481";"13134678";"13134678"
"SCRIPT_API";"dw.catalog.ProductVariationAttribute#getAttributeID()";"288";"428716";"428716";"45764";"45764"
"SCRIPT_API";"dw.catalog.ProductVariationAttribute#getDisplayName()";"90";"17985777";"17985777";"14442666";"14442666"
"SCRIPT_API";"dw.catalog.ProductVariationAttribute#getID()";"222";"218087";"218087";"5463";"5463"
"SCRIPT_API";"dw.catalog.ProductVariationAttributeValue#equals(Object)";"168";"256585";"256585";"0";"0"
"SCRIPT_API";"dw.catalog.ProductVariationAttributeValue#getDescription()";"294";"7896765";"7896765";"6036119";"6036119"
"SCRIPT_API";"dw.catalog.ProductVariationAttributeValue#getDisplayValue()";"466";"4332977";"4332977";"1004156";"1004156"
"SCRIPT_API";"dw.catalog.ProductVariationAttributeValue#getID()";"317";"382617";"382617";"7606";"7606"
"SCRIPT_API";"dw.catalog.ProductVariationAttributeValue#getImage(String,Number)";"114";"12114580";"12114580";"0";"0"
"SCRIPT_API";"dw.catalog.ProductVariationAttributeValue#getImages(String)";"45";"4740168";"4740168";"0";"0"
"SCRIPT_API";"dw.catalog.ProductVariationAttributeValue#getValue()";"423";"2216350";"2216350";"0";"0"
"SCRIPT_API";"dw.catalog.ProductVariationModel#getAllValues(dw.catalog.ProductVariationAttribute)";"122";"2990641";"2990641";"1116012";"1116012"
"SCRIPT_API";"dw.catalog.ProductVariationModel#getImages(String)";"18";"4164378";"4164378";"0";"0"
"SCRIPT_API";"dw.catalog.ProductVariationModel#getMaster()";"45";"133545";"133545";"1116";"1116"
"SCRIPT_API";"dw.catalog.ProductVariationModel#getProductVariationAttributes()";"63";"1034134";"1034134";"1665";"1665"
"SCRIPT_API";"dw.catalog.ProductVariationModel#getSelectedValue(dw.catalog.ProductVariationAttribute)";"90";"1426864";"1426864";"0";"0"
"SCRIPT_API";"dw.catalog.ProductVariationModel#getSelectedVariant()";"54";"349794";"349794";"2075";"2075"
"SCRIPT_API";"dw.catalog.ProductVariationModel#getVariants()";"8";"188796";"188796";"0";"0"
"SCRIPT_API";"dw.catalog.ProductVariationModel#hasOrderableVariants(dw.catalog.ProductVariationAttribute,dw.catalog.ProductVariationAttributeValue)";"180";"45951204";"45951204";"32585913";"32585913"
"SCRIPT_API";"dw.catalog.ProductVariationModel#setSelectedAttributeValue(String,String)";"14";"218140";"218140";"0";"0"
"SCRIPT_API";"dw.catalog.ProductVariationModel#url(String,Object[])";"9";"159483";"159483";"0";"0"
"SCRIPT_API";"dw.catalog.ProductVariationModel#urlSelectVariationValue(String,dw.catalog.ProductVariationAttribute,dw.catalog.ProductVariationAttributeValue)";"94";"2794257";"2794257";"0";"0"
"SCRIPT_API";"dw.catalog.ProductVariationModel#urlUnselectVariationValue(String,dw.catalog.ProductVariationAttribute)";"86";"6687486";"6687486";"2088884";"2088884"
"SCRIPT_API";"dw.catalog.SearchModel#getCount()";"141";"1493577";"1493577";"3056";"3056"
"SCRIPT_API";"dw.catalog.SearchModel#getSearchPhrase()";"12";"28564";"28564";"129";"129"
"SCRIPT_API";"dw.catalog.SearchModel#setSearchPhrase(String)";"105";"297064";"297064";"127";"127"
"SCRIPT_API";"dw.catalog.SearchModel#url(String)";"23";"380364";"380364";"0";"0"
"SCRIPT_API";"dw.catalog.SearchRefinements#getRefinementDefinitions()";"10";"127801";"127801";"0";"0"
"SCRIPT_API";"dw.catalog.SortingOption#getDisplayName()";"96";"53595860";"53595860";"49392831";"49392831"
"SCRIPT_API";"dw.catalog.SortingOption#getID()";"96";"149433";"149433";"1012";"1012"
"SCRIPT_API";"dw.catalog.SortingOption#getSortingRule()";"96";"26874581";"26874581";"24834559";"24834559"
"SCRIPT_API";"dw.catalog.SortingRule#getID()";"12";"413057";"413057";"0";"0"
"SCRIPT_API";"dw.catalog.Variant#getBrand()";"65";"328750";"328750";"463";"463"
"SCRIPT_API";"dw.catalog.Variant#getLongDescription()";"10";"1586629";"1586629";"1005711";"1005711"
"SCRIPT_API";"dw.catalog.Variant#getMasterProduct()";"5";"22322";"22322";"0";"0"
"SCRIPT_API";"dw.catalog.Variant#getName()";"65";"33161066";"33161066";"27717844";"27717844"
"SCRIPT_API";"dw.catalog.Variant#getPageDescription()";"5";"1199428";"1199428";"999511";"999511"
"SCRIPT_API";"dw.catalog.Variant#getPageKeywords()";"5";"1163063";"1163063";"968930";"968930"
"SCRIPT_API";"dw.catalog.Variant#getPageTitle()";"5";"1331574";"1331574";"1033919";"1033919"
"SCRIPT_API";"dw.catalog.Variant#getShortDescription()";"10";"1362724";"1362724";"974295";"974295"
"SCRIPT_API";"dw.catalog.Variant#getTemplate()";"5";"41636";"41636";"0";"0"
"SCRIPT_API";"dw.content.Content#getID()";"89";"173929";"173929";"1982";"1982"
"SCRIPT_API";"dw.content.Content#getName()";"89";"8236575";"8236575";"5895957";"5895957"
"SCRIPT_API";"dw.content.Content#getPageDescription()";"89";"7224882";"7224882";"5893013";"5893013"
"SCRIPT_API";"dw.content.Content#getPageKeywords()";"89";"7248376";"7248376";"5840164";"5840164"
"SCRIPT_API";"dw.content.Content#getPageMetaTags()";"89";"15337399";"15337399";"12808746";"12808746"
"SCRIPT_API";"dw.content.Content#getPageTitle()";"89";"7399721";"7399721";"5844440";"5844440"
"SCRIPT_API";"dw.content.Content#getTemplate()";"89";"115880";"115880";"2334";"2334"
"SCRIPT_API";"dw.content.Content#isOnline()";"118";"54346632";"54346632";"45933085";"45933085"
"SCRIPT_API";"dw.content.ContentMgr#getContent(String)";"211";"42370116";"42370116";"32801206";"32801206"
"SCRIPT_API";"dw.content.MarkupText#getMarkup()";"34";"430935";"430935";"1048";"1048"
"SCRIPT_API";"dw.content.MediaFile#getAbsURL()";"207";"2756798";"2756798";"0";"0"
"SCRIPT_API";"dw.content.MediaFile#getAlt()";"321";"352877";"352877";"10085";"10085"
"SCRIPT_API";"dw.content.MediaFile#getTitle()";"321";"330046";"330046";"9150";"9150"
"SCRIPT_API";"dw.content.MediaFile#getURL()";"321";"354422371";"354422371";"286035745";"286035745"
"SCRIPT_API";"dw.customer.Customer#getProfile()";"60";"132624";"132624";"4252";"4252"
"SCRIPT_API";"dw.customer.Customer#isAuthenticated()";"10";"35959";"35959";"645";"645"
"SCRIPT_API";"dw.customer.Customer#isExternallyAuthenticated()";"10";"21834";"21834";"208";"208"
"SCRIPT_API";"dw.experience.PageMgr#getPage(String)";"10";"4553421";"4553421";"3800943";"3800943"
"SCRIPT_API";"dw.experience.PageMgr#getPageByCategory(dw.catalog.Category,Boolean,String)";"14";"7639191";"7639191";"5933756";"5933756"
"SCRIPT_API";"dw.io.PrintWriter#print(String)";"35";"250960";"250960";"9058";"9058"
"SCRIPT_API";"dw.object.ExtensibleObject#getCustom()";"1206";"8022376";"8022376";"3006057";"3006057"
"SCRIPT_API";"dw.object.PersistentObject#getCreationDate()";"10";"44146";"44146";"222";"222"
"SCRIPT_API";"dw.object.PersistentObject#getUUID()";"429";"1254319";"1254319";"44600";"44600"
"SCRIPT_API";"dw.order.BasketMgr#getCurrentBasket()";"79";"38196972";"38196972";"26912046";"26912046"
"SCRIPT_API";"dw.order.BasketMgr#getCurrentOrNewBasket()";"8";"16711131";"16711131";"11648749";"11648749"
"SCRIPT_API";"dw.order.LineItem#getLineItemText()";"61";"383969";"383969";"229983";"229983"
"SCRIPT_API";"dw.order.LineItem#getTaxClassID()";"93";"244382";"244382";"921";"921"
"SCRIPT_API";"dw.order.LineItem#getTaxRate()";"62";"149775";"149775";"64";"64"
"SCRIPT_API";"dw.order.LineItem#updateTax(Number)";"31";"8078034";"8078034";"5844443";"5844443"
"SCRIPT_API";"dw.order.LineItemCtnr#createProductLineItem(dw.catalog.Product,dw.catalog.ProductOptionModel,dw.order.Shipment)";"1";"14725634";"14725634";"11670708";"11670708"
"SCRIPT_API";"dw.order.LineItemCtnr#getAdjustedMerchandizeTotalPrice(Boolean)";"73";"956768";"956768";"0";"0"
"SCRIPT_API";"dw.order.LineItemCtnr#getAdjustedShippingTotalPrice()";"27";"182989";"182989";"0";"0"
"SCRIPT_API";"dw.order.LineItemCtnr#getAllLineItems()";"25";"289770";"289770";"964";"964"
"SCRIPT_API";"dw.order.LineItemCtnr#getAllProductLineItems()";"32";"289418";"289418";"0";"0"
"SCRIPT_API";"dw.order.LineItemCtnr#getAllProductLineItems(String)";"1";"41242";"41242";"0";"0"
"SCRIPT_API";"dw.order.LineItemCtnr#getAllShippingPriceAdjustments()";"19";"67396";"67396";"0";"0"
"SCRIPT_API";"dw.order.LineItemCtnr#getBillingAddress()";"37";"343189";"343189";"0";"0"
"SCRIPT_API";"dw.order.LineItemCtnr#getBonusDiscountLineItems()";"44";"452084";"452084";"945";"945"
"SCRIPT_API";"dw.order.LineItemCtnr#getBonusLineItems()";"19";"123186";"123186";"0";"0"
"SCRIPT_API";"dw.order.LineItemCtnr#getCouponLineItems()";"28";"129547";"129547";"525";"525"
"SCRIPT_API";"dw.order.LineItemCtnr#getCurrencyCode()";"14";"65063";"65063";"1049";"1049"
"SCRIPT_API";"dw.order.LineItemCtnr#getCustomer()";"3";"393064";"393064";"1892";"1892"
"SCRIPT_API";"dw.order.LineItemCtnr#getCustomerEmail()";"14";"52346";"52346";"348";"348"
"SCRIPT_API";"dw.order.LineItemCtnr#getDefaultShipment()";"16";"131848";"131848";"176";"176"
"SCRIPT_API";"dw.order.LineItemCtnr#getGiftCertificateLineItems()";"16";"101271";"101271";"0";"0"
"SCRIPT_API";"dw.order.LineItemCtnr#getMerchandizeTotalPrice()";"16";"740192";"740192";"119688";"119688"
"SCRIPT_API";"dw.order.LineItemCtnr#getPaymentInstruments()";"10";"168150";"168150";"149";"149"
"SCRIPT_API";"dw.order.LineItemCtnr#getPriceAdjustments()";"43";"256186";"256186";"0";"0"
"SCRIPT_API";"dw.order.LineItemCtnr#getProductLineItems()";"69";"816605";"816605";"236";"236"
"SCRIPT_API";"dw.order.LineItemCtnr#getProductQuantities()";"32";"820747";"820747";"1997";"1997"
"SCRIPT_API";"dw.order.LineItemCtnr#getProductQuantityTotal()";"27";"306978";"306978";"160";"160"
"SCRIPT_API";"dw.order.LineItemCtnr#getShipments()";"101";"720570";"720570";"3109";"3109"
"SCRIPT_API";"dw.order.LineItemCtnr#getShippingPriceAdjustments()";"16";"71362";"71362";"0";"0"
"SCRIPT_API";"dw.order.LineItemCtnr#getShippingTotalPrice()";"46";"351119";"351119";"0";"0"
"SCRIPT_API";"dw.order.LineItemCtnr#getTotalGrossPrice()";"27";"164747";"164747";"0";"0"
"SCRIPT_API";"dw.order.LineItemCtnr#getTotalTax()";"17";"54754";"54754";"159";"159"
"SCRIPT_API";"dw.order.LineItemCtnr#removeProductLineItem(dw.order.ProductLineItem)";"1";"5056386";"5056386";"3851600";"3851600"
"SCRIPT_API";"dw.order.LineItemCtnr#setCustomerEmail(String)";"3";"110404";"110404";"0";"0"
"SCRIPT_API";"dw.order.LineItemCtnr#updateTotals()";"16";"826327";"826327";"1620";"1620"
"SCRIPT_API";"dw.order.PaymentCard#getCardType()";"40";"64875";"64875";"588";"588"
"SCRIPT_API";"dw.order.PaymentCard#getName()";"40";"13024391";"13024391";"11560936";"11560936"
"SCRIPT_API";"dw.order.PaymentMethod#getApplicablePaymentCards(dw.customer.Customer,String,Number)";"10";"14159746";"14159746";"12487621";"12487621"
"SCRIPT_API";"dw.order.PaymentMethod#getID()";"10";"28007";"28007";"299";"299"
"SCRIPT_API";"dw.order.PaymentMethod#getName()";"10";"7173848";"7173848";"6019514";"6019514"
"SCRIPT_API";"dw.order.PaymentMethod#getPaymentProcessor()";"1";"1180889";"1180889";"1057094";"1057094"
"SCRIPT_API";"dw.order.PaymentMgr#getApplicablePaymentMethods(dw.customer.Customer,String,Number)";"10";"12135997";"12135997";"10044417";"10044417"
"SCRIPT_API";"dw.order.PaymentMgr#getPaymentMethod(String)";"10";"2222828";"2222828";"1965825";"1965825"
"SCRIPT_API";"dw.order.ProductLineItem#getAdjustedPrice()";"36";"310058";"310058";"0";"0"
"SCRIPT_API";"dw.order.ProductLineItem#getOptionProductLineItems()";"108";"631382";"631382";"0";"0"
"SCRIPT_API";"dw.order.ProductLineItem#getPriceAdjustments()";"80";"1293316";"1293316";"670280";"670280"
"SCRIPT_API";"dw.order.ProductLineItem#getProduct()";"255";"6025852";"6025852";"0";"0"
"SCRIPT_API";"dw.order.ProductLineItem#getProductInventoryListID()";"36";"111806";"111806";"0";"0"
"SCRIPT_API";"dw.order.ProductLineItem#getQuantity()";"73";"344737";"344737";"0";"0"
"SCRIPT_API";"dw.order.ProductLineItem#getQuantityValue()";"15";"84975";"84975";"0";"0"
"SCRIPT_API";"dw.order.ProductLineItem#getShipment()";"37";"238334";"238334";"511";"511"
"SCRIPT_API";"dw.order.ProductLineItem#isBonusProductLineItem()";"102";"193751";"193751";"2281";"2281"
"SCRIPT_API";"dw.order.ProductLineItem#isBundledProductLineItem()";"30";"56378";"56378";"358";"358"
"SCRIPT_API";"dw.order.ProductLineItem#isCatalogProduct()";"30";"140007";"140007";"163";"163"
"SCRIPT_API";"dw.order.ProductLineItem#isGift()";"36";"181306";"181306";"1334";"1334"
"SCRIPT_API";"dw.order.ProductLineItem#isOptionProductLineItem()";"30";"72685";"72685";"956";"956"
"SCRIPT_API";"dw.order.ProductLineItem#setPriceValue(Number)";"30";"900379";"900379";"66967";"66967"
"SCRIPT_API";"dw.order.ProductLineItem#setQuantityValue(Number)";"1";"13607";"13607";"0";"0"
"SCRIPT_API";"dw.order.Shipment#getAllLineItems()";"16";"223178";"223178";"0";"0"
"SCRIPT_API";"dw.order.Shipment#getGiftMessage()";"19";"40524";"40524";"639";"639"
"SCRIPT_API";"dw.order.Shipment#getProductLineItems()";"35";"288280";"288280";"0";"0"
"SCRIPT_API";"dw.order.Shipment#getShippingAddress()";"71";"281805";"281805";"2179";"2179"
"SCRIPT_API";"dw.order.Shipment#getShippingMethod()";"150";"637515";"637515";"1269";"1269"
"SCRIPT_API";"dw.order.Shipment#getShippingPriceAdjustments()";"8";"47086";"47086";"127";"127"
"SCRIPT_API";"dw.order.Shipment#isDefault()";"1";"12205";"12205";"0";"0"
"SCRIPT_API";"dw.order.Shipment#isGift()";"19";"71613";"71613";"234";"234"
"SCRIPT_API";"dw.order.Shipment#setShippingMethod(dw.order.ShippingMethod)";"2";"113768";"113768";"0";"0"
"SCRIPT_API";"dw.order.ShipmentShippingCost#getAmount()";"246";"198663";"198663";"7260";"7260"
"SCRIPT_API";"dw.order.ShipmentShippingModel#getApplicableShippingMethods()";"21";"16543680";"16543680";"11135138";"11135138"
"SCRIPT_API";"dw.order.ShipmentShippingModel#getShippingCost(dw.order.ShippingMethod)";"123";"28548934";"28548934";"13901266";"13901266"
"SCRIPT_API";"dw.order.ShippingMethod#getDescription()";"123";"4329349";"4329349";"2942519";"2942519"
"SCRIPT_API";"dw.order.ShippingMethod#getDisplayName()";"123";"5305841";"5305841";"2992527";"2992527"
"SCRIPT_API";"dw.order.ShippingMethod#getID()";"373";"364576";"364576";"9013";"9013"
"SCRIPT_API";"dw.order.ShippingMethod#isDefaultMethod()";"123";"189581";"189581";"8297";"8297"
"SCRIPT_API";"dw.order.ShippingMgr#applyShippingCost(dw.order.LineItemCtnr)";"16";"9590435";"9590435";"4577265";"4577265"
"SCRIPT_API";"dw.order.ShippingMgr#getDefaultShippingMethod()";"14";"2333384";"2333384";"2006409";"2006409"
"SCRIPT_API";"dw.order.ShippingMgr#getShipmentShippingModel(dw.order.Shipment)";"144";"177704";"177704";"5499";"5499"
"SCRIPT_API";"dw.order.TaxMgr#getCustomRateTaxClassID()";"32";"51020";"51020";"871";"871"
"SCRIPT_API";"dw.order.TaxMgr#getDefaultTaxClassID()";"2";"34754";"34754";"0";"0"
"SCRIPT_API";"dw.order.TaxMgr#getDefaultTaxJurisdictionID()";"16";"1502907";"1502907";"1013698";"1013698"
"SCRIPT_API";"dw.order.TaxMgr#getTaxRate(String,String)";"30";"3942626";"3942626";"3015392";"3015392"
"SCRIPT_API";"dw.system.HookMgr#callHook(String,String,Object[])";"150";"206160431";"5292229";"99509729";"0"
"SCRIPT_API";"dw.system.HookMgr#hasHook(String)";"2465";"15643320";"15643320";"1074826";"1074826"
"SCRIPT_API";"dw.system.Logger#debug(String,Object[])";"61";"906909";"906909";"1407";"1407"
"SCRIPT_API";"dw.system.Logger#warn(String,Object[])";"63";"13175255";"13175255";"845200";"845200"
"SCRIPT_API";"dw.system.Request#getHttpHeaders()";"2440";"41367029";"41367029";"0";"0"
"SCRIPT_API";"dw.system.Request#getHttpHost()";"2486";"2601843";"2601843";"46329";"46329"
"SCRIPT_API";"dw.system.Request#getHttpMethod()";"2440";"1802674";"1802674";"44803";"44803"
"SCRIPT_API";"dw.system.Request#getHttpParameterMap()";"54";"189726";"189726";"407";"407"
"SCRIPT_API";"dw.system.Request#getHttpPath()";"2440";"3587076";"3587076";"40568";"40568"
"SCRIPT_API";"dw.system.Request#getHttpQueryString()";"3775";"4684531";"4684531";"385035";"385035"
"SCRIPT_API";"dw.system.Request#getLocale()";"2953";"2724738";"2724738";"196230";"196230"
"SCRIPT_API";"dw.system.Request#getPageMetaData()";"101";"154726";"154726";"9384";"9384"
"SCRIPT_API";"dw.system.Request#getRequestID()";"90";"119896";"119896";"1897";"1897"
"SCRIPT_API";"dw.system.Request#isHttpSecure()";"2440";"2266781";"2266781";"63861";"63861"
"SCRIPT_API";"dw.system.Request#isIncludeRequest()";"4880";"3658482";"3658482";"125980";"125980"
"SCRIPT_API";"dw.system.Response#getWriter()";"35";"18897491";"18897491";"0";"0"
"SCRIPT_API";"dw.system.Response#redirect(String)";"1";"70541";"70541";"133";"133"
"SCRIPT_API";"dw.system.Response#setContentType(String)";"35";"176437";"176437";"4563";"4563"
"SCRIPT_API";"dw.system.Response#setExpires(Date)";"282";"1072910";"1072910";"43929";"43929"
"SCRIPT_API";"dw.system.Response#setHttpHeader(String,String)";"4880";"6420071";"6420071";"115396";"115396"
"SCRIPT_API";"dw.system.Response#setStatus(Number)";"27";"125240";"125240";"2122";"2122"
"SCRIPT_API";"dw.system.Response#setVaryBy(String)";"100";"180855";"180855";"2510";"2510"
"SCRIPT_API";"dw.system.Session#getClickStream()";"14";"66898";"66898";"731";"731"
"SCRIPT_API";"dw.system.Session#getCurrency()";"3961";"11865250";"11865250";"19533";"19533"
"SCRIPT_API";"dw.system.Session#getForms()";"31";"164490";"164490";"1531";"1531"
"SCRIPT_API";"dw.system.Session#getPrivacy()";"371";"623884";"623884";"25803";"25803"
"SCRIPT_API";"dw.system.Session#setTrackingAllowed(Boolean)";"39";"628093";"628093";"0";"0"
"SCRIPT_API";"dw.system.Site#getAllowedLocales()";"36";"362836";"362836";"0";"0"
"SCRIPT_API";"dw.system.Site#getCalendar()";"2";"1336051";"1336051";"1122016";"1122016"
"SCRIPT_API";"dw.system.Site#getCurrent()";"80";"6277831";"6277831";"3517510";"3517510"
"SCRIPT_API";"dw.system.Site#getID()";"36";"110952";"110952";"800";"800"
"SCRIPT_API";"dw.system.Site#getPageMetaTags()";"10";"8971718";"8971718";"6924929";"6924929"
"SCRIPT_API";"dw.system.Site#getPreferences()";"34";"4754620";"4754620";"3539715";"3539715"
"SCRIPT_API";"dw.system.Status(Number)";"48";"208223";"208223";"2339";"2339"
"SCRIPT_API";"dw.system.System#getInstanceType()";"115";"184162";"184162";"8843";"8843"
"SCRIPT_API";"dw.system.Transaction#wrap(Function)";"39";"227900738";"18900557";"121194864";"7873595"
"SCRIPT_API";"dw.template.ISML#renderTemplate(String,Object)";"426";"1231155513";"51176885";"450851046";"1592973"
"SCRIPT_API";"dw.util.ArrayList()";"90";"255781";"255781";"2418";"2418"
"SCRIPT_API";"dw.util.Calendar#getTime()";"2";"5831";"5831";"15";"15"
"SCRIPT_API";"dw.util.Collection#getLength()";"437";"858244";"858244";"11344";"11344"
"SCRIPT_API";"dw.util.Collection#isEmpty()";"33";"62696";"62696";"563";"563"
"SCRIPT_API";"dw.util.Collection#iterator()";"1273";"2095376";"2095376";"74103";"74103"
"SCRIPT_API";"dw.util.Collection#size()";"2";"15812";"15812";"1985";"1985"
"SCRIPT_API";"dw.util.Collection#toArray()";"7";"97048";"97048";"10";"10"
"SCRIPT_API";"dw.util.Currency#getCurrencyCode()";"2979";"1689878";"1689878";"63890";"63890"
"SCRIPT_API";"dw.util.Currency#getDefaultFractionDigits()";"2671";"2005751";"2005751";"42554";"42554"
"SCRIPT_API";"dw.util.Currency#getName()";"2669";"1552547";"1552547";"38044";"38044"
"SCRIPT_API";"dw.util.Currency#getSymbol()";"2671";"1784765";"1784765";"72535";"72535"
"SCRIPT_API";"dw.util.Decimal#get()";"140";"148414";"148414";"2835";"2835"
"SCRIPT_API";"dw.util.Decimal#toString()";"140";"175330";"175330";"2206";"2206"
"SCRIPT_API";"dw.util.HashMap()";"190";"622874";"622874";"8892";"8892"
"SCRIPT_API";"dw.util.Iterator#hasNext()";"2782";"2741388";"2741388";"97423";"97423"
"SCRIPT_API";"dw.util.Iterator#next()";"1696";"3401995";"3401995";"17966";"17966"
"SCRIPT_API";"dw.util.List#get(Number)";"9";"66981";"66981";"130";"130"
"SCRIPT_API";"dw.util.List#indexOf(Object)";"571";"532352";"532352";"16176";"16176"
"SCRIPT_API";"dw.util.List#size()";"49";"117002";"117002";"2049";"2049"
"SCRIPT_API";"dw.util.Locale#getCountry()";"62";"96649";"96649";"1689";"1689"
"SCRIPT_API";"dw.util.Locale#getDisplayCountry()";"52";"322256";"322256";"193";"193"
"SCRIPT_API";"dw.util.Locale#getDisplayLanguage()";"52";"64970";"64970";"827";"827"
"SCRIPT_API";"dw.util.Locale#getDisplayName()";"52";"657812";"657812";"0";"0"
"SCRIPT_API";"dw.util.Locale#getID()";"2826";"1789490";"1789490";"25337";"25337"
"SCRIPT_API";"dw.util.Locale#getLanguage()";"86";"130095";"130095";"1757";"1757"
"SCRIPT_API";"dw.util.Locale#getLocale(String)";"529";"1843241";"1843241";"579";"579"
"SCRIPT_API";"dw.util.Map#containsKey(Object)";"18";"52559";"52559";"586";"586"
"SCRIPT_API";"dw.util.Map#get(Object)";"105";"342334";"342334";"2195";"2195"
"SCRIPT_API";"dw.util.Map#isEmpty()";"3";"14031";"14031";"102";"102"
"SCRIPT_API";"dw.util.Map#keySet()";"32";"154205";"154205";"863";"863"
"SCRIPT_API";"dw.util.Map#put(Object,Object)";"190";"410288";"410288";"13033";"13033"
"SCRIPT_API";"dw.util.Map#size()";"6";"13551";"13551";"123";"123"
"SCRIPT_API";"dw.util.SecureEncoder#forHtmlInDoubleQuoteAttribute(String)";"84";"228172";"228172";"1221";"1221"
"SCRIPT_API";"dw.util.StringUtils#formatInteger(Number)";"7";"5827074";"5827074";"4998793";"4998793"
"SCRIPT_API";"dw.util.StringUtils#formatMoney(dw.value.Money)";"407";"9174642";"9174642";"0";"0"
"SCRIPT_API";"dw.util.StringUtils#formatNumber(Number,String,String)";"55";"1306720";"1306720";"0";"0"
"SCRIPT_API";"dw.util.Template#render(dw.util.Map)";"124";"53609219";"12165273";"1032151";"0"
"SCRIPT_API";"dw.util.Template(String)";"124";"246928";"246928";"3900";"3900"
"SCRIPT_API";"dw.value.MimeEncodedText#getText()";"124";"378961";"378961";"190393";"190393"
"SCRIPT_API";"dw.value.Money#getCurrencyCode()";"263";"269958";"269958";"4108";"4108"
"SCRIPT_API";"dw.value.Money#getDecimalValue()";"280";"358522";"358522";"6510";"6510"
"SCRIPT_API";"dw.value.Money#getValue()";"671";"526462";"526462";"15225";"15225"
"SCRIPT_API";"dw.value.Money#getValueOrNull()";"210";"299978";"299978";"3699";"3699"
"SCRIPT_API";"dw.value.Money#isAvailable()";"620";"499422";"499422";"15514";"15514"
"SCRIPT_API";"dw.value.Money#subtract(dw.value.Money)";"38";"100688";"100688";"802";"802"
"SCRIPT_API";"dw.value.Money(Number,String)";"123";"512500";"512500";"1797";"1797"
"SCRIPT_API";"dw.value.Quantity#getValue()";"453";"389102";"389102";"10244";"10244"
"SCRIPT_API";"dw.web.CSRFProtection#generateToken()";"124";"4540920";"4540920";"0";"0"
"SCRIPT_API";"dw.web.CSRFProtection#getTokenName()";"124";"335630";"335630";"10762";"10762"
"SCRIPT_API";"dw.web.CSRFProtection#validateRequest()";"6";"384140";"384140";"994";"994"
"SCRIPT_API";"dw.web.ClickStream#getClicks()";"7";"34077";"34077";"119";"119"
"SCRIPT_API";"dw.web.ClickStream#isPartial()";"7";"22753";"22753";"340";"340"
"SCRIPT_API";"dw.web.ClickStreamEntry#getHost()";"49";"49922";"49922";"1979";"1979"
"SCRIPT_API";"dw.web.ClickStreamEntry#getLocale()";"49";"40849";"40849";"508";"508"
"SCRIPT_API";"dw.web.ClickStreamEntry#getPath()";"49";"40508";"40508";"662";"662"
"SCRIPT_API";"dw.web.ClickStreamEntry#getPipelineName()";"49";"41352";"41352";"817";"817"
"SCRIPT_API";"dw.web.ClickStreamEntry#getQueryString()";"49";"233861";"233861";"0";"0"
"SCRIPT_API";"dw.web.ClickStreamEntry#getReferer()";"49";"41924";"41924";"495";"495"
"SCRIPT_API";"dw.web.ClickStreamEntry#getRemoteAddress()";"49";"39923";"39923";"863";"863"
"SCRIPT_API";"dw.web.ClickStreamEntry#getTimestamp()";"49";"52647";"52647";"467";"467"
"SCRIPT_API";"dw.web.ClickStreamEntry#getUrl()";"49";"68609";"68609";"507";"507"
"SCRIPT_API";"dw.web.ClickStreamEntry#getUserAgent()";"49";"41253";"41253";"655";"655"
"SCRIPT_API";"dw.web.FormAction#getDescription()";"70";"153852";"153852";"2626";"2626"
"SCRIPT_API";"dw.web.FormAction#getLabel()";"70";"89153";"89153";"938";"938"
"SCRIPT_API";"dw.web.FormAction#isSubmitted()";"70";"95419";"95419";"363";"363"
"SCRIPT_API";"dw.web.FormAction#isTriggered()";"70";"88517";"88517";"619";"619"
"SCRIPT_API";"dw.web.FormElement#clearFormElement()";"28";"557862";"557862";"229";"229"
"SCRIPT_API";"dw.web.FormElement#getDynamicHtmlName()";"748";"1412475";"1412475";"30312";"30312"
"SCRIPT_API";"dw.web.FormElement#getHtmlName()";"1062";"1108520";"1108520";"28625";"28625"
"SCRIPT_API";"dw.web.FormElement#isValid()";"748";"9813891";"9813891";"8630412";"8630412"
"SCRIPT_API";"dw.web.FormField#getDescription()";"633";"979296";"979296";"5039";"5039"
"SCRIPT_API";"dw.web.FormField#getError()";"591";"396234";"396234";"18224";"18224"
"SCRIPT_API";"dw.web.FormField#getHtmlValue()";"759";"884353";"884353";"21725";"21725"
"SCRIPT_API";"dw.web.FormField#getLabel()";"1098";"1206069";"1206069";"13952";"13952"
"SCRIPT_API";"dw.web.FormField#getMaxLength()";"493";"321369";"321369";"16880";"16880"
"SCRIPT_API";"dw.web.FormField#getMaxValue()";"28";"64601";"64601";"799";"799"
"SCRIPT_API";"dw.web.FormField#getMinLength()";"493";"297403";"297403";"9515";"9515"
"SCRIPT_API";"dw.web.FormField#getMinValue()";"28";"37851";"37851";"270";"270"
"SCRIPT_API";"dw.web.FormField#getOptions()";"15406";"7656376";"7656376";"315917";"315917"
"SCRIPT_API";"dw.web.FormField#getRegEx()";"493";"314042";"314042";"9062";"9062"
"SCRIPT_API";"dw.web.FormField#getSelectedOption()";"84";"1106011";"1106011";"0";"0"
"SCRIPT_API";"dw.web.FormField#getType()";"1266";"914184";"914184";"57942";"57942"
"SCRIPT_API";"dw.web.FormField#getValue()";"3";"26013";"26013";"3031";"3031"
"SCRIPT_API";"dw.web.FormField#isChecked()";"70";"187588";"187588";"979";"979"
"SCRIPT_API";"dw.web.FormField#isMandatory()";"661";"431080";"431080";"16460";"16460"
"SCRIPT_API";"dw.web.FormField#isSelected()";"70";"98246";"98246";"603";"603"
"SCRIPT_API";"dw.web.FormFieldOption#getHtmlValue()";"1988";"6426633";"6426633";"50658";"50658"
"SCRIPT_API";"dw.web.FormFieldOption#getLabel()";"3976";"3985549";"3985549";"73083";"73083"
"SCRIPT_API";"dw.web.FormFieldOption#getOptionId()";"1988";"1090417";"1090417";"58492";"58492"
"SCRIPT_API";"dw.web.FormFieldOption#getValue()";"1988";"1604582";"1604582";"429697";"429697"
"SCRIPT_API";"dw.web.FormFieldOption#isChecked()";"1988";"1081699";"1081699";"57014";"57014"
"SCRIPT_API";"dw.web.FormFieldOption#isSelected()";"1988";"1070886";"1070886";"23246";"23246"
"SCRIPT_API";"dw.web.FormFieldOptions#getOptionsCount()";"787";"548591";"548591";"12866";"12866"
"SCRIPT_API";"dw.web.FormGroup#getError()";"157";"188904";"188904";"2730";"2730"
"SCRIPT_API";"dw.web.HttpParameter#getDoubleValue()";"24";"71008";"71008";"435";"435"
"SCRIPT_API";"dw.web.HttpParameter#getRawValue()";"252";"155558";"155558";"4137";"4137"
"SCRIPT_API";"dw.web.HttpParameter#getStringValue()";"8";"70469";"70469";"8248";"8248"
"SCRIPT_API";"dw.web.HttpParameterMap#get(Object)";"126";"90821";"90821";"2801";"2801"
"SCRIPT_API";"dw.web.HttpParameterMap#getParameterNames()";"84";"716212";"716212";"575009";"575009"
"SCRIPT_API";"dw.web.LoopIterator#getCount()";"240";"289581";"289581";"8791";"8791"
"SCRIPT_API";"dw.web.LoopIterator#getIndex()";"164";"103119";"103119";"6439";"6439"
"SCRIPT_API";"dw.web.LoopIterator#isFirst()";"7";"31174";"31174";"624";"624"
"SCRIPT_API";"dw.web.LoopIterator#isLast()";"112";"128370";"128370";"13238";"13238"
"SCRIPT_API";"dw.web.PageMetaData#addPageMetaTags(Array)";"17";"261021";"261021";"0";"0"
"SCRIPT_API";"dw.web.PageMetaData#getDescription()";"119";"97926";"97926";"2617";"2617"
"SCRIPT_API";"dw.web.PageMetaData#getKeywords()";"119";"107668";"107668";"2259";"2259"
"SCRIPT_API";"dw.web.PageMetaData#getPageMetaTags()";"119";"332192";"332192";"646";"646"
"SCRIPT_API";"dw.web.PageMetaData#getTitle()";"119";"130528";"130528";"5384";"5384"
"SCRIPT_API";"dw.web.PageMetaTag#getContent()";"18";"38985";"38985";"0";"0"
"SCRIPT_API";"dw.web.PageMetaTag#getID()";"24";"30936";"30936";"199";"199"
"SCRIPT_API";"dw.web.PageMetaTag#isName()";"36";"82218";"82218";"875";"875"
"SCRIPT_API";"dw.web.PageMetaTag#isProperty()";"6";"14867";"14867";"101";"101"
"SCRIPT_API";"dw.web.PageMetaTag#isTitle()";"18";"46020";"46020";"506";"506"
"SCRIPT_API";"dw.web.PagingModel#appendPaging(dw.web.URL)";"11";"92698";"92698";"0";"0"
"SCRIPT_API";"dw.web.PagingModel#getCurrentPage()";"12";"29227";"29227";"183";"183"
"SCRIPT_API";"dw.web.PagingModel#getEnd()";"107";"145364";"145364";"2156";"2156"
"SCRIPT_API";"dw.web.PagingModel#getPageElements()";"12";"75840";"75840";"300";"300"
"SCRIPT_API";"dw.web.PagingModel#setPageSize(Number)";"24";"39489";"39489";"375";"375"
"SCRIPT_API";"dw.web.PagingModel#setStart(Number)";"35";"64699";"64699";"712";"712"
"SCRIPT_API";"dw.web.PagingModel(dw.util.Iterator,Number)";"24";"147277";"147277";"2192";"2192"
"SCRIPT_API";"dw.web.Resource#msg(String,String,String)";"4507";"189064911";"189064911";"35477000";"35477000"
"SCRIPT_API";"dw.web.Resource#msgf(String,String,String,Object[])";"393";"32754564";"32754564";"998405";"998405"
"SCRIPT_API";"dw.web.URL#append(String,String)";"9";"34752";"34752";"226";"226"
"SCRIPT_API";"dw.web.URL#appendCSRFTokenBM()";"8";"20890";"20890";"72";"72"
"SCRIPT_API";"dw.web.URL#relative()";"202";"511623";"511623";"1469";"1469"
"SCRIPT_API";"dw.web.URL#toString()";"1166";"88419878";"88419878";"53006221";"53006221"
"SCRIPT_API";"dw.web.URLAction(String,String)";"8";"147941";"147941";"0";"0"
"SCRIPT_API";"dw.web.URLUtils#abs(String,String[])";"72";"393557";"393557";"1578";"1578"
"SCRIPT_API";"dw.web.URLUtils#https(String,String[])";"98";"735147";"735147";"7475";"7475"
"SCRIPT_API";"dw.web.URLUtils#https(dw.web.URLAction,dw.web.URLParameter[])";"8";"128156";"128156";"0";"0"
"SCRIPT_API";"dw.web.URLUtils#staticURL(String)";"429";"215372485";"215372485";"173085811";"173085811"
"SCRIPT_API";"dw.web.URLUtils#url(String,String[])";"1186";"4796337";"4796337";"102525";"102525"
"SCRIPT_CONTROLLER";"app_storefront_base/cartridge/controllers/Account.js#Header";"32";"110546865";"81428713";"1011424";"0"
"SCRIPT_CONTROLLER";"app_storefront_base/cartridge/controllers/Cart.js#AddProduct";"7";"249036438";"81231930";"141595855";"28093536"
"SCRIPT_CONTROLLER";"app_storefront_base/cartridge/controllers/Cart.js#MiniCart";"18";"70840604";"42924352";"8321270";"0"
"SCRIPT_CONTROLLER";"app_storefront_base/cartridge/controllers/Cart.js#MiniCartShow";"5";"200699895";"65933719";"52515903";"5063248"
"SCRIPT_CONTROLLER";"app_storefront_base/cartridge/controllers/Cart.js#RemoveProductLineItem";"1";"22999148";"10479933";"8557183";"3072344"
"SCRIPT_CONTROLLER";"app_storefront_base/cartridge/controllers/Cart.js#Show";"2";"108815053";"28242400";"31251013";"0"
"SCRIPT_CONTROLLER";"app_storefront_base/cartridge/controllers/Checkout.js#Begin";"19";"807526073";"266150977";"190990843";"2698349"
"SCRIPT_CONTROLLER";"app_storefront_base/cartridge/controllers/CheckoutServices.js#SubmitCustomer";"3";"100710072";"37531610";"26131489";"585790"
"SCRIPT_CONTROLLER";"app_storefront_base/cartridge/controllers/ConsentTracking.js#Check";"25";"76293197";"45079639";"13193566";"0"
"SCRIPT_CONTROLLER";"app_storefront_base/cartridge/controllers/ConsentTracking.js#GetContent";"3";"13081147";"9710753";"3038566";"2050263"
"SCRIPT_CONTROLLER";"app_storefront_base/cartridge/controllers/ConsentTracking.js#SetConsent";"3";"11137741";"8028465";"1120";"0"
"SCRIPT_CONTROLLER";"app_storefront_base/cartridge/controllers/Default.js#Start";"8";"285824330";"23623977";"160787426";"0"
"SCRIPT_CONTROLLER";"app_storefront_base/cartridge/controllers/Error.js#Start";"27";"82079792";"28631568";"28554";"0"
"SCRIPT_CONTROLLER";"app_storefront_base/cartridge/controllers/Home.js#Show";"2";"24320770";"5813516";"7047164";"0"
"SCRIPT_CONTROLLER";"app_storefront_base/cartridge/controllers/Page.js#Include";"149";"608646851";"301617124";"224113391";"34830444"
"SCRIPT_CONTROLLER";"app_storefront_base/cartridge/controllers/Page.js#IncludeHeaderMenu";"18";"334744431";"66634517";"240213948";"23876236"
"SCRIPT_CONTROLLER";"app_storefront_base/cartridge/controllers/Page.js#Locale";"36";"88642185";"65462861";"1054632";"0"
"SCRIPT_CONTROLLER";"app_storefront_base/cartridge/controllers/Product.js#ShowQuickView";"4";"324625850";"38748553";"223414655";"2688416"
"SCRIPT_CONTROLLER";"app_storefront_base/cartridge/controllers/Product.js#Variation";"5";"131178719";"58254092";"50654955";"16500561"
"SCRIPT_CONTROLLER";"app_storefront_base/cartridge/controllers/ReportingEvent.js#MiniCart";"1";"4927045";"2158685";"1106974";"0"
"SCRIPT_CONTROLLER";"app_storefront_base/cartridge/controllers/ReportingEvent.js#Start";"15";"23596294";"19576825";"6660";"0"
"SCRIPT_CONTROLLER";"app_storefront_base/cartridge/controllers/Search.js#Refinebar";"5";"37719906";"16710468";"4090405";"457297"
"SCRIPT_CONTROLLER";"app_storefront_base/cartridge/controllers/Search.js#Show";"7";"586473142";"47334145";"233395221";"2982693"
"SCRIPT_CONTROLLER";"app_storefront_base/cartridge/controllers/Tile.js#Show";"90";"1315791298";"323634837";"469500279";"2569593"
"SCRIPT_CONTROLLER";"plugin_wishlists/cartridge/controllers/Account.js#Header";"4";"39040979";"23469109";"8666308";"3065217"
"SCRIPT_HOOK";"app_storefront_base/cartridge/scripts/hooks/cart/calculate.js#calculate";"16";"165108843";"8091621";"84577382";"39846"
"SCRIPT_HOOK";"app_storefront_base/cartridge/scripts/hooks/cart/calculate.js#calculateShipping";"16";"10654422";"960090";"4588279";"10014"
"SCRIPT_HOOK";"app_storefront_base/cartridge/scripts/hooks/cart/calculate.js#calculateTax";"16";"25104937";"8021122";"10349141";"216040"
"SF_PAGE";"/Sites-Mailchimp-Site/-/null-null";"2";"35829310";"672437";"18333119";"587"
"SF_PAGE";"/Sites-Mailchimp-Site/default/Account-Header";"10";"35455840";"1843150";"10311";"5980"
"SF_PAGE";"/Sites-Mailchimp-Site/default/Cart-MiniCart";"5";"18272474";"876985";"4307";"2493"
"SF_PAGE";"/Sites-Mailchimp-Site/default/Cart-MiniCartShow";"3";"110648112";"6582224";"25540553";"4901968"
"SF_PAGE";"/Sites-Mailchimp-Site/default/Cart-RemoveProductLineItem";"1";"27526758";"4527610";"12070312";"3513129"
"SF_PAGE";"/Sites-Mailchimp-Site/default/Cart-Show";"1";"56755795";"298270";"22227888";"653"
"SF_PAGE";"/Sites-Mailchimp-Site/default/Checkout-Begin";"13";"560027213";"44995321";"125724571";"5686259"
"SF_PAGE";"/Sites-Mailchimp-Site/default/CheckoutServices-SubmitCustomer";"1";"29590583";"5344558";"6776631";"4194580"
"SF_PAGE";"/Sites-Mailchimp-Site/default/ConsentTracking-Check";"9";"122365765";"60316256";"1854375";"1827493"
"SF_PAGE";"/Sites-Mailchimp-Site/default/Home-Show";"2";"24938601";"617831";"7048351";"1187"
"SF_PAGE";"/Sites-Mailchimp-Site/default/Page-Include";"50";"122450653";"8443885";"526368";"28305"
"SF_PAGE";"/Sites-Mailchimp-Site/default/Page-IncludeHeaderMenu";"5";"72212418";"814619";"46237600";"2828"
"SF_PAGE";"/Sites-Mailchimp-Site/default/Page-Locale";"10";"24994652";"1807831";"10196";"5950"
"SF_PAGE";"/Sites-Mailchimp-Site/default/ReportingEvent-Start";"8";"15141991";"1931083";"7915";"3658"
"SF_PAGE";"/Sites-Mailchimp-Site/default/__SYSTEM__Slot-Request";"35";"44763799";"44763799";"3692636";"3692636"
"SF_PAGE";"/Sites-Mailchimp-Site/default/__SYSTEM__StorefrontToolkit-Start";"9";"7689465";"7689465";"7146";"7146"
"SF_PAGE";"/Sites-RefArch-Site/-/null-null";"5";"166692306";"2848678";"98642498";"1542678"
"SF_PAGE";"/Sites-RefArch-Site/en_US/Account-Header";"22";"80550275";"3616100";"1021512";"14419"
"SF_PAGE";"/Sites-RefArch-Site/en_US/Cart-AddProduct";"7";"394917272";"133720718";"235016503";"93414739"
"SF_PAGE";"/Sites-RefArch-Site/en_US/Cart-MiniCart";"11";"39767585";"1623824";"1196711";"6871"
"SF_PAGE";"/Sites-RefArch-Site/en_US/Cart-MiniCartShow";"2";"97043001";"408994";"31878955";"1637"
"SF_PAGE";"/Sites-RefArch-Site/en_US/Cart-Show";"1";"52589026";"231498";"9024867";"1089"
"SF_PAGE";"/Sites-RefArch-Site/en_US/Checkout-Begin";"6";"344537504";"22278654";"78085708";"7121482"
"SF_PAGE";"/Sites-RefArch-Site/en_US/CheckoutServices-SubmitCustomer";"2";"87320931";"10856884";"32131656";"8582218"
"SF_PAGE";"/Sites-RefArch-Site/en_US/ConsentTracking-Check";"14";"47005889";"2273380";"9301074";"7981"
"SF_PAGE";"/Sites-RefArch-Site/en_US/ConsentTracking-GetContent";"2";"10328866";"366892";"3039746";"1591"
"SF_PAGE";"/Sites-RefArch-Site/en_US/ConsentTracking-SetConsent";"2";"7557817";"574837";"1738";"968"
"SF_PAGE";"/Sites-RefArch-Site/en_US/Page-Include";"86";"439479957";"12926022";"192338981";"64002"
"SF_PAGE";"/Sites-RefArch-Site/en_US/Page-IncludeHeaderMenu";"11";"215449639";"1607473";"157612904";"8537"
"SF_PAGE";"/Sites-RefArch-Site/en_US/Page-Locale";"22";"54336311";"3546105";"58192";"15955"
"SF_PAGE";"/Sites-RefArch-Site/en_US/Product-ShowQuickView";"4";"325877314";"1251464";"223418244";"3589"
"SF_PAGE";"/Sites-RefArch-Site/en_US/Product-Variation";"5";"132564848";"1386129";"50658969";"4014"
"SF_PAGE";"/Sites-RefArch-Site/en_US/ReportingEvent-MiniCart";"1";"5144406";"217361";"1108058";"1084"
"SF_PAGE";"/Sites-RefArch-Site/en_US/ReportingEvent-Start";"7";"11654791";"1269405";"7191";"4788"
"SF_PAGE";"/Sites-RefArch-Site/en_US/Search-Refinebar";"5";"38404605";"684699";"4094491";"4086"
"SF_PAGE";"/Sites-RefArch-Site/en_US/Search-Show";"6";"473276176";"2258763";"198619658";"639551"
"SF_PAGE";"/Sites-RefArch-Site/en_US/Tile-Show";"85";"1102459554";"13908138";"403555610";"64020"
"SF_PAGE";"/Sites-RefArch-Site/en_US/__SYSTEM__Slot-Render";"48";"354465136";"141116539";"258763533";"108184384"
"SF_PAGE";"/Sites-RefArch-Site/en_US/__SYSTEM__Slot-Request";"49";"314591598";"314591598";"248400292";"248400292"
"SF_PAGE";"/Sites-RefArch-Site/en_US/__SYSTEM__StorefrontToolkit-Start";"13";"11546012";"11546012";"27582";"27582"
"SF_PAGE";"/Sites-RefArchGlobal-Site/-/null-null";"1";"87383565";"559736";"45615368";"260294"
"SF_PAGE";"/Sites-RefArchGlobal-Site/en_GB/Account-Header";"4";"40133804";"1092825";"8668244";"1936"
"SF_PAGE";"/Sites-RefArchGlobal-Site/en_GB/Cart-MiniCart";"2";"16187234";"885880";"7130403";"787"
"SF_PAGE";"/Sites-RefArchGlobal-Site/en_GB/ConsentTracking-Check";"2";"10279887";"613701";"3885365";"824"
"SF_PAGE";"/Sites-RefArchGlobal-Site/en_GB/ConsentTracking-GetContent";"1";"3387240";"268067";"1011";"600"
"SF_PAGE";"/Sites-RefArchGlobal-Site/en_GB/ConsentTracking-SetConsent";"1";"4420091";"265330";"869";"519"
"SF_PAGE";"/Sites-RefArchGlobal-Site/en_GB/Page-Include";"13";"70333871";"2247723";"31347588";"7239"
"SF_PAGE";"/Sites-RefArchGlobal-Site/en_GB/Page-IncludeHeaderMenu";"2";"49878088";"373622";"36375770";"961"
"SF_PAGE";"/Sites-RefArchGlobal-Site/en_GB/Page-Locale";"4";"16147816";"1482658";"1010365";"2216"
"SF_PAGE";"/Sites-RefArchGlobal-Site/en_GB/Search-Show";"1";"115736986";"281257";"35416069";"955"
"SF_PAGE";"/Sites-RefArchGlobal-Site/en_GB/Tile-Show";"5";"228447619";"1207737";"66011520";"2831"
"SF_PAGE";"/Sites-RefArchGlobal-Site/en_GB/__SYSTEM__Slot-Render";"9";"78646985";"42200932";"57971493";"34116067"
"SF_PAGE";"/Sites-RefArchGlobal-Site/en_GB/__SYSTEM__Slot-Request";"10";"133874290";"133874290";"116747035";"116747035"
