"Type";"Name";"Count";"TotalTime";"OwnTime";"TotalWaitTime";"OwnWaitTime"
"ISML";"app_storefront_base/default//common/consent";"12";"4523422";"3993381";"2550";"0"
"ISML";"app_storefront_base/default//common/htmlHead";"12";"92023350";"10452882";"63512365";"19644"
"ISML";"app_storefront_base/default//common/scripts";"24";"2223333";"1648816";"0";"325"
"ISML";"app_storefront_base/default//components/content/contentAsset";"70";"2944298";"2773110";"2093";"1632"
"ISML";"app_storefront_base/default//components/content/offlineContent";"7";"217857";"217857";"1238";"1238"
"ISML";"app_storefront_base/default//components/footer/pageFooter";"12";"5652147";"2942261";"5252";"1749"
"ISML";"app_storefront_base/default//components/header/countrySelector";"7";"980498";"980498";"1722";"1722"
"ISML";"app_storefront_base/default//components/header/menu";"7";"4441220";"3626034";"1294";"0"
"ISML";"app_storefront_base/default//components/header/miniCart";"7";"2691089";"2241306";"1760";"0"
"ISML";"app_storefront_base/default//components/header/mobileCountrySelector";"7";"911027";"911027";"1510";"1510"
"ISML";"app_storefront_base/default//components/header/pageHeader";"7";"25410736";"4288676";"14800200";"0"
"ISML";"app_storefront_base/default//components/header/pageHeaderNomenu";"5";"9928805";"1440951";"6338717";"2921"
"ISML";"app_storefront_base/default//components/header/skipNav";"12";"1139873";"803169";"2582";"1278"
"ISML";"app_storefront_base/default//components/modules";"15";"194141";"194141";"2523";"2523"
"ISML";"app_storefront_base/default//components/schema";"7";"480995";"480995";"5879";"5879"
"ISML";"app_storefront_base/default//product/components/pricing/default";"119";"14614465";"10683379";"16243";"6141"
"ISML";"app_storefront_base/default//product/components/pricing/formatted";"120";"2177849";"2177849";"10740";"10740"
"ISML";"app_storefront_base/default//product/components/pricing/main";"10";"1203321";"483145";"2322";"1073"
"ISML";"app_storefront_base/default//reporting/reporting";"14";"490778";"490778";"1721";"1721"
"ISML";"app_storefront_base/default//reporting/reportingUrls";"1";"245488";"245488";"0";"0"
"ISML";"app_storefront_base/default//search/searchRefineBar";"1";"630055";"265586";"600";"697"
"ISML";"app_storefront_base/default/account/header";"7";"4689652";"1936802";"939196";"786"
"ISML";"app_storefront_base/default/account/mobileHeader";"7";"1782572";"1523386";"1434";"431"
"ISML";"app_storefront_base/default/cart/cart";"2";"33974151";"3745038";"15038299";"0"
"ISML";"app_storefront_base/default/cart/cartApproachingDiscount";"2";"110364";"107278";"840";"691"
"ISML";"app_storefront_base/default/cart/cartCouponDisplay";"43";"4134695";"4134695";"6144";"6144"
"ISML";"app_storefront_base/default/cart/cartPromoCode";"2";"327686";"267665";"440";"0"
"ISML";"app_storefront_base/default/cart/cartRemoveCouponModal";"2";"248753";"203765";"636";"87"
"ISML";"app_storefront_base/default/cart/cartRemoveProductModal";"5";"581727";"453582";"1447";"415"
"ISML";"app_storefront_base/default/cart/cartShippingMethodSelection";"2";"461312";"440757";"631";"490"
"ISML";"app_storefront_base/default/cart/cartTotals";"2";"434571";"371535";"592";"136"
"ISML";"app_storefront_base/default/cart/checkoutButtons";"5";"610628";"527275";"1402";"835"
"ISML";"app_storefront_base/default/cart/productCard/cartProductCard";"2";"3982197";"1535221";"901";"0"
"ISML";"app_storefront_base/default/cart/productCard/cartProductCardAvailability";"10";"562800";"562800";"721";"721"
"ISML";"app_storefront_base/default/cart/productCard/cartProductCardEdit";"2";"331849";"268513";"694";"51"
"ISML";"app_storefront_base/default/cart/productCard/cartProductCardHeader";"2";"595085";"414249";"1037";"0"
"ISML";"app_storefront_base/default/cart/productCard/cartProductCardProductPrice";"2";"1324390";"377927";"576";"242"
"ISML";"app_storefront_base/default/checkout/addressSummary";"14";"1066607";"1066607";"1088";"1088"
"ISML";"app_storefront_base/default/checkout/billing/addressSelector";"5";"2253608";"1554974";"1646";"0"
"ISML";"app_storefront_base/default/checkout/billing/addressSelectorShipping";"5";"624234";"593815";"1593";"1476"
"ISML";"app_storefront_base/default/checkout/billing/billing";"5";"34795761";"4170230";"6189040";"0"
"ISML";"app_storefront_base/default/checkout/billing/billingAddress";"5";"8792787";"8307811";"1889";"0"
"ISML";"app_storefront_base/default/checkout/billing/billingSummary";"6";"3122859";"1732682";"1895";"0"
"ISML";"app_storefront_base/default/checkout/billing/creditCardForm";"5";"5183430";"4858285";"1690";"0"
"ISML";"app_storefront_base/default/checkout/billing/paymentOptions";"5";"19258142";"1800483";"6189629";"0"
"ISML";"app_storefront_base/default/checkout/billing/paymentOptions/creditCardContent";"5";"7494151";"1754038";"1270";"0"
"ISML";"app_storefront_base/default/checkout/billing/paymentOptions/creditCardSummary";"3";"256966";"211655";"675";"455"
"ISML";"app_storefront_base/default/checkout/billing/paymentOptions/creditCardTab";"5";"7911614";"444001";"6188508";"3421"
"ISML";"app_storefront_base/default/checkout/billing/paymentOptions/paymentOptionsContent";"5";"8477123";"982972";"1212";"0"
"ISML";"app_storefront_base/default/checkout/billing/paymentOptions/paymentOptionsSummary";"6";"1002729";"745763";"1598";"923"
"ISML";"app_storefront_base/default/checkout/billing/paymentOptions/paymentOptionsTabs";"5";"8980536";"1068922";"6188728";"220"
"ISML";"app_storefront_base/default/checkout/billing/storedPaymentInstruments";"10";"3238939";"2739758";"7565";"21919"
"ISML";"app_storefront_base/default/checkout/cart/miniCart";"3";"11640390";"3696765";"1644";"0"
"ISML";"app_storefront_base/default/checkout/checkout";"5";"178230377";"15655525";"28103444";"0"
"ISML";"app_storefront_base/default/checkout/confirmation/confirmation";"1";"19805567";"1741432";"8197237";"334946"
"ISML";"app_storefront_base/default/checkout/confirmation/confirmationDetails";"1";"3170570";"720279";"574";"0"
"ISML";"app_storefront_base/default/checkout/confirmation/confirmationEmail";"1";"2927558";"2134784";"609554";"606466"
"ISML";"app_storefront_base/default/checkout/confirmation/confirmationOrderTotal";"1";"221650";"189647";"536";"230"
"ISML";"app_storefront_base/default/checkout/confirmation/confirmationPaymentInfo";"1";"175498";"156321";"749";"589"
"ISML";"app_storefront_base/default/checkout/confirmation/shippingTitle";"1";"87501";"72929";"540";"341"
"ISML";"app_storefront_base/default/checkout/customer/customer";"3";"7442896";"1159132";"1199";"0"
"ISML";"app_storefront_base/default/checkout/customer/customerCard";"3";"1588973";"1371831";"904";"0"
"ISML";"app_storefront_base/default/checkout/customer/customerOAuthCard";"3";"4649337";"659998";"1212";"3236"
"ISML";"app_storefront_base/default/checkout/customer/customerSummary";"5";"499053";"441863";"2240";"1568"
"ISML";"app_storefront_base/default/checkout/orderProductSummary";"6";"6212844";"1330579";"1898";"1322"
"ISML";"app_storefront_base/default/checkout/orderTotalSummary";"6";"1965814";"1756567";"325462";"324297"
"ISML";"app_storefront_base/default/checkout/productCard/productCard";"9";"11255719";"6957581";"2651";"0"
"ISML";"app_storefront_base/default/checkout/productCard/productCardProductName";"11";"242609";"242609";"1842";"1842"
"ISML";"app_storefront_base/default/checkout/productCard/productCardProductNameAndRemove";"3";"471637";"409359";"1555";"1492"
"ISML";"app_storefront_base/default/checkout/productCard/productCardProductPromotions";"5";"152169";"152169";"1067";"1067"
"ISML";"app_storefront_base/default/checkout/productCard/productCardProductRenderedTotalPrice";"82";"15630363";"11706973";"16181";"15822"
"ISML";"app_storefront_base/default/checkout/productCard/productCardProductTotalPrice";"93";"4244451";"4244451";"721";"721"
"ISML";"app_storefront_base/default/checkout/productCard/productCardQuantityDisplay";"6";"511718";"444163";"1229";"1047"
"ISML";"app_storefront_base/default/checkout/productCard/productCardQuantitySelector";"5";"1773980";"1307283";"1447";"0"
"ISML";"app_storefront_base/default/checkout/productCard/productShippingCard";"5";"1280000";"1134739";"1614";"476"
"ISML";"app_storefront_base/default/checkout/shipping/giftMessageSummary";"16";"753900";"620736";"3083";"2241"
"ISML";"app_storefront_base/default/checkout/shipping/isGift";"10";"2063499";"1766043";"2219";"0"
"ISML";"app_storefront_base/default/checkout/shipping/multiShipCheckbox";"5";"247646";"247646";"1514";"1514"
"ISML";"app_storefront_base/default/checkout/shipping/multiShippingButtons";"10";"957097";"711381";"1706";"136"
"ISML";"app_storefront_base/default/checkout/shipping/selectedShippingMethod";"38";"1307941";"1307941";"1976";"1976"
"ISML";"app_storefront_base/default/checkout/shipping/shipmentCard";"10";"48584818";"7958030";"986";"0"
"ISML";"app_storefront_base/default/checkout/shipping/shipmentSelector";"10";"6658144";"1944560";"1648";"0"
"ISML";"app_storefront_base/default/checkout/shipping/shipmentSelectorOptions";"10";"4440653";"4282108";"1662";"1012"
"ISML";"app_storefront_base/default/checkout/shipping/shipping";"5";"53345216";"3149715";"1349";"0"
"ISML";"app_storefront_base/default/checkout/shipping/shippingAddress";"10";"20657886";"14250977";"2055";"0"
"ISML";"app_storefront_base/default/checkout/shipping/shippingAddressTemplate";"5";"343660";"252956";"0";"0"
"ISML";"app_storefront_base/default/checkout/shipping/shippingCard";"10";"5044059";"2316530";"2908";"2035"
"ISML";"app_storefront_base/default/checkout/shipping/shippingCardShippingAddress";"6";"2151075";"2151075";"0";"0"
"ISML";"app_storefront_base/default/checkout/shipping/shippingMethod";"10";"5097767";"3716800";"2443";"0"
"ISML";"app_storefront_base/default/checkout/shipping/shippingSummary";"6";"9005371";"2957311";"1613";"1859"
"ISML";"app_storefront_base/default/checkout/shipping/shippingTitle";"6";"326377";"257365";"1446";"977"
"ISML";"app_storefront_base/default/common/layout/checkout";"5";"44733634";"6298763";"21588813";"0"
"ISML";"app_storefront_base/default/common/layout/page";"7";"109423823";"11185093";"63051305";"0"
"ISML";"app_storefront_base/default/components/content/contentAssetInc";"64";"19444520";"19444520";"1011074";"1011074"
"ISML";"app_storefront_base/default/components/deleteButton";"4";"299219";"237116";"1193";"1217"
"ISML";"app_storefront_base/default/components/header/menuItem";"7";"490457";"490457";"1580";"1580"
"ISML";"app_storefront_base/default/components/header/search";"14";"2115090";"1734942";"2711";"223"
"ISML";"app_storefront_base/default/home/homePage";"3";"61941577";"4035875";"29302932";"0"
"ISML";"app_storefront_base/default/product/components/addToCartGlobal";"1";"136965";"125319";"324";"71"
"ISML";"app_storefront_base/default/product/components/attributes";"1";"72896";"72896";"295";"295"
"ISML";"app_storefront_base/default/product/components/attributesPre";"1";"7932387";"7859491";"7555895";"7555600"
"ISML";"app_storefront_base/default/product/components/availability";"2";"154703";"121736";"491";"355"
"ISML";"app_storefront_base/default/product/components/imageCarousel";"1";"297508";"260959";"531";"0"
"ISML";"app_storefront_base/default/product/components/mainAttributes";"1";"53635";"53635";"382";"382"
"ISML";"app_storefront_base/default/product/components/options";"1";"105262";"105262";"253";"253"
"ISML";"app_storefront_base/default/product/components/pricing/ajaxMain";"81";"31921772";"15788845";"10988";"1187"
"ISML";"app_storefront_base/default/product/components/pricing/main";"109";"21900916";"8006627";"0";"0"
"ISML";"app_storefront_base/default/product/components/productRating";"27";"1242091";"1242091";"0";"0"
"ISML";"app_storefront_base/default/product/components/productTileImage";"27";"3120441";"2348913";"2688";"3533"
"ISML";"app_storefront_base/default/product/components/productTileName";"27";"757139";"757139";"1888";"1888"
"ISML";"app_storefront_base/default/product/components/productTileSwatch";"27";"4933945";"2835116";"959";"0"
"ISML";"app_storefront_base/default/product/components/promotions";"2";"143425";"143425";"287";"287"
"ISML";"app_storefront_base/default/product/components/quantity";"2";"431667";"413869";"108";"0"
"ISML";"app_storefront_base/default/product/components/ratings";"27";"2828805";"1586714";"1699";"3108"
"ISML";"app_storefront_base/default/product/components/variationAttribute";"2";"395583";"359696";"460";"0"
"ISML";"app_storefront_base/default/product/gridTile";"27";"31383298";"5305464";"2655";"0"
"ISML";"app_storefront_base/default/product/productTile";"27";"26077834";"6548885";"3413";"13994"
"ISML";"app_storefront_base/default/product/productTileFooter";"27";"5031164";"1595113";"1684";"575"
"ISML";"app_storefront_base/default/product/quickView";"1";"3368333";"1733614";"664";"0"
"ISML";"app_storefront_base/default/reporting/reportingUrls";"11";"1425070";"1425070";"0";"0"
"ISML";"app_storefront_base/default/search/components/productTiles";"1";"33253351";"33133461";"4144689";"4130753"
"ISML";"app_storefront_base/default/search/filterBar";"1";"214133";"189714";"571";"405"
"ISML";"app_storefront_base/default/search/productGrid";"1";"33739191";"466996";"4144512";"0"
"ISML";"app_storefront_base/default/search/resultsCount";"2";"3613325";"904721";"282219";"9284"
"ISML";"app_storefront_base/default/search/searchResults";"1";"56838810";"902662";"15280155";"0"
"ISML";"app_storefront_base/default/search/searchResultsNoDecorator";"1";"39209249";"1482521";"4426623";"0"
"ISML";"app_storefront_base/default/search/sortOrderMenu";"1";"323753";"306705";"706";"693"
"ISML";"app_storefront_base/default/slots/content/contentAssetBody";"21";"82391880";"82080456";"52679940";"52679012"
"ISML";"app_storefront_base/default/slots/content/htmlSlotContainer";"12";"6777531";"1457154";"10457";"6568"
"ISML";"app_storefront_base/default/slots/htmlSlotContainer";"12";"5320377";"5076120";"3889";"3411"
"ISML";"app_storefront_base/default/slots/product/homePageProductSlot";"3";"2403844";"2075552";"2857";"0"
"ONREQUEST";"/Sites-RefArch-Site/en_US/Cart-AddProduct";"1";"802235";"802235";"0";"0"
"ONREQUEST";"/Sites-RefArch-Site/en_US/Cart-MiniCartShow";"3";"2409708";"2409708";"132";"132"
"ONREQUEST";"/Sites-RefArch-Site/en_US/Cart-Show";"2";"1538323";"1538323";"882";"882"
"ONREQUEST";"/Sites-RefArch-Site/en_US/Checkout-Begin";"5";"48325322";"48325322";"34572705";"34572705"
"ONREQUEST";"/Sites-RefArch-Site/en_US/CheckoutServices-PlaceOrder";"9";"8920356";"8920356";"13323";"13323"
"ONREQUEST";"/Sites-RefArch-Site/en_US/CheckoutServices-SubmitCustomer";"8";"49705167";"49705167";"28082408";"28082408"
"ONREQUEST";"/Sites-RefArch-Site/en_US/CheckoutServices-SubmitPayment";"9";"12322933";"12322933";"4705";"4705"
"ONREQUEST";"/Sites-RefArch-Site/en_US/CheckoutShippingServices-SubmitShipping";"12";"65320595";"65320595";"38068863";"38068863"
"ONREQUEST";"/Sites-RefArch-Site/en_US/CheckoutShippingServices-UpdateShippingMethodsList";"1";"927110";"927110";"376";"376"
"ONREQUEST";"/Sites-RefArch-Site/en_US/ConsentTracking-GetContent";"1";"598577";"598577";"0";"0"
"ONREQUEST";"/Sites-RefArch-Site/en_US/ConsentTracking-SetConsent";"1";"587679";"587679";"864";"864"
"ONREQUEST";"/Sites-RefArch-Site/en_US/Home-Show";"3";"89606608";"89606608";"73319406";"73319406"
"ONREQUEST";"/Sites-RefArch-Site/en_US/Login-Logout";"1";"3340475";"3340475";"851";"851"
"ONREQUEST";"/Sites-RefArch-Site/en_US/Order-Confirm";"1";"2582085";"2582085";"1580";"1580"
"ONREQUEST";"/Sites-RefArch-Site/en_US/Product-ShowQuickView";"1";"512954";"512954";"404";"404"
"ONREQUEST";"/Sites-RefArch-Site/en_US/Product-Variation";"1";"924454";"924454";"44";"44"
"ONREQUEST";"/Sites-RefArch-Site/en_US/ReportingEvent-MiniCart";"1";"534581";"534581";"15882";"15882"
"ONREQUEST";"/Sites-RefArch-Site/en_US/Search-Show";"1";"27952241";"27952241";"22864773";"22864773"
"ONREQUEST";"/Sites-RefArch-Site/en_US/__Analytics-Start";"24";"27541289";"27541289";"7634";"7634"
"ONREQUEST";"/Sites-RefArch-Site/en_US/__SYSTEM__StorefrontToolkit-Start";"12";"13447574";"13447574";"16808";"16808"
"PIPELINE_NODE";"bc_api:Assign";"13";"7809520";"7809520";"0";"0"
"SCRIPT_API";"dw.campaign.DiscountPlan#getApproachingOrderDiscounts()";"6";"29534";"29534";"142";"142"
"SCRIPT_API";"dw.campaign.DiscountPlan#getApproachingShippingDiscounts(dw.order.Shipment)";"6";"44160";"44160";"0";"0"
"SCRIPT_API";"dw.campaign.Promotion#getID()";"16";"31889";"31889";"434";"434"
"SCRIPT_API";"dw.campaign.PromotionMgr#applyDiscounts(dw.order.LineItemCtnr)";"68";"187556883";"187556883";"82550735";"82550735"
"SCRIPT_API";"dw.campaign.PromotionMgr#getActiveCustomerPromotions()";"88";"11941239";"11941239";"0";"0"
"SCRIPT_API";"dw.campaign.PromotionMgr#getDiscounts(dw.order.LineItemCtnr)";"6";"5510293";"5510293";"0";"0"
"SCRIPT_API";"dw.campaign.PromotionPlan#getProductPromotions()";"4";"1574543";"1574543";"937358";"937358"
"SCRIPT_API";"dw.campaign.PromotionPlan#getProductPromotions(dw.catalog.Product)";"84";"17193069";"17193069";"0";"0"
"SCRIPT_API";"dw.campaign.SlotContent#getContent()";"36";"167067";"167067";"0";"0"
"SCRIPT_API";"dw.catalog.Catalog#getRoot()";"9";"132798";"132798";"0";"0"
"SCRIPT_API";"dw.catalog.CatalogMgr#getCategory(String)";"3";"75033";"75033";"1185";"1185"
"SCRIPT_API";"dw.catalog.CatalogMgr#getSiteCatalog()";"9";"157776";"157776";"5227";"5227"
"SCRIPT_API";"dw.catalog.CatalogMgr#getSortingOptions()";"2";"1515543";"1515543";"1240726";"1240726"
"SCRIPT_API";"dw.catalog.Category#getDefaultSortingRule()";"4";"264616";"264616";"0";"0"
"SCRIPT_API";"dw.catalog.Category#getDisplayName()";"16";"334189";"334189";"0";"0"
"SCRIPT_API";"dw.catalog.Category#getID()";"32";"39677";"39677";"1656";"1656"
"SCRIPT_API";"dw.catalog.Category#getImage()";"2";"6993";"6993";"167";"167"
"SCRIPT_API";"dw.catalog.Category#getOnlineSubCategories()";"21";"16294337";"16294337";"12930367";"12930367"
"SCRIPT_API";"dw.catalog.Category#getPageDescription()";"2";"22215";"22215";"0";"0"
"SCRIPT_API";"dw.catalog.Category#getPageKeywords()";"2";"20971";"20971";"0";"0"
"SCRIPT_API";"dw.catalog.Category#getPageTitle()";"2";"32781";"32781";"0";"0"
"SCRIPT_API";"dw.catalog.Category#getTemplate()";"1";"3936";"3936";"8";"8"
"SCRIPT_API";"dw.catalog.Category#hasOnlineProducts()";"56";"62015032";"62015032";"55061711";"55061711"
"SCRIPT_API";"dw.catalog.Category#hasOnlineSubCategories()";"49";"576132";"576132";"0";"0"
"SCRIPT_API";"dw.catalog.Category#isOnline()";"2";"15077";"15077";"0";"0"
"SCRIPT_API";"dw.catalog.PriceBook#getID()";"134";"159380";"159380";"2277";"2277"
"SCRIPT_API";"dw.catalog.PriceBook#getParentPriceBook()";"115";"192757";"192757";"3522";"3522"
"SCRIPT_API";"dw.catalog.PriceBookMgr#getApplicablePriceBooks()";"4";"31202";"31202";"0";"0"
"SCRIPT_API";"dw.catalog.PriceBookMgr#setApplicablePriceBooks(dw.catalog.PriceBook[])";"8";"102898";"102898";"35";"35"
"SCRIPT_API";"dw.catalog.Product#getAttributeModel()";"2";"596727";"596727";"0";"0"
"SCRIPT_API";"dw.catalog.Product#getAvailabilityModel()";"362";"12387840";"12387840";"7225203";"7225203"
"SCRIPT_API";"dw.catalog.Product#getBrand()";"16";"25879";"25879";"654";"654"
"SCRIPT_API";"dw.catalog.Product#getID()";"255";"354006";"354006";"9294";"9294"
"SCRIPT_API";"dw.catalog.Product#getImages(String)";"109";"24287967";"24287967";"0";"0"
"SCRIPT_API";"dw.catalog.Product#getLongDescription()";"2";"70894";"70894";"0";"0"
"SCRIPT_API";"dw.catalog.Product#getMinOrderQuantity()";"164";"356639";"356639";"6157";"6157"
"SCRIPT_API";"dw.catalog.Product#getName()";"16";"326226";"326226";"0";"0"
"SCRIPT_API";"dw.catalog.Product#getOptionModel()";"85";"938903";"938903";"0";"0"
"SCRIPT_API";"dw.catalog.Product#getPageDescription()";"1";"15255";"15255";"44";"44"
"SCRIPT_API";"dw.catalog.Product#getPageKeywords()";"1";"11491";"11491";"0";"0"
"SCRIPT_API";"dw.catalog.Product#getPageMetaTags()";"2";"112683";"112683";"0";"0"
"SCRIPT_API";"dw.catalog.Product#getPageTitle()";"1";"27098";"27098";"102";"102"
"SCRIPT_API";"dw.catalog.Product#getPriceModel()";"96";"54025815";"54025815";"38495453";"38495453"
"SCRIPT_API";"dw.catalog.Product#getPriceModel(dw.catalog.ProductOptionModel)";"80";"8151682";"8151682";"1138498";"1138498"
"SCRIPT_API";"dw.catalog.Product#getPrimaryCategory()";"3";"53600";"53600";"1355";"1355"
"SCRIPT_API";"dw.catalog.Product#getShortDescription()";"2";"36003";"36003";"0";"0"
"SCRIPT_API";"dw.catalog.Product#getStepQuantity()";"2";"14937";"14937";"61";"61"
"SCRIPT_API";"dw.catalog.Product#getTemplate()";"1";"4236";"4236";"149";"149"
"SCRIPT_API";"dw.catalog.Product#getVariationModel()";"94";"3537521";"3537521";"0";"0"
"SCRIPT_API";"dw.catalog.Product#isBundle()";"2";"7636";"7636";"137";"137"
"SCRIPT_API";"dw.catalog.Product#isMaster()";"275";"327692";"327692";"14114";"14114"
"SCRIPT_API";"dw.catalog.Product#isOnline()";"48";"4625413";"4625413";"0";"0"
"SCRIPT_API";"dw.catalog.Product#isVariant()";"95";"136837";"136837";"2348";"2348"
"SCRIPT_API";"dw.catalog.Product#isVariationGroup()";"158";"166752";"166752";"2833";"2833"
"SCRIPT_API";"dw.catalog.ProductAttributeModel#getVisibleAttributeGroups()";"2";"48531";"48531";"343";"343"
"SCRIPT_API";"dw.catalog.ProductAvailabilityLevels#getBackorder()";"80";"92220";"92220";"1948";"1948"
"SCRIPT_API";"dw.catalog.ProductAvailabilityLevels#getInStock()";"160";"163395";"163395";"4321";"4321"
"SCRIPT_API";"dw.catalog.ProductAvailabilityLevels#getNotAvailable()";"126";"161150";"161150";"2881";"2881"
"SCRIPT_API";"dw.catalog.ProductAvailabilityLevels#getPreorder()";"80";"105406";"105406";"1907";"1907"
"SCRIPT_API";"dw.catalog.ProductAvailabilityModel#getAvailabilityLevels(Number)";"126";"6227749";"6227749";"0";"0"
"SCRIPT_API";"dw.catalog.ProductAvailabilityModel#getInventoryRecord()";"238";"295564";"295564";"4481";"4481"
"SCRIPT_API";"dw.catalog.ProductAvailabilityModel#isOrderable(Number)";"158";"2635094";"2635094";"0";"0"
"SCRIPT_API";"dw.catalog.ProductInventoryRecord#getATS()";"79";"1866371";"1866371";"0";"0"
"SCRIPT_API";"dw.catalog.ProductInventoryRecord#getInStockDate()";"79";"165455";"165455";"1334";"1334"
"SCRIPT_API";"dw.catalog.ProductInventoryRecord#isPerpetual()";"79";"103253";"103253";"1058";"1058"
"SCRIPT_API";"dw.catalog.ProductMgr#getProduct(String)";"112";"869748";"869748";"1900";"1900"
"SCRIPT_API";"dw.catalog.ProductOptionModel#getOptions()";"171";"472407";"472407";"2425";"2425"
"SCRIPT_API";"dw.catalog.ProductPriceInfo#getPriceBook()";"134";"201979";"201979";"2067";"2067"
"SCRIPT_API";"dw.catalog.ProductPriceModel#getPrice()";"160";"1108480";"1108480";"2736";"2736"
"SCRIPT_API";"dw.catalog.ProductPriceModel#getPrice(dw.value.Quantity)";"68";"2855466";"2855466";"0";"0"
"SCRIPT_API";"dw.catalog.ProductPriceModel#getPriceBookPrice(String)";"80";"13306768";"13306768";"9376920";"9376920"
"SCRIPT_API";"dw.catalog.ProductPriceModel#getPriceInfo()";"161";"2181377";"2181377";"347";"347"
"SCRIPT_API";"dw.catalog.ProductPriceModel#getPriceTable()";"80";"4534456";"4534456";"2200307";"2200307"
"SCRIPT_API";"dw.catalog.ProductPriceModel#isPriceRange()";"1";"2415454";"2415454";"1985042";"1985042"
"SCRIPT_API";"dw.catalog.ProductPriceTable#getQuantities()";"80";"354972";"354972";"1100";"1100"
"SCRIPT_API";"dw.catalog.ProductSearchHit#getDiscountedPromotionIDs()";"27";"1503290";"1503290";"0";"0"
"SCRIPT_API";"dw.catalog.ProductSearchHit#getFirstRepresentedProduct()";"27";"298229";"298229";"1890";"1890"
"SCRIPT_API";"dw.catalog.ProductSearchHit#getFirstRepresentedProductID()";"12";"38615";"38615";"242";"242"
"SCRIPT_API";"dw.catalog.ProductSearchHit#getMaxPrice()";"58";"139047";"139047";"0";"0"
"SCRIPT_API";"dw.catalog.ProductSearchHit#getMinPrice()";"58";"351794";"351794";"426";"426"
"SCRIPT_API";"dw.catalog.ProductSearchHit#getProduct()";"4";"30373";"30373";"10";"10"
"SCRIPT_API";"dw.catalog.ProductSearchHit#getProductID()";"102";"74169";"74169";"3100";"3100"
"SCRIPT_API";"dw.catalog.ProductSearchHit#getRepresentedVariationValues(Object)";"27";"1491534";"1491534";"0";"0"
"SCRIPT_API";"dw.catalog.ProductSearchModel#getCategory()";"22";"20452";"20452";"1104";"1104"
"SCRIPT_API";"dw.catalog.ProductSearchModel#getPageMetaTags()";"2";"62856";"62856";"146";"146"
"SCRIPT_API";"dw.catalog.ProductSearchModel#getProductSearchHit(dw.catalog.Product)";"31";"13993802";"13993802";"0";"0"
"SCRIPT_API";"dw.catalog.ProductSearchModel#getProductSearchHits()";"16";"1154138";"1154138";"0";"0"
"SCRIPT_API";"dw.catalog.ProductSearchModel#getRefinements()";"4";"173665";"173665";"0";"0"
"SCRIPT_API";"dw.catalog.ProductSearchModel#getSearchPhraseSuggestions()";"2";"13124";"13124";"22";"22"
"SCRIPT_API";"dw.catalog.ProductSearchModel#isCategorySearch()";"4";"5435";"5435";"79";"79"
"SCRIPT_API";"dw.catalog.ProductSearchModel#isPersonalizedSort()";"1";"3814";"3814";"45";"45"
"SCRIPT_API";"dw.catalog.ProductSearchModel#isRefinedCategorySearch()";"2";"6731";"6731";"41";"41"
"SCRIPT_API";"dw.catalog.ProductSearchModel#search()";"33";"69976981";"69976981";"38987736";"38987736"
"SCRIPT_API";"dw.catalog.ProductSearchModel#setCategoryID(String)";"2";"37176";"37176";"18726";"18726"
"SCRIPT_API";"dw.catalog.ProductSearchModel#setPriceMax(Number)";"2";"3704";"3704";"4";"4"
"SCRIPT_API";"dw.catalog.ProductSearchModel#setPriceMin(Number)";"2";"5186";"5186";"95";"95"
"SCRIPT_API";"dw.catalog.ProductSearchModel#setRecursiveCategorySearch(Boolean)";"2";"5984";"5984";"156";"156"
"SCRIPT_API";"dw.catalog.ProductSearchModel#urlSortingRule(String,dw.catalog.SortingRule)";"16";"157163";"157163";"0";"0"
"SCRIPT_API";"dw.catalog.ProductSearchModel()";"33";"12484719";"12484719";"8773410";"8773410"
"SCRIPT_API";"dw.catalog.ProductVariationAttribute#getAttributeID()";"508";"753977";"753977";"62532";"62532"
"SCRIPT_API";"dw.catalog.ProductVariationAttribute#getDisplayName()";"168";"5856900";"5856900";"0";"0"
"SCRIPT_API";"dw.catalog.ProductVariationAttribute#getID()";"345";"316843";"316843";"8209";"8209"
"SCRIPT_API";"dw.catalog.ProductVariationAttributeValue#equals(Object)";"333";"472039";"472039";"11551";"11551"
"SCRIPT_API";"dw.catalog.ProductVariationAttributeValue#getDescription()";"375";"1978321";"1978321";"0";"0"
"SCRIPT_API";"dw.catalog.ProductVariationAttributeValue#getDisplayValue()";"709";"6702063";"6702063";"274454";"274454"
"SCRIPT_API";"dw.catalog.ProductVariationAttributeValue#getID()";"380";"416542";"416542";"9316";"9316"
"SCRIPT_API";"dw.catalog.ProductVariationAttributeValue#getImage(String,Number)";"39";"3955841";"3955841";"0";"0"
"SCRIPT_API";"dw.catalog.ProductVariationAttributeValue#getImages(String)";"84";"8803818";"8803818";"0";"0"
"SCRIPT_API";"dw.catalog.ProductVariationAttributeValue#getValue()";"417";"1506415";"1506415";"0";"0"
"SCRIPT_API";"dw.catalog.ProductVariationModel#getAllValues(dw.catalog.ProductVariationAttribute)";"175";"1147789";"1147789";"1331";"1331"
"SCRIPT_API";"dw.catalog.ProductVariationModel#getImages(String)";"4";"900825";"900825";"0";"0"
"SCRIPT_API";"dw.catalog.ProductVariationModel#getMaster()";"84";"814833";"814833";"642360";"642360"
"SCRIPT_API";"dw.catalog.ProductVariationModel#getProductVariationAttributes()";"88";"432772";"432772";"5601";"5601"
"SCRIPT_API";"dw.catalog.ProductVariationModel#getSelectedValue(dw.catalog.ProductVariationAttribute)";"168";"2986793";"2986793";"0";"0"
"SCRIPT_API";"dw.catalog.ProductVariationModel#getSelectedVariant()";"86";"323984";"323984";"0";"0"
"SCRIPT_API";"dw.catalog.ProductVariationModel#getVariants()";"2";"43942";"43942";"0";"0"
"SCRIPT_API";"dw.catalog.ProductVariationModel#hasOrderableVariants(dw.catalog.ProductVariationAttribute,dw.catalog.ProductVariationAttributeValue)";"336";"20675045";"20675045";"0";"0"
"SCRIPT_API";"dw.catalog.ProductVariationModel#setSelectedAttributeValue(String,String)";"3";"20312";"20312";"59";"59"
"SCRIPT_API";"dw.catalog.ProductVariationModel#url(String,Object[])";"2";"37579";"37579";"0";"0"
"SCRIPT_API";"dw.catalog.ProductVariationModel#urlSelectVariationValue(String,dw.catalog.ProductVariationAttribute,dw.catalog.ProductVariationAttributeValue)";"169";"5161603";"5161603";"0";"0"
"SCRIPT_API";"dw.catalog.ProductVariationModel#urlUnselectVariationValue(String,dw.catalog.ProductVariationAttribute)";"167";"8191699";"8191699";"0";"0"
"SCRIPT_API";"dw.catalog.SearchModel#getCount()";"37";"372648";"372648";"752";"752"
"SCRIPT_API";"dw.catalog.SearchModel#getSearchPhrase()";"2";"4437";"4437";"41";"41"
"SCRIPT_API";"dw.catalog.SearchModel#setSearchPhrase(String)";"31";"79798";"79798";"222";"222"
"SCRIPT_API";"dw.catalog.SearchModel#url(String)";"4";"32951";"32951";"0";"0"
"SCRIPT_API";"dw.catalog.SearchRefinements#getRefinementDefinitions()";"2";"21728";"21728";"0";"0"
"SCRIPT_API";"dw.catalog.SortingOption#getDisplayName()";"16";"167555";"167555";"0";"0"
"SCRIPT_API";"dw.catalog.SortingOption#getID()";"16";"17610";"17610";"149";"149"
"SCRIPT_API";"dw.catalog.SortingOption#getSortingRule()";"16";"74399";"74399";"63";"63"
"SCRIPT_API";"dw.catalog.SortingRule#getID()";"2";"6309";"6309";"9";"9"
"SCRIPT_API";"dw.catalog.Variant#getBrand()";"95";"379395";"379395";"550";"550"
"SCRIPT_API";"dw.catalog.Variant#getLongDescription()";"2";"78801";"78801";"0";"0"
"SCRIPT_API";"dw.catalog.Variant#getMasterProduct()";"1";"4349";"4349";"33";"33"
"SCRIPT_API";"dw.catalog.Variant#getName()";"95";"3584594";"3584594";"0";"0"
"SCRIPT_API";"dw.catalog.Variant#getPageDescription()";"1";"21842";"21842";"0";"0"
"SCRIPT_API";"dw.catalog.Variant#getPageKeywords()";"1";"16522";"16522";"0";"0"
"SCRIPT_API";"dw.catalog.Variant#getPageTitle()";"1";"36501";"36501";"0";"0"
"SCRIPT_API";"dw.catalog.Variant#getShortDescription()";"2";"45251";"45251";"0";"0"
"SCRIPT_API";"dw.catalog.Variant#getTemplate()";"1";"6941";"6941";"0";"0"
"SCRIPT_API";"dw.content.Content#getID()";"64";"128372";"128372";"1261";"1261"
"SCRIPT_API";"dw.content.Content#getName()";"64";"1043588";"1043588";"0";"0"
"SCRIPT_API";"dw.content.Content#getPageDescription()";"64";"620693";"620693";"9616";"9616"
"SCRIPT_API";"dw.content.Content#getPageKeywords()";"64";"578525";"578525";"0";"0"
"SCRIPT_API";"dw.content.Content#getPageMetaTags()";"64";"854996";"854996";"0";"0"
"SCRIPT_API";"dw.content.Content#getPageTitle()";"64";"639746";"639746";"0";"0"
"SCRIPT_API";"dw.content.Content#getTemplate()";"64";"80755";"80755";"1547";"1547"
"SCRIPT_API";"dw.content.Content#isOnline()";"83";"3289712";"3289712";"0";"0"
"SCRIPT_API";"dw.content.ContentMgr#getContent(String)";"95";"2329768";"2329768";"4554";"4554"
"SCRIPT_API";"dw.content.MarkupText#getMarkup()";"16";"219183";"219183";"574";"574"
"SCRIPT_API";"dw.content.MediaFile#getAbsURL()";"201";"2499734";"2499734";"0";"0"
"SCRIPT_API";"dw.content.MediaFile#getAlt()";"240";"285539";"285539";"7725";"7725"
"SCRIPT_API";"dw.content.MediaFile#getTitle()";"240";"265139";"265139";"6442";"6442"
"SCRIPT_API";"dw.content.MediaFile#getURL()";"240";"254861612";"254861612";"213420348";"213420348"
"SCRIPT_API";"dw.customer.AddressBook#getAddresses()";"433";"648120";"648120";"4939";"4939"
"SCRIPT_API";"dw.customer.AddressBook#getPreferredAddress()";"94";"649391";"649391";"91148";"91148"
"SCRIPT_API";"dw.customer.Customer#getActiveData()";"2";"58412";"58412";"0";"0"
"SCRIPT_API";"dw.customer.Customer#getAddressBook()";"561";"772676";"772676";"11095";"11095"
"SCRIPT_API";"dw.customer.Customer#getCDPData()";"2";"4355937";"4355937";"3699179";"3699179"
"SCRIPT_API";"dw.customer.Customer#getCustomerGroups()";"2";"214215";"214215";"0";"0"
"SCRIPT_API";"dw.customer.Customer#getExternalProfiles()";"8";"109915";"109915";"0";"0"
"SCRIPT_API";"dw.customer.Customer#getGlobalPartyID()";"2";"13828";"13828";"147";"147"
"SCRIPT_API";"dw.customer.Customer#getID()";"4";"11141";"11141";"147";"147"
"SCRIPT_API";"dw.customer.Customer#getNote()";"2";"9145";"9145";"0";"0"
"SCRIPT_API";"dw.customer.Customer#getOrderHistory()";"3";"9007";"9007";"82";"82"
"SCRIPT_API";"dw.customer.Customer#getProfile()";"712";"810685";"810685";"597";"597"
"SCRIPT_API";"dw.customer.Customer#isAnonymous()";"2";"5755";"5755";"131";"131"
"SCRIPT_API";"dw.customer.Customer#isAuthenticated()";"147";"475719";"475719";"5265";"5265"
"SCRIPT_API";"dw.customer.Customer#isExternallyAuthenticated()";"35";"208528";"208528";"532";"532"
"SCRIPT_API";"dw.customer.Customer#isRegistered()";"35";"105383";"105383";"954";"954"
"SCRIPT_API";"dw.customer.CustomerAddress#getAddress1()";"188";"996031";"996031";"572779";"572779"
"SCRIPT_API";"dw.customer.CustomerAddress#getAddress2()";"188";"265441";"265441";"1797";"1797"
"SCRIPT_API";"dw.customer.CustomerAddress#getCity()";"188";"256506";"256506";"0";"0"
"SCRIPT_API";"dw.customer.CustomerAddress#getCompanyName()";"188";"233719";"233719";"1406";"1406"
"SCRIPT_API";"dw.customer.CustomerAddress#getCountryCode()";"376";"4725741";"4725741";"0";"0"
"SCRIPT_API";"dw.customer.CustomerAddress#getFirstName()";"188";"275586";"275586";"1688";"1688"
"SCRIPT_API";"dw.customer.CustomerAddress#getID()";"207";"344132";"344132";"2990";"2990"
"SCRIPT_API";"dw.customer.CustomerAddress#getLastName()";"188";"251781";"251781";"1017";"1017"
"SCRIPT_API";"dw.customer.CustomerAddress#getPhone()";"188";"236538";"236538";"966";"966"
"SCRIPT_API";"dw.customer.CustomerAddress#getPostBox()";"188";"214202";"214202";"1023";"1023"
"SCRIPT_API";"dw.customer.CustomerAddress#getPostalCode()";"188";"248644";"248644";"1033";"1033"
"SCRIPT_API";"dw.customer.CustomerAddress#getSalutation()";"188";"228592";"228592";"849";"849"
"SCRIPT_API";"dw.customer.CustomerAddress#getSecondName()";"188";"243800";"243800";"752";"752"
"SCRIPT_API";"dw.customer.CustomerAddress#getStateCode()";"188";"227934";"227934";"1167";"1167"
"SCRIPT_API";"dw.customer.CustomerAddress#getSuffix()";"188";"243979";"243979";"429";"429"
"SCRIPT_API";"dw.customer.CustomerAddress#getSuite()";"188";"218286";"218286";"1331";"1331"
"SCRIPT_API";"dw.customer.CustomerAddress#getTitle()";"188";"196580";"196580";"596";"596"
"SCRIPT_API";"dw.customer.CustomerAddress#isEquivalentAddress(Object)";"19";"920332";"920332";"0";"0"
"SCRIPT_API";"dw.customer.CustomerMgr#logoutCustomer(Boolean)";"1";"2646997";"2646997";"1834121";"1834121"
"SCRIPT_API";"dw.customer.CustomerPaymentInstrument#getCreditCardNumber()";"94";"683974";"683974";"0";"0"
"SCRIPT_API";"dw.customer.OrderHistory#getOrderCount()";"1";"1329859";"1329859";"1098547";"1098547"
"SCRIPT_API";"dw.customer.Profile#getAddressBook()";"1";"5968";"5968";"25";"25"
"SCRIPT_API";"dw.customer.Profile#getBirthday()";"1";"3212";"3212";"43";"43"
"SCRIPT_API";"dw.customer.Profile#getCompanyName()";"1";"4936";"4936";"0";"0"
"SCRIPT_API";"dw.customer.Profile#getCredentials()";"1";"34171";"34171";"0";"0"
"SCRIPT_API";"dw.customer.Profile#getCustomer()";"2";"32618";"32618";"0";"0"
"SCRIPT_API";"dw.customer.Profile#getCustomerNo()";"95";"134987";"134987";"1034";"1034"
"SCRIPT_API";"dw.customer.Profile#getEmail()";"95";"163217";"163217";"1287";"1287"
"SCRIPT_API";"dw.customer.Profile#getFax()";"1";"6627";"6627";"26";"26"
"SCRIPT_API";"dw.customer.Profile#getFirstName()";"95";"189917";"189917";"931";"931"
"SCRIPT_API";"dw.customer.Profile#getGender()";"1";"196545";"196545";"0";"0"
"SCRIPT_API";"dw.customer.Profile#getJobTitle()";"1";"14149";"14149";"46";"46"
"SCRIPT_API";"dw.customer.Profile#getLastLoginTime()";"1";"3429";"3429";"21";"21"
"SCRIPT_API";"dw.customer.Profile#getLastName()";"95";"220345";"220345";"762";"762"
"SCRIPT_API";"dw.customer.Profile#getLastVisitTime()";"1";"3056";"3056";"62";"62"
"SCRIPT_API";"dw.customer.Profile#getNextBirthday()";"1";"15971";"15971";"53";"53"
"SCRIPT_API";"dw.customer.Profile#getPhoneBusiness()";"1";"3836";"3836";"81";"81"
"SCRIPT_API";"dw.customer.Profile#getPhoneHome()";"95";"211496";"211496";"363";"363"
"SCRIPT_API";"dw.customer.Profile#getPhoneMobile()";"1";"3669";"3669";"52";"52"
"SCRIPT_API";"dw.customer.Profile#getPreferredLocale()";"1";"13112";"13112";"0";"0"
"SCRIPT_API";"dw.customer.Profile#getPreviousLoginTime()";"1";"7121";"7121";"8";"8"
"SCRIPT_API";"dw.customer.Profile#getPreviousVisitTime()";"1";"28978";"28978";"13";"13"
"SCRIPT_API";"dw.customer.Profile#getSalutation()";"1";"3607";"3607";"26";"26"
"SCRIPT_API";"dw.customer.Profile#getSecondName()";"1";"5355";"5355";"22";"22"
"SCRIPT_API";"dw.customer.Profile#getSuffix()";"1";"3009";"3009";"20";"20"
"SCRIPT_API";"dw.customer.Profile#getTaxID()";"1";"30682";"30682";"0";"0"
"SCRIPT_API";"dw.customer.Profile#getTaxIDMasked()";"1";"15076";"15076";"9";"9"
"SCRIPT_API";"dw.customer.Profile#getTaxIDType()";"1";"5025";"5025";"19";"19"
"SCRIPT_API";"dw.customer.Profile#getTitle()";"1";"3248";"3248";"34";"34"
"SCRIPT_API";"dw.customer.Profile#getWallet()";"103";"316277";"316277";"130451";"130451"
"SCRIPT_API";"dw.customer.Profile#isFemale()";"1";"4716";"4716";"34";"34"
"SCRIPT_API";"dw.customer.Profile#isMale()";"1";"11325";"11325";"38";"38"
"SCRIPT_API";"dw.customer.Wallet#getPaymentInstruments()";"102";"5558513";"5558513";"3749567";"3749567"
"SCRIPT_API";"dw.experience.PageMgr#getPage(String)";"3";"117873";"117873";"0";"0"
"SCRIPT_API";"dw.experience.PageMgr#getPageByCategory(dw.catalog.Category,Boolean,String)";"2";"6191017";"6191017";"4050185";"4050185"
"SCRIPT_API";"dw.io.PrintWriter#print(String)";"43";"1493661";"1493661";"688485";"688485"
"SCRIPT_API";"dw.net.Mail#addTo(String)";"1";"3499";"3499";"30";"30"
"SCRIPT_API";"dw.net.Mail#send()";"1";"273133";"273133";"0";"0"
"SCRIPT_API";"dw.net.Mail#setContent(String,String,String)";"1";"5259";"5259";"6";"6"
"SCRIPT_API";"dw.net.Mail#setFrom(String)";"1";"1493";"1493";"103";"103"
"SCRIPT_API";"dw.net.Mail#setSubject(String)";"1";"2226";"2226";"39";"39"
"SCRIPT_API";"dw.net.Mail()";"1";"14190";"14190";"381";"381"
"SCRIPT_API";"dw.object.ExtensibleObject#getCustom()";"1161";"3601809";"3601809";"30960";"30960"
"SCRIPT_API";"dw.object.ObjectAttributeDefinition#getDisplayName()";"68";"1188978";"1188978";"0";"0"
"SCRIPT_API";"dw.object.ObjectAttributeDefinition#getUnit()";"34";"65357";"65357";"244";"244"
"SCRIPT_API";"dw.object.PersistentObject#getCreationDate()";"37";"168415";"168415";"1575";"1575"
"SCRIPT_API";"dw.object.PersistentObject#getLastModified()";"1";"2904";"2904";"30";"30"
"SCRIPT_API";"dw.object.PersistentObject#getUUID()";"747";"1236204";"1236204";"37741";"37741"
"SCRIPT_API";"dw.order.BasketMgr#getCurrentBasket()";"150";"39804955";"39804955";"23041771";"23041771"
"SCRIPT_API";"dw.order.BasketMgr#getCurrentOrNewBasket()";"2";"900295";"900295";"0";"0"
"SCRIPT_API";"dw.order.LineItem#getBasePrice()";"1";"5819";"5819";"0";"0"
"SCRIPT_API";"dw.order.LineItem#getGrossPrice()";"1";"2854";"2854";"13";"13"
"SCRIPT_API";"dw.order.LineItem#getLineItemText()";"136";"202723";"202723";"4676";"4676"
"SCRIPT_API";"dw.order.LineItem#getNetPrice()";"1";"3553";"3553";"0";"0"
"SCRIPT_API";"dw.order.LineItem#getTax()";"1";"2836";"2836";"7";"7"
"SCRIPT_API";"dw.order.LineItem#getTaxClassID()";"204";"243294";"243294";"5280";"5280"
"SCRIPT_API";"dw.order.LineItem#getTaxRate()";"136";"192080";"192080";"1532";"1532"
"SCRIPT_API";"dw.order.LineItem#updateTax(Number)";"68";"3412881";"3412881";"0";"0"
"SCRIPT_API";"dw.order.LineItemCtnr#createBillingAddress()";"1";"81562";"81562";"0";"0"
"SCRIPT_API";"dw.order.LineItemCtnr#createPaymentInstrument(String,dw.value.Money)";"9";"879387";"879387";"0";"0"
"SCRIPT_API";"dw.order.LineItemCtnr#createProductLineItem(dw.catalog.Product,dw.catalog.ProductOptionModel,dw.order.Shipment)";"1";"2949202";"2949202";"1094805";"1094805"
"SCRIPT_API";"dw.order.LineItemCtnr#getAdjustedMerchandizeTotalGrossPrice()";"1";"3007";"3007";"3";"3"
"SCRIPT_API";"dw.order.LineItemCtnr#getAdjustedMerchandizeTotalNetPrice()";"1";"6277";"6277";"0";"0"
"SCRIPT_API";"dw.order.LineItemCtnr#getAdjustedMerchandizeTotalPrice(Boolean)";"135";"1746873";"1746873";"0";"0"
"SCRIPT_API";"dw.order.LineItemCtnr#getAdjustedMerchandizeTotalTax()";"1";"3352";"3352";"10";"10"
"SCRIPT_API";"dw.order.LineItemCtnr#getAdjustedShippingTotalGrossPrice()";"1";"3549";"3549";"0";"0"
"SCRIPT_API";"dw.order.LineItemCtnr#getAdjustedShippingTotalNetPrice()";"1";"4776";"4776";"0";"0"
"SCRIPT_API";"dw.order.LineItemCtnr#getAdjustedShippingTotalPrice()";"47";"475753";"475753";"0";"0"
"SCRIPT_API";"dw.order.LineItemCtnr#getAdjustedShippingTotalTax()";"1";"17150";"17150";"0";"0"
"SCRIPT_API";"dw.order.LineItemCtnr#getAllLineItems()";"41";"531879";"531879";"1577";"1577"
"SCRIPT_API";"dw.order.LineItemCtnr#getAllProductLineItems()";"68";"457074";"457074";"0";"0"
"SCRIPT_API";"dw.order.LineItemCtnr#getAllShippingPriceAdjustments()";"41";"176511";"176511";"0";"0"
"SCRIPT_API";"dw.order.LineItemCtnr#getBillingAddress()";"148";"929793";"929793";"3186";"3186"
"SCRIPT_API";"dw.order.LineItemCtnr#getBonusDiscountLineItems()";"80";"517293";"517293";"1828";"1828"
"SCRIPT_API";"dw.order.LineItemCtnr#getBonusLineItems()";"12";"84840";"84840";"36";"36"
"SCRIPT_API";"dw.order.LineItemCtnr#getCouponLineItems()";"54";"401371";"401371";"975";"975"
"SCRIPT_API";"dw.order.LineItemCtnr#getCurrencyCode()";"12";"55432";"55432";"1054";"1054"
"SCRIPT_API";"dw.order.LineItemCtnr#getCustomer()";"32";"219295";"219295";"1314";"1314"
"SCRIPT_API";"dw.order.LineItemCtnr#getCustomerEmail()";"48";"238197";"238197";"1528";"1528"
"SCRIPT_API";"dw.order.LineItemCtnr#getDefaultShipment()";"51";"515906";"515906";"1882";"1882"
"SCRIPT_API";"dw.order.LineItemCtnr#getGiftCertificateLineItems()";"34";"229826";"229826";"430";"430"
"SCRIPT_API";"dw.order.LineItemCtnr#getMerchandizeTotalGrossPrice()";"1";"4285";"4285";"0";"0"
"SCRIPT_API";"dw.order.LineItemCtnr#getMerchandizeTotalNetPrice()";"1";"8404";"8404";"0";"0"
"SCRIPT_API";"dw.order.LineItemCtnr#getMerchandizeTotalPrice()";"19";"439647";"439647";"0";"0"
"SCRIPT_API";"dw.order.LineItemCtnr#getMerchandizeTotalTax()";"1";"5183";"5183";"12";"12"
"SCRIPT_API";"dw.order.LineItemCtnr#getPaymentInstruments()";"47";"559180";"559180";"0";"0"
"SCRIPT_API";"dw.order.LineItemCtnr#getPaymentInstruments(String)";"9";"321304";"321304";"0";"0"
"SCRIPT_API";"dw.order.LineItemCtnr#getPriceAdjustments()";"82";"445935";"445935";"0";"0"
"SCRIPT_API";"dw.order.LineItemCtnr#getProductLineItems()";"114";"1511073";"1511073";"9222";"9222"
"SCRIPT_API";"dw.order.LineItemCtnr#getProductQuantities()";"68";"1716139";"1716139";"9299";"9299"
"SCRIPT_API";"dw.order.LineItemCtnr#getProductQuantityTotal()";"74";"533569";"533569";"683";"683"
"SCRIPT_API";"dw.order.LineItemCtnr#getShipments()";"284";"1591681";"1591681";"5391";"5391"
"SCRIPT_API";"dw.order.LineItemCtnr#getShippingPriceAdjustments()";"34";"172888";"172888";"0";"0"
"SCRIPT_API";"dw.order.LineItemCtnr#getShippingTotalGrossPrice()";"1";"3472";"3472";"0";"0"
"SCRIPT_API";"dw.order.LineItemCtnr#getShippingTotalNetPrice()";"1";"5827";"5827";"0";"0"
"SCRIPT_API";"dw.order.LineItemCtnr#getShippingTotalPrice()";"88";"609448";"609448";"0";"0"
"SCRIPT_API";"dw.order.LineItemCtnr#getShippingTotalTax()";"1";"3114";"3114";"9";"9"
"SCRIPT_API";"dw.order.LineItemCtnr#getTotalGrossPrice()";"97";"484022";"484022";"1744";"1744"
"SCRIPT_API";"dw.order.LineItemCtnr#getTotalNetPrice()";"2";"11291";"11291";"185";"185"
"SCRIPT_API";"dw.order.LineItemCtnr#getTotalTax()";"42";"328500";"328500";"152";"152"
"SCRIPT_API";"dw.order.LineItemCtnr#removePaymentInstrument(dw.order.PaymentInstrument)";"7";"1150823";"1150823";"0";"0"
"SCRIPT_API";"dw.order.LineItemCtnr#setCustomerEmail(String)";"7";"137118";"137118";"192";"192"
"SCRIPT_API";"dw.order.LineItemCtnr#updateTotals()";"34";"1365219";"1365219";"0";"0"
"SCRIPT_API";"dw.order.Order#getCreatedBy()";"1";"5281";"5281";"20";"20"
"SCRIPT_API";"dw.order.Order#getOrderNo()";"4";"414829";"414829";"0";"0"
"SCRIPT_API";"dw.order.Order#getOrderToken()";"1";"43449";"43449";"10";"10"
"SCRIPT_API";"dw.order.Order#getStatus()";"2";"158009";"158009";"0";"0"
"SCRIPT_API";"dw.order.Order#setConfirmationStatus(Number)";"1";"19027";"19027";"72";"72"
"SCRIPT_API";"dw.order.Order#setExportStatus(Number)";"1";"106162";"106162";"0";"0"
"SCRIPT_API";"dw.order.OrderAddress#getAddress1()";"110";"288221";"288221";"3872";"3872"
"SCRIPT_API";"dw.order.OrderAddress#getAddress2()";"68";"179797";"179797";"747";"747"
"SCRIPT_API";"dw.order.OrderAddress#getCity()";"68";"139914";"139914";"729";"729"
"SCRIPT_API";"dw.order.OrderAddress#getCompanyName()";"67";"110476";"110476";"637";"637"
"SCRIPT_API";"dw.order.OrderAddress#getCountryCode()";"134";"2447684";"2447684";"157550";"157550"
"SCRIPT_API";"dw.order.OrderAddress#getFirstName()";"103";"291290";"291290";"905";"905"
"SCRIPT_API";"dw.order.OrderAddress#getFullName()";"9";"62910";"62910";"0";"0"
"SCRIPT_API";"dw.order.OrderAddress#getJobTitle()";"67";"193768";"193768";"615";"615"
"SCRIPT_API";"dw.order.OrderAddress#getLastName()";"68";"151928";"151928";"521";"521"
"SCRIPT_API";"dw.order.OrderAddress#getPhone()";"69";"151354";"151354";"2066";"2066"
"SCRIPT_API";"dw.order.OrderAddress#getPostBox()";"67";"148611";"148611";"464";"464"
"SCRIPT_API";"dw.order.OrderAddress#getPostalCode()";"68";"122130";"122130";"973";"973"
"SCRIPT_API";"dw.order.OrderAddress#getSalutation()";"67";"111232";"111232";"437";"437"
"SCRIPT_API";"dw.order.OrderAddress#getSecondName()";"67";"118588";"118588";"503";"503"
"SCRIPT_API";"dw.order.OrderAddress#getStateCode()";"68";"129706";"129706";"615";"615"
"SCRIPT_API";"dw.order.OrderAddress#getSuffix()";"67";"125697";"125697";"409";"409"
"SCRIPT_API";"dw.order.OrderAddress#getSuite()";"67";"148247";"148247";"438";"438"
"SCRIPT_API";"dw.order.OrderAddress#getTitle()";"67";"109410";"109410";"102";"102"
"SCRIPT_API";"dw.order.OrderAddress#isEquivalentAddress(Object)";"31";"386834";"386834";"0";"0"
"SCRIPT_API";"dw.order.OrderAddress#setAddress1(String)";"23";"83968";"83968";"140";"140"
"SCRIPT_API";"dw.order.OrderAddress#setAddress2(String)";"23";"66397";"66397";"112";"112"
"SCRIPT_API";"dw.order.OrderAddress#setCity(String)";"23";"59098";"59098";"375";"375"
"SCRIPT_API";"dw.order.OrderAddress#setCountryCode(String)";"23";"55374";"55374";"26";"26"
"SCRIPT_API";"dw.order.OrderAddress#setFirstName(String)";"23";"283166";"283166";"0";"0"
"SCRIPT_API";"dw.order.OrderAddress#setLastName(String)";"23";"55487";"55487";"352";"352"
"SCRIPT_API";"dw.order.OrderAddress#setPhone(String)";"23";"71355";"71355";"41";"41"
"SCRIPT_API";"dw.order.OrderAddress#setPostalCode(String)";"23";"55882";"55882";"265";"265"
"SCRIPT_API";"dw.order.OrderAddress#setStateCode(String)";"23";"57475";"57475";"356";"356"
"SCRIPT_API";"dw.order.OrderMgr#createOrder(dw.order.Basket)";"1";"20305335";"20305335";"13966930";"13966930"
"SCRIPT_API";"dw.order.OrderMgr#getOrder(String,String)";"1";"132633";"132633";"0";"0"
"SCRIPT_API";"dw.order.OrderMgr#placeOrder(dw.order.Order)";"1";"291709956";"291709956";"279896675";"279896675"
"SCRIPT_API";"dw.order.OrderPaymentInstrument#getPaymentTransaction()";"36";"505449";"505449";"0";"0"
"SCRIPT_API";"dw.order.PaymentCard#getCardType()";"140";"165343";"165343";"4956";"4956"
"SCRIPT_API";"dw.order.PaymentCard#getName()";"140";"2650065";"2650065";"467853";"467853"
"SCRIPT_API";"dw.order.PaymentCard#verify(Number,Number,String,String)";"1";"48389";"48389";"0";"0"
"SCRIPT_API";"dw.order.PaymentInstrument#getCreditCardExpirationMonth()";"118";"313754";"313754";"834";"834"
"SCRIPT_API";"dw.order.PaymentInstrument#getCreditCardExpirationYear()";"118";"266213";"266213";"1040";"1040"
"SCRIPT_API";"dw.order.PaymentInstrument#getCreditCardHolder()";"118";"388773";"388773";"2007";"2007"
"SCRIPT_API";"dw.order.PaymentInstrument#getCreditCardNumberLastDigits()";"24";"4831561";"4831561";"1123652";"1123652"
"SCRIPT_API";"dw.order.PaymentInstrument#getCreditCardToken()";"8";"62669";"62669";"0";"0"
"SCRIPT_API";"dw.order.PaymentInstrument#getCreditCardType()";"119";"279392";"279392";"1147";"1147"
"SCRIPT_API";"dw.order.PaymentInstrument#getMaskedCreditCardNumber()";"118";"3486573";"3486573";"0";"0"
"SCRIPT_API";"dw.order.PaymentInstrument#getPaymentMethod()";"52";"118705";"118705";"1248";"1248"
"SCRIPT_API";"dw.order.PaymentInstrument#setCreditCardExpirationMonth(Number)";"9";"56562";"56562";"0";"0"
"SCRIPT_API";"dw.order.PaymentInstrument#setCreditCardExpirationYear(Number)";"9";"40395";"40395";"0";"0"
"SCRIPT_API";"dw.order.PaymentInstrument#setCreditCardHolder(String)";"9";"128745";"128745";"0";"0"
"SCRIPT_API";"dw.order.PaymentInstrument#setCreditCardNumber(String)";"9";"1542725";"1542725";"19864";"19864"
"SCRIPT_API";"dw.order.PaymentInstrument#setCreditCardToken(String)";"9";"494663";"494663";"0";"0"
"SCRIPT_API";"dw.order.PaymentInstrument#setCreditCardType(String)";"9";"40978";"40978";"90";"90"
"SCRIPT_API";"dw.order.PaymentMethod#getApplicablePaymentCards(dw.customer.Customer,String,Number)";"45";"2702946";"2702946";"0";"0"
"SCRIPT_API";"dw.order.PaymentMethod#getID()";"35";"101771";"101771";"879";"879"
"SCRIPT_API";"dw.order.PaymentMethod#getName()";"35";"1286806";"1286806";"0";"0"
"SCRIPT_API";"dw.order.PaymentMethod#getPaymentProcessor()";"28";"452346";"452346";"0";"0"
"SCRIPT_API";"dw.order.PaymentMgr#getApplicablePaymentMethods(dw.customer.Customer,String,Number)";"36";"18821195";"18821195";"15073684";"15073684"
"SCRIPT_API";"dw.order.PaymentMgr#getPaymentCard(String)";"19";"598359";"598359";"3977";"3977"
"SCRIPT_API";"dw.order.PaymentMgr#getPaymentMethod(String)";"74";"784679";"784679";"107";"107"
"SCRIPT_API";"dw.order.PaymentProcessor#getID()";"56";"133932";"133932";"965";"965"
"SCRIPT_API";"dw.order.PaymentTransaction#getAmount()";"24";"458164";"458164";"0";"0"
"SCRIPT_API";"dw.order.PaymentTransaction#setAmount(dw.value.Money)";"10";"786332";"786332";"67281";"67281"
"SCRIPT_API";"dw.order.PaymentTransaction#setPaymentProcessor(dw.order.PaymentProcessor)";"1";"11682";"11682";"0";"0"
"SCRIPT_API";"dw.order.PaymentTransaction#setTransactionID(String)";"1";"20178";"20178";"0";"0"
"SCRIPT_API";"dw.order.ProductLineItem#getAdjustedGrossPrice()";"1";"3035";"3035";"0";"0"
"SCRIPT_API";"dw.order.ProductLineItem#getAdjustedNetPrice()";"1";"5858";"5858";"3";"3"
"SCRIPT_API";"dw.order.ProductLineItem#getAdjustedPrice()";"82";"536930";"536930";"0";"0"
"SCRIPT_API";"dw.order.ProductLineItem#getAdjustedTax()";"1";"3784";"3784";"0";"0"
"SCRIPT_API";"dw.order.ProductLineItem#getManufacturerName()";"1";"2029";"2029";"12";"12"
"SCRIPT_API";"dw.order.ProductLineItem#getOptionProductLineItems()";"246";"1055842";"1055842";"0";"0"
"SCRIPT_API";"dw.order.ProductLineItem#getPriceAdjustments()";"171";"1102024";"1102024";"2626";"2626"
"SCRIPT_API";"dw.order.ProductLineItem#getProduct()";"604";"11778735";"11778735";"0";"0"
"SCRIPT_API";"dw.order.ProductLineItem#getProductID()";"1";"5002";"5002";"34";"34"
"SCRIPT_API";"dw.order.ProductLineItem#getProductInventoryListID()";"78";"191763";"191763";"1506";"1506"
"SCRIPT_API";"dw.order.ProductLineItem#getProductName()";"1";"2957";"2957";"16";"16"
"SCRIPT_API";"dw.order.ProductLineItem#getQuantity()";"166";"443170";"443170";"2814";"2814"
"SCRIPT_API";"dw.order.ProductLineItem#getQuantityValue()";"46";"308926";"308926";"600";"600"
"SCRIPT_API";"dw.order.ProductLineItem#getShipment()";"82";"337329";"337329";"3014";"3014"
"SCRIPT_API";"dw.order.ProductLineItem#isBonusProductLineItem()";"233";"413928";"413928";"6159";"6159"
"SCRIPT_API";"dw.order.ProductLineItem#isBundledProductLineItem()";"68";"123889";"123889";"1083";"1083"
"SCRIPT_API";"dw.order.ProductLineItem#isCatalogProduct()";"68";"290653";"290653";"663";"663"
"SCRIPT_API";"dw.order.ProductLineItem#isGift()";"82";"289733";"289733";"0";"0"
"SCRIPT_API";"dw.order.ProductLineItem#isOptionProductLineItem()";"68";"152616";"152616";"1080";"1080"
"SCRIPT_API";"dw.order.ProductLineItem#setPriceValue(Number)";"68";"1352873";"1352873";"0";"0"
"SCRIPT_API";"dw.order.ProductLineItem#setQuantityValue(Number)";"1";"11524";"11524";"0";"0"
"SCRIPT_API";"dw.order.Shipment#createShippingAddress()";"1";"98345";"98345";"0";"0"
"SCRIPT_API";"dw.order.Shipment#getAllLineItems()";"34";"478428";"478428";"41";"41"
"SCRIPT_API";"dw.order.Shipment#getGiftMessage()";"41";"82661";"82661";"708";"708"
"SCRIPT_API";"dw.order.Shipment#getProductLineItems()";"53";"425599";"425599";"0";"0"
"SCRIPT_API";"dw.order.Shipment#getShippingAddress()";"318";"1534978";"1534978";"275051";"275051"
"SCRIPT_API";"dw.order.Shipment#getShippingMethod()";"225";"1065811";"1065811";"2751";"2751"
"SCRIPT_API";"dw.order.Shipment#getShippingPriceAdjustments()";"7";"60214";"60214";"163";"163"
"SCRIPT_API";"dw.order.Shipment#isGift()";"41";"191256";"191256";"1601";"1601"
"SCRIPT_API";"dw.order.Shipment#setGift(Boolean)";"12";"57797";"57797";"202";"202"
"SCRIPT_API";"dw.order.Shipment#setGiftMessage(String)";"12";"27047";"27047";"148";"148"
"SCRIPT_API";"dw.order.Shipment#setShippingMethod(dw.order.ShippingMethod)";"14";"140111";"140111";"174";"174"
"SCRIPT_API";"dw.order.ShipmentShippingCost#getAmount()";"352";"296941";"296941";"10273";"10273"
"SCRIPT_API";"dw.order.ShipmentShippingModel#getApplicableShippingMethods()";"55";"33155442";"33155442";"18857790";"18857790"
"SCRIPT_API";"dw.order.ShipmentShippingModel#getShippingCost(dw.order.ShippingMethod)";"176";"14226387";"14226387";"0";"0"
"SCRIPT_API";"dw.order.ShippingLocation(dw.order.OrderAddress)";"29";"2303406";"2303406";"0";"0"
"SCRIPT_API";"dw.order.ShippingMethod#getDescription()";"176";"1617747";"1617747";"0";"0"
"SCRIPT_API";"dw.order.ShippingMethod#getDisplayName()";"176";"2665622";"2665622";"0";"0"
"SCRIPT_API";"dw.order.ShippingMethod#getID()";"544";"543978";"543978";"23368";"23368"
"SCRIPT_API";"dw.order.ShippingMethod#isDefaultMethod()";"176";"234523";"234523";"12625";"12625"
"SCRIPT_API";"dw.order.ShippingMgr#applyShippingCost(dw.order.LineItemCtnr)";"34";"8402202";"8402202";"0";"0"
"SCRIPT_API";"dw.order.ShippingMgr#getDefaultShippingMethod()";"14";"443877";"443877";"0";"0"
"SCRIPT_API";"dw.order.ShippingMgr#getShipmentShippingModel(dw.order.Shipment)";"231";"307052";"307052";"10300";"10300"
"SCRIPT_API";"dw.order.TaxMgr#getCustomRateTaxClassID()";"68";"71788";"71788";"1679";"1679"
"SCRIPT_API";"dw.order.TaxMgr#getDefaultTaxJurisdictionID()";"5";"95491";"95491";"0";"0"
"SCRIPT_API";"dw.order.TaxMgr#getTaxJurisdictionID(dw.order.ShippingLocation)";"29";"874934";"874934";"0";"0"
"SCRIPT_API";"dw.order.TaxMgr#getTaxRate(String,String)";"68";"927602";"927602";"0";"0"
"SCRIPT_API";"dw.system.HookMgr#callHook(String,String,Object[])";"166";"495815870";"7127552";"175268915";"0"
"SCRIPT_API";"dw.system.HookMgr#hasHook(String)";"1264";"8190290";"8190290";"81173";"81173"
"SCRIPT_API";"dw.system.Logger#debug(String,Object[])";"136";"1236999";"1236999";"0";"0"
"SCRIPT_API";"dw.system.Logger#warn(String,Object[])";"7";"4354632";"4354632";"2499258";"2499258"
"SCRIPT_API";"dw.system.Request#getGeolocation()";"60";"154335";"154335";"0";"0"
"SCRIPT_API";"dw.system.Request#getHttpHeaders()";"1177";"21015076";"21015076";"0";"0"
"SCRIPT_API";"dw.system.Request#getHttpHost()";"1200";"1305624";"1305624";"38382";"38382"
"SCRIPT_API";"dw.system.Request#getHttpMethod()";"1177";"936020";"936020";"39438";"39438"
"SCRIPT_API";"dw.system.Request#getHttpParameterMap()";"56";"102185";"102185";"7356";"7356"
"SCRIPT_API";"dw.system.Request#getHttpPath()";"1177";"1778765";"1778765";"13883";"13883"
"SCRIPT_API";"dw.system.Request#getHttpQueryString()";"1649";"2020687";"2020687";"159109";"159109"
"SCRIPT_API";"dw.system.Request#getLocale()";"1582";"1588124";"1588124";"124357";"124357"
"SCRIPT_API";"dw.system.Request#getPageMetaData()";"24";"39297";"39297";"4234";"4234"
"SCRIPT_API";"dw.system.Request#getRequestID()";"27";"32284";"32284";"622";"622"
"SCRIPT_API";"dw.system.Request#isHttpSecure()";"1177";"1151466";"1151466";"29055";"29055"
"SCRIPT_API";"dw.system.Request#isIncludeRequest()";"2354";"1811627";"1811627";"58667";"58667"
"SCRIPT_API";"dw.system.Response#getWriter()";"43";"41617059";"41617059";"16315441";"16315441"
"SCRIPT_API";"dw.system.Response#redirect(dw.web.URL)";"1";"75939";"75939";"0";"0"
"SCRIPT_API";"dw.system.Response#setContentType(String)";"43";"286504";"286504";"7530";"7530"
"SCRIPT_API";"dw.system.Response#setExpires(Date)";"110";"378972";"378972";"17116";"17116"
"SCRIPT_API";"dw.system.Response#setHttpHeader(String,String)";"2354";"3282600";"3282600";"62821";"62821"
"SCRIPT_API";"dw.system.Response#setStatus(Number)";"10";"76159";"76159";"809";"809"
"SCRIPT_API";"dw.system.Response#setVaryBy(String)";"29";"45315";"45315";"556";"556"
"SCRIPT_API";"dw.system.Session#getClickStream()";"2";"9464";"9464";"53";"53"
"SCRIPT_API";"dw.system.Session#getCurrency()";"2502";"7112711";"7112711";"0";"0"
"SCRIPT_API";"dw.system.Session#getCustom()";"3";"14773";"14773";"0";"0"
"SCRIPT_API";"dw.system.Session#getForms()";"84";"300770";"300770";"27522";"27522"
"SCRIPT_API";"dw.system.Session#getPrivacy()";"209";"387529";"387529";"18485";"18485"
"SCRIPT_API";"dw.system.Session#setTrackingAllowed(Boolean)";"33";"331826";"331826";"249";"249"
"SCRIPT_API";"dw.system.Site#getAllowedLocales()";"14";"96817";"96817";"55";"55"
"SCRIPT_API";"dw.system.Site#getCalendar()";"2";"95491";"95491";"0";"0"
"SCRIPT_API";"dw.system.Site#getCurrent()";"30";"873359";"873359";"8634";"8634"
"SCRIPT_API";"dw.system.Site#getCustomPreferenceValue(String)";"1";"43003";"43003";"0";"0"
"SCRIPT_API";"dw.system.Site#getID()";"14";"25583";"25583";"477";"477"
"SCRIPT_API";"dw.system.Site#getPageMetaTags()";"3";"481311";"481311";"0";"0"
"SCRIPT_API";"dw.system.Site#getPreferences()";"12";"158232";"158232";"0";"0"
"SCRIPT_API";"dw.system.Status#isError()";"1";"6753";"6753";"28";"28"
"SCRIPT_API";"dw.system.Status(Number)";"102";"219768";"219768";"5233";"5233"
"SCRIPT_API";"dw.system.System#getInstanceType()";"42";"73095";"73095";"4453";"4453"
"SCRIPT_API";"dw.system.Transaction#begin()";"1";"9183";"9183";"57";"57"
"SCRIPT_API";"dw.system.Transaction#commit()";"1";"9800914";"9800914";"6714976";"6714976"
"SCRIPT_API";"dw.system.Transaction#wrap(Function)";"113";"502347363";"152899214";"240494079";"121067763"
"SCRIPT_API";"dw.template.ISML#renderTemplate(String,Object)";"183";"458145706";"23283358";"98454188";"563797"
"SCRIPT_API";"dw.util.ArrayList()";"27";"42811";"42811";"801";"801"
"SCRIPT_API";"dw.util.Calendar#getTime()";"2";"5132";"5132";"35";"35"
"SCRIPT_API";"dw.util.Calendar(Date)";"1";"7797";"7797";"91";"91"
"SCRIPT_API";"dw.util.Collection#contains(Object)";"11";"643942";"643942";"0";"0"
"SCRIPT_API";"dw.util.Collection#getLength()";"875";"1256861";"1256861";"21556";"21556"
"SCRIPT_API";"dw.util.Collection#isEmpty()";"68";"83868";"83868";"1311";"1311"
"SCRIPT_API";"dw.util.Collection#iterator()";"2091";"2725730";"2725730";"98862";"98862"
"SCRIPT_API";"dw.util.Collection#size()";"3";"11905";"11905";"0";"0"
"SCRIPT_API";"dw.util.Collection#toArray()";"1";"9964";"9964";"6";"6"
"SCRIPT_API";"dw.util.Currency#getCurrencyCode()";"1712";"998709";"998709";"38402";"38402"
"SCRIPT_API";"dw.util.Currency#getDefaultFractionDigits()";"1378";"892200";"892200";"23322";"23322"
"SCRIPT_API";"dw.util.Currency#getName()";"1378";"818633";"818633";"20818";"20818"
"SCRIPT_API";"dw.util.Currency#getSymbol()";"1378";"866399";"866399";"21187";"21187"
"SCRIPT_API";"dw.util.Decimal#get()";"108";"126218";"126218";"1918";"1918"
"SCRIPT_API";"dw.util.Decimal#toString()";"108";"149960";"149960";"1935";"1935"
"SCRIPT_API";"dw.util.Geolocation#getCountryCode()";"10";"382556";"382556";"0";"0"
"SCRIPT_API";"dw.util.Geolocation#getLatitude()";"10";"368043";"368043";"0";"0"
"SCRIPT_API";"dw.util.Geolocation#getLongitude()";"10";"173992";"173992";"0";"0"
"SCRIPT_API";"dw.util.HashMap()";"297";"520879";"520879";"13527";"13527"
"SCRIPT_API";"dw.util.Iterator#hasNext()";"4790";"4103744";"4103744";"146367";"146367"
"SCRIPT_API";"dw.util.Iterator#next()";"2844";"4959599";"4959599";"40059";"40059"
"SCRIPT_API";"dw.util.List#get(Number)";"2";"10300";"10300";"11";"11"
"SCRIPT_API";"dw.util.List#indexOf(Object)";"192";"166128";"166128";"5485";"5485"
"SCRIPT_API";"dw.util.List#size()";"23";"53939";"53939";"1038";"1038"
"SCRIPT_API";"dw.util.Locale#getCountry()";"49";"102347";"102347";"1539";"1539"
"SCRIPT_API";"dw.util.Locale#getDisplayCountry()";"14";"115466";"115466";"21";"21"
"SCRIPT_API";"dw.util.Locale#getDisplayLanguage()";"14";"22042";"22042";"155";"155"
"SCRIPT_API";"dw.util.Locale#getDisplayName()";"14";"214011";"214011";"0";"0"
"SCRIPT_API";"dw.util.Locale#getID()";"2116";"1386391";"1386391";"66607";"66607"
"SCRIPT_API";"dw.util.Locale#getLanguage()";"26";"41365";"41365";"418";"418"
"SCRIPT_API";"dw.util.Locale#getLocale(String)";"405";"1455649";"1455649";"2358";"2358"
"SCRIPT_API";"dw.util.Map#get(Object)";"146";"473852";"473852";"2966";"2966"
"SCRIPT_API";"dw.util.Map#keySet()";"68";"149786";"149786";"2371";"2371"
"SCRIPT_API";"dw.util.Map#put(Object,Object)";"294";"616654";"616654";"15839";"15839"
"SCRIPT_API";"dw.util.SecureEncoder#forHtmlInDoubleQuoteAttribute(String)";"154";"178766";"178766";"3713";"3713"
"SCRIPT_API";"dw.util.StringUtils#formatCalendar(dw.util.Calendar,String)";"1";"45956";"45956";"0";"0"
"SCRIPT_API";"dw.util.StringUtils#formatInteger(Number)";"5";"337865";"337865";"0";"0"
"SCRIPT_API";"dw.util.StringUtils#formatMoney(dw.value.Money)";"612";"7209606";"7209606";"0";"0"
"SCRIPT_API";"dw.util.StringUtils#formatNumber(Number,String,String)";"65";"897112";"897112";"861";"861"
"SCRIPT_API";"dw.util.Template#render(dw.util.Map)";"217";"91570802";"22840339";"8464956";"258545"
"SCRIPT_API";"dw.util.Template(String)";"217";"398484";"398484";"5723";"5723"
"SCRIPT_API";"dw.value.EnumValue#getDisplayValue()";"254";"229954";"229954";"5380";"5380"
"SCRIPT_API";"dw.value.EnumValue#getValue()";"255";"226676";"226676";"4681";"4681"
"SCRIPT_API";"dw.value.MimeEncodedText#getText()";"217";"281771";"281771";"5405";"5405"
"SCRIPT_API";"dw.value.Money#getCurrencyCode()";"284";"265960";"265960";"4712";"4712"
"SCRIPT_API";"dw.value.Money#getDecimalValue()";"216";"272128";"272128";"4924";"4924"
"SCRIPT_API";"dw.value.Money#getValue()";"673";"592283";"592283";"14762";"14762"
"SCRIPT_API";"dw.value.Money#getValueOrNull()";"255";"330493";"330493";"4029";"4029"
"SCRIPT_API";"dw.value.Money#isAvailable()";"669";"500630";"500630";"18494";"18494"
"SCRIPT_API";"dw.value.Money#subtract(dw.value.Money)";"82";"139410";"139410";"522";"522"
"SCRIPT_API";"dw.value.Money(Number,String)";"176";"450263";"450263";"4869";"4869"
"SCRIPT_API";"dw.value.Quantity#getValue()";"854";"723276";"723276";"418";"418"
"SCRIPT_API";"dw.web.CSRFProtection#generateToken()";"57";"2022353";"2022353";"0";"0"
"SCRIPT_API";"dw.web.CSRFProtection#getTokenName()";"57";"149314";"149314";"6599";"6599"
"SCRIPT_API";"dw.web.CSRFProtection#validateRequest()";"28";"1852923";"1852923";"5793";"5793"
"SCRIPT_API";"dw.web.ClickStream#getClicks()";"1";"4482";"4482";"16";"16"
"SCRIPT_API";"dw.web.ClickStream#isPartial()";"1";"3463";"3463";"7";"7"
"SCRIPT_API";"dw.web.ClickStreamEntry#getHost()";"4";"3662";"3662";"179";"179"
"SCRIPT_API";"dw.web.ClickStreamEntry#getLocale()";"4";"3162";"3162";"140";"140"
"SCRIPT_API";"dw.web.ClickStreamEntry#getPath()";"4";"4677";"4677";"41";"41"
"SCRIPT_API";"dw.web.ClickStreamEntry#getPipelineName()";"4";"4165";"4165";"23";"23"
"SCRIPT_API";"dw.web.ClickStreamEntry#getQueryString()";"4";"38609";"38609";"0";"0"
"SCRIPT_API";"dw.web.ClickStreamEntry#getReferer()";"4";"4013";"4013";"178";"178"
"SCRIPT_API";"dw.web.ClickStreamEntry#getRemoteAddress()";"4";"4936";"4936";"3";"3"
"SCRIPT_API";"dw.web.ClickStreamEntry#getTimestamp()";"4";"5660";"5660";"0";"0"
"SCRIPT_API";"dw.web.ClickStreamEntry#getUrl()";"4";"8013";"8013";"0";"0"
"SCRIPT_API";"dw.web.ClickStreamEntry#getUserAgent()";"4";"3986";"3986";"75";"75"
"SCRIPT_API";"dw.web.Form#getSecureKeyHtmlName()";"1";"131496";"131496";"0";"0"
"SCRIPT_API";"dw.web.Form#getSecureKeyValue()";"1";"71648";"71648";"0";"0"
"SCRIPT_API";"dw.web.FormAction#getDescription()";"188";"204144";"204144";"8007";"8007"
"SCRIPT_API";"dw.web.FormAction#getLabel()";"188";"181309";"181309";"3997";"3997"
"SCRIPT_API";"dw.web.FormAction#isSubmitted()";"188";"185980";"185980";"2221";"2221"
"SCRIPT_API";"dw.web.FormAction#isTriggered()";"188";"166113";"166113";"2914";"2914"
"SCRIPT_API";"dw.web.FormElement#clearFormElement()";"20";"243898";"243898";"411";"411"
"SCRIPT_API";"dw.web.FormElement#getDynamicHtmlName()";"1784";"3133642";"3133642";"37499";"37499"
"SCRIPT_API";"dw.web.FormElement#getFormId()";"2";"3821";"3821";"81";"81"
"SCRIPT_API";"dw.web.FormElement#getHtmlName()";"2480";"2295573";"2295573";"54409";"54409"
"SCRIPT_API";"dw.web.FormElement#getParent()";"2";"307602";"307602";"1563";"1563"
"SCRIPT_API";"dw.web.FormElement#getValidationResult()";"2";"545909";"545909";"0";"0"
"SCRIPT_API";"dw.web.FormElement#isValid()";"1784";"12270194";"12270194";"10073733";"10073733"
"SCRIPT_API";"dw.web.FormField#getDescription()";"1535";"1631536";"1631536";"35309";"35309"
"SCRIPT_API";"dw.web.FormField#getError()";"1485";"935339";"935339";"77011";"77011"
"SCRIPT_API";"dw.web.FormField#getHtmlValue()";"1769";"1367842";"1367842";"52434";"52434"
"SCRIPT_API";"dw.web.FormField#getLabel()";"2653";"2188542";"2188542";"25614";"25614"
"SCRIPT_API";"dw.web.FormField#getMaxLength()";"1163";"949152";"949152";"42804";"42804"
"SCRIPT_API";"dw.web.FormField#getMaxValue()";"57";"177760";"177760";"2077";"2077"
"SCRIPT_API";"dw.web.FormField#getMinLength()";"1163";"788141";"788141";"44830";"44830"
"SCRIPT_API";"dw.web.FormField#getMinValue()";"57";"87841";"87841";"1162";"1162"
"SCRIPT_API";"dw.web.FormField#getOptions()";"38457";"19176458";"19176458";"701107";"701107"
"SCRIPT_API";"dw.web.FormField#getRegEx()";"1163";"779929";"779929";"32509";"32509"
"SCRIPT_API";"dw.web.FormField#getSelectedOption()";"322";"1629841";"1629841";"0";"0"
"SCRIPT_API";"dw.web.FormField#getSelectedOptionObject()";"1";"9663";"9663";"0";"0"
"SCRIPT_API";"dw.web.FormField#getType()";"3023";"1849985";"1849985";"119548";"119548"
"SCRIPT_API";"dw.web.FormField#getValue()";"296";"280946";"280946";"22095";"22095"
"SCRIPT_API";"dw.web.FormField#isChecked()";"217";"284122";"284122";"7860";"7860"
"SCRIPT_API";"dw.web.FormField#isMandatory()";"1651";"1088202";"1088202";"45336";"45336"
"SCRIPT_API";"dw.web.FormField#isSelected()";"217";"200355";"200355";"6814";"6814"
"SCRIPT_API";"dw.web.FormField#setValue(Object)";"26";"100406";"100406";"954";"954"
"SCRIPT_API";"dw.web.FormFieldOption#getHtmlValue()";"5000";"10251400";"10251400";"85968";"85968"
"SCRIPT_API";"dw.web.FormFieldOption#getLabel()";"10000";"7181422";"7181422";"169778";"169778"
"SCRIPT_API";"dw.web.FormFieldOption#getOptionId()";"5121";"2585272";"2585272";"141142";"141142"
"SCRIPT_API";"dw.web.FormFieldOption#getValue()";"5000";"2835512";"2835512";"112319";"112319"
"SCRIPT_API";"dw.web.FormFieldOption#isChecked()";"5000";"2822263";"2822263";"141337";"141337"
"SCRIPT_API";"dw.web.FormFieldOption#isSelected()";"5000";"2653585";"2653585";"122276";"122276"
"SCRIPT_API";"dw.web.FormFieldOptions#getOptionsCount()";"1828";"1121786";"1121786";"43528";"43528"
"SCRIPT_API";"dw.web.FormGroup#getChildCount()";"1";"11231";"11231";"0";"0"
"SCRIPT_API";"dw.web.FormGroup#getError()";"349";"468772";"468772";"5831";"5831"
"SCRIPT_API";"dw.web.FormGroup#getObject()";"1";"4543";"4543";"9";"9"
"SCRIPT_API";"dw.web.FormGroup#getSubmittedAction()";"1";"6093";"6093";"1";"1"
"SCRIPT_API";"dw.web.FormGroup#getTriggeredAction()";"1";"18642";"18642";"0";"0"
"SCRIPT_API";"dw.web.HttpParameter#getDoubleValue()";"4";"13291";"13291";"222";"222"
"SCRIPT_API";"dw.web.HttpParameter#getRawValue()";"1524";"815554";"815554";"42146";"42146"
"SCRIPT_API";"dw.web.HttpParameterMap#get(Object)";"834";"529442";"529442";"15320";"15320"
"SCRIPT_API";"dw.web.HttpParameterMap#getParameterNames()";"108";"96416";"96416";"3235";"3235"
"SCRIPT_API";"dw.web.LoopIterator#getCount()";"84";"83148";"83148";"6714";"6714"
"SCRIPT_API";"dw.web.LoopIterator#getIndex()";"106";"68597";"68597";"4542";"4542"
"SCRIPT_API";"dw.web.LoopIterator#isFirst()";"36";"87636";"87636";"0";"0"
"SCRIPT_API";"dw.web.LoopIterator#isLast()";"2";"3335";"3335";"140";"140"
"SCRIPT_API";"dw.web.PageMetaData#addPageMetaTags(Array)";"4";"58493";"58493";"145";"145"
"SCRIPT_API";"dw.web.PageMetaData#getDescription()";"32";"26185";"26185";"750";"750"
"SCRIPT_API";"dw.web.PageMetaData#getKeywords()";"32";"31182";"31182";"685";"685"
"SCRIPT_API";"dw.web.PageMetaData#getPageMetaTags()";"32";"108387";"108387";"176";"176"
"SCRIPT_API";"dw.web.PageMetaData#getTitle()";"32";"34042";"34042";"1148";"1148"
"SCRIPT_API";"dw.web.PageMetaTag#getContent()";"9";"12119";"12119";"339";"339"
"SCRIPT_API";"dw.web.PageMetaTag#getID()";"12";"17785";"17785";"325";"325"
"SCRIPT_API";"dw.web.PageMetaTag#isName()";"18";"24510";"24510";"608";"608"
"SCRIPT_API";"dw.web.PageMetaTag#isProperty()";"3";"11712";"11712";"135";"135"
"SCRIPT_API";"dw.web.PageMetaTag#isTitle()";"9";"21136";"21136";"191";"191"
"SCRIPT_API";"dw.web.PagingModel#appendPaging(dw.web.URL)";"2";"16082";"16082";"19";"19"
"SCRIPT_API";"dw.web.PagingModel#getCurrentPage()";"2";"4597";"4597";"129";"129"
"SCRIPT_API";"dw.web.PagingModel#getEnd()";"18";"14412";"14412";"570";"570"
"SCRIPT_API";"dw.web.PagingModel#getPageElements()";"2";"13091";"13091";"38";"38"
"SCRIPT_API";"dw.web.PagingModel#setPageSize(Number)";"4";"5909";"5909";"52";"52"
"SCRIPT_API";"dw.web.PagingModel#setStart(Number)";"6";"9387";"9387";"141";"141"
"SCRIPT_API";"dw.web.PagingModel(dw.util.Iterator,Number)";"4";"20533";"20533";"690";"690"
"SCRIPT_API";"dw.web.Resource#msg(String,String,String)";"8177";"233011930";"233011930";"42678011";"42678011"
"SCRIPT_API";"dw.web.Resource#msgf(String,String,String,Object[])";"149";"10103475";"10103475";"267076";"267076"
"SCRIPT_API";"dw.web.URL#append(String,String)";"1";"4422";"4422";"35";"35"
"SCRIPT_API";"dw.web.URL#relative()";"59";"138020";"138020";"678";"678"
"SCRIPT_API";"dw.web.URL#toString()";"640";"8250304";"8250304";"0";"0"
"SCRIPT_API";"dw.web.URLUtils#abs(String,String[])";"12";"38772";"38772";"489";"489"
"SCRIPT_API";"dw.web.URLUtils#https(String,String[])";"75";"486104";"486104";"6299";"6299"
"SCRIPT_API";"dw.web.URLUtils#staticURL(String)";"176";"134728011";"134728011";"111359657";"111359657"
"SCRIPT_API";"dw.web.URLUtils#url(String,String[])";"441";"1680151";"1680151";"26270";"26270"
"SCRIPT_API";"java.lang.Object#getClass()";"9";"30442";"30442";"1314";"1314"
"SCRIPT_CONTROLLER";"app_storefront_base/cartridge/controllers/Account.js#Header";"14";"101805453";"83988325";"33929476";"31868546"
"SCRIPT_CONTROLLER";"app_storefront_base/cartridge/controllers/Cart.js#AddProduct";"1";"44196452";"10954316";"13530455";"0"
"SCRIPT_CONTROLLER";"app_storefront_base/cartridge/controllers/Cart.js#MiniCart";"7";"45129439";"36877911";"207385";"150852"
"SCRIPT_CONTROLLER";"app_storefront_base/cartridge/controllers/Cart.js#MiniCartShow";"3";"210222819";"92844477";"35756409";"49063"
"SCRIPT_CONTROLLER";"app_storefront_base/cartridge/controllers/Cart.js#Show";"2";"91853330";"27005450";"17168393";"0"
"SCRIPT_CONTROLLER";"app_storefront_base/cartridge/controllers/Checkout.js#Begin";"5";"718112123";"327641610";"110684109";"21000294"
"SCRIPT_CONTROLLER";"app_storefront_base/cartridge/controllers/CheckoutServices.js#PlaceOrder";"9";"173032244298";"172591436018";"172826785336";"172468746251"
"SCRIPT_CONTROLLER";"app_storefront_base/cartridge/controllers/CheckoutServices.js#SubmitCustomer";"8";"37202167884";"37068430482";"37029401375";"36970090146"
"SCRIPT_CONTROLLER";"app_storefront_base/cartridge/controllers/CheckoutServices.js#SubmitPayment";"9";"723585933";"277462844";"182397085";"13945035"
"SCRIPT_CONTROLLER";"app_storefront_base/cartridge/controllers/CheckoutShippingServices.js#SubmitShipping";"12";"148551346982";"148165853977";"147986133643";"147856179313"
"SCRIPT_CONTROLLER";"app_storefront_base/cartridge/controllers/CheckoutShippingServices.js#UpdateShippingMethodsList";"1";"40942634";"20357842";"2789970";"0"
"SCRIPT_CONTROLLER";"app_storefront_base/cartridge/controllers/ConsentTracking.js#Check";"12";"35298061";"25419920";"3519";"0"
"SCRIPT_CONTROLLER";"app_storefront_base/cartridge/controllers/ConsentTracking.js#GetContent";"1";"3274608";"2553372";"581";"0"
"SCRIPT_CONTROLLER";"app_storefront_base/cartridge/controllers/ConsentTracking.js#SetConsent";"1";"3503885";"2472953";"409";"0"
"SCRIPT_CONTROLLER";"app_storefront_base/cartridge/controllers/Error.js#Start";"10";"44448973";"25695007";"3099543";"170651"
"SCRIPT_CONTROLLER";"app_storefront_base/cartridge/controllers/Home.js#Show";"3";"84519743";"20055265";"29628499";"302425"
"SCRIPT_CONTROLLER";"app_storefront_base/cartridge/controllers/Login.js#Logout";"1";"9760918";"6787009";"1835093";"0"
"SCRIPT_CONTROLLER";"app_storefront_base/cartridge/controllers/Order.js#Confirm";"1";"50461410";"19156526";"9945098";"100992"
"SCRIPT_CONTROLLER";"app_storefront_base/cartridge/controllers/Page.js#Include";"70";"204266214";"151316577";"3627092";"0"
"SCRIPT_CONTROLLER";"app_storefront_base/cartridge/controllers/Page.js#IncludeHeaderMenu";"7";"109429463";"21676498";"67999328";"0"
"SCRIPT_CONTROLLER";"app_storefront_base/cartridge/controllers/Page.js#Locale";"14";"39822402";"31715172";"3804";"0"
"SCRIPT_CONTROLLER";"app_storefront_base/cartridge/controllers/Product.js#ShowQuickView";"1";"34028560";"14565229";"8272124";"133835"
"SCRIPT_CONTROLLER";"app_storefront_base/cartridge/controllers/Product.js#Variation";"1";"26863760";"9170841";"10011400";"0"
"SCRIPT_CONTROLLER";"app_storefront_base/cartridge/controllers/ReportingEvent.js#MiniCart";"1";"2797935";"1864751";"206";"0"
"SCRIPT_CONTROLLER";"app_storefront_base/cartridge/controllers/ReportingEvent.js#Start";"14";"25567315";"21820851";"3802";"0"
"SCRIPT_CONTROLLER";"app_storefront_base/cartridge/controllers/Search.js#Refinebar";"1";"6042172";"3187003";"19124";"0"
"SCRIPT_CONTROLLER";"app_storefront_base/cartridge/controllers/Search.js#Show";"1";"112882616";"26594511";"37738103";"0"
"SCRIPT_CONTROLLER";"app_storefront_base/cartridge/controllers/Tile.js#Show";"27";"442001581";"184432001";"128444508";"1737010"
"SCRIPT_HOOK";"app_storefront_base/cartridge/scripts/hooks/cart/calculate.js#calculate";"34";"298577825";"26354731";"93791934";"571629"
"SCRIPT_HOOK";"app_storefront_base/cartridge/scripts/hooks/cart/calculate.js#calculateShipping";"34";"10442834";"1922263";"386";"23145"
"SCRIPT_HOOK";"app_storefront_base/cartridge/scripts/hooks/cart/calculate.js#calculateTax";"34";"37747871";"24864018";"380";"0"
"SCRIPT_HOOK";"app_storefront_base/cartridge/scripts/hooks/payment/processor/basic_credit#Authorize";"1";"4139612";"184477";"3670533";"0"
"SCRIPT_HOOK";"app_storefront_base/cartridge/scripts/hooks/payment/processor/basic_credit#Handle";"9";"105551195";"8181053";"77363215";"14790"
"SCRIPT_HOOK";"app_storefront_base/cartridge/scripts/hooks/payment/processor/basic_credit_form_processor#processForm";"9";"32006945";"24509873";"447113";"261041"
"SCRIPT_HOOK";"app_storefront_base/cartridge/scripts/hooks/payment/processor/basic_credit_form_processor#savePaymentInformation";"9";"222036";"216840";"0";"0"
"SF_PAGE";"/Sites-RefArch-Site/en_US/Account-Header";"14";"104071218";"2265765";"33937444";"7968"
"SF_PAGE";"/Sites-RefArch-Site/en_US/Cart-AddProduct";"1";"49506793";"5310341";"17787523";"4257068"
"SF_PAGE";"/Sites-RefArch-Site/en_US/Cart-MiniCart";"7";"46275498";"1146059";"212525";"5140"
"SF_PAGE";"/Sites-RefArch-Site/en_US/Cart-MiniCartShow";"3";"210856988";"634169";"35758807";"2398"
"SF_PAGE";"/Sites-RefArch-Site/en_US/Cart-Show";"2";"92321580";"468250";"17170064";"1671"
"SF_PAGE";"/Sites-RefArch-Site/en_US/Checkout-Begin";"5";"720342326";"2230203";"110687526";"3417"
"SF_PAGE";"/Sites-RefArch-Site/en_US/CheckoutServices-PlaceOrder";"9";"173134144969";"67111878";"172857960843";"28637424"
"SF_PAGE";"/Sites-RefArch-Site/en_US/CheckoutServices-SubmitCustomer";"8";"37226923360";"15095296";"37036546574";"6583739"
"SF_PAGE";"/Sites-RefArch-Site/en_US/CheckoutServices-SubmitPayment";"9";"781242056";"57656123";"226479442";"44082357"
"SF_PAGE";"/Sites-RefArch-Site/en_US/CheckoutShippingServices-SubmitShipping";"12";"148570540306";"19193324";"147996831279";"10697636"
"SF_PAGE";"/Sites-RefArch-Site/en_US/CheckoutShippingServices-UpdateShippingMethodsList";"1";"46071355";"5128721";"6860327";"4070357"
"SF_PAGE";"/Sites-RefArch-Site/en_US/ConsentTracking-Check";"12";"37103591";"1805530";"9592";"6073"
"SF_PAGE";"/Sites-RefArch-Site/en_US/ConsentTracking-GetContent";"1";"3462896";"188288";"1015";"434"
"SF_PAGE";"/Sites-RefArch-Site/en_US/ConsentTracking-SetConsent";"1";"3773438";"269553";"889";"480"
"SF_PAGE";"/Sites-RefArch-Site/en_US/Home-Show";"3";"85901660";"1381917";"29989353";"360854"
"SF_PAGE";"/Sites-RefArch-Site/en_US/Login-Logout";"1";"13989105";"4228187";"4851246";"3016153"
"SF_PAGE";"/Sites-RefArch-Site/en_US/Order-Confirm";"1";"51958583";"1497173";"9949332";"4234"
"SF_PAGE";"/Sites-RefArch-Site/en_US/Page-Include";"70";"214126490";"9860276";"3674409";"47317"
"SF_PAGE";"/Sites-RefArch-Site/en_US/Page-IncludeHeaderMenu";"7";"110418384";"988921";"68004356";"5028"
"SF_PAGE";"/Sites-RefArch-Site/en_US/Page-Locale";"14";"42111237";"2288835";"12607";"8803"
"SF_PAGE";"/Sites-RefArch-Site/en_US/Product-ShowQuickView";"1";"34269618";"241058";"8272771";"647"
"SF_PAGE";"/Sites-RefArch-Site/en_US/Product-Variation";"1";"27141419";"277659";"10011893";"493"
"SF_PAGE";"/Sites-RefArch-Site/en_US/ReportingEvent-MiniCart";"1";"2956077";"158142";"832";"626"
"SF_PAGE";"/Sites-RefArch-Site/en_US/ReportingEvent-Start";"14";"28042947";"2475632";"12093";"8291"
"SF_PAGE";"/Sites-RefArch-Site/en_US/Search-Refinebar";"1";"6156542";"114370";"19617";"493"
"SF_PAGE";"/Sites-RefArch-Site/en_US/Search-Show";"1";"113118004";"235388";"37739012";"909"
"SF_PAGE";"/Sites-RefArch-Site/en_US/Tile-Show";"27";"445754329";"3752748";"128463946";"19438"
"SF_PAGE";"/Sites-RefArch-Site/en_US/__SYSTEM__Slot-Render";"36";"113236393";"21663138";"57998418";"5305164"
"SF_PAGE";"/Sites-RefArch-Site/en_US/__SYSTEM__Slot-Request";"38";"171927318";"171927318";"125154489";"125154489"
"SF_PAGE";"/Sites-RefArch-Site/en_US/__SYSTEM__StorefrontToolkit-Start";"12";"10205469";"10205469";"7940";"7940"
