"Type";"Name";"Count";"TotalTime";"OwnTime";"TotalWaitTime";"OwnWaitTime"
"ONREQUEST";"/Sites-Mailchimp-Site/-/null-null";"5";"45044968";"45044968";"28868072";"28868072"
"ONREQUEST";"/Sites-RefArch-Site/-/null-null";"4";"98412982";"98412982";"78519708";"78519708"
"ONREQUEST";"/Sites-RefArchGlobal-Site/-/null-null";"1";"61369879";"61369879";"47070348";"47070348"
"PIPELINE_NODE";"bc_api:Assign";"13";"2950918";"2950918";"0";"0"
"SCRIPT_API";"dw.system.Request#getHttpHost()";"39";"99122";"99122";"698";"698"
"SCRIPT_API";"dw.system.Site#getCalendar()";"2";"1393721";"1393721";"1118066";"1118066"
"SCRIPT_API";"dw.util.Calendar#getTime()";"2";"5762";"5762";"10";"10"
"SCRIPT_API";"dw.util.List#size()";"43";"100679";"100679";"1707";"1707"
"SCRIPT_API";"dw.util.Map#containsKey(Object)";"30";"97094";"97094";"1829";"1829"
"SCRIPT_API";"dw.util.Map#get(Object)";"29";"158604";"158604";"362";"362"
"SCRIPT_API";"dw.util.Map#isEmpty()";"5";"29892";"29892";"202";"202"
"SCRIPT_API";"dw.util.Map#size()";"10";"28477";"28477";"530";"530"
"SCRIPT_API";"dw.web.CSRFProtection#generateToken()";"39";"1051334";"1051334";"0";"0"
"SCRIPT_API";"dw.web.CSRFProtection#getTokenName()";"39";"136997";"136997";"4404";"4404"
"SCRIPT_API";"dw.web.URL#appendCSRFTokenBM()";"12";"148229";"148229";"0";"0"
"SCRIPT_API";"dw.web.URL#toString()";"9";"192592";"192592";"0";"0"
"SCRIPT_API";"dw.web.URLAction(String,String)";"9";"154564";"154564";"0";"0"
"SCRIPT_API";"dw.web.URLUtils#https(dw.web.URLAction,dw.web.URLParameter[])";"9";"172047";"172047";"0";"0"
"SCRIPT_API";"dw.web.URLUtils#url(String,String[])";"3";"34564";"34564";"1209";"1209"
"SCRIPT_CONTROLLER";"app_storefront_base/cartridge/controllers/Default.js#Start";"10";"19392851";"19392851";"2613337";"2613337"
"SCRIPT_CONTROLLER";"app_storefront_base/cartridge/controllers/Error.js#Start";"10";"7486887";"7486887";"5526";"5526"
"SF_PAGE";"/Sites-Mailchimp-Site/-/null-null";"5";"41011447";"27328035";"3336431";"3334993"
"SF_PAGE";"/Sites-RefArch-Site/-/null-null";"4";"37357420";"26130670";"6506881";"3888874"
"SF_PAGE";"/Sites-RefArchGlobal-Site/-/null-null";"1";"15730927";"13761351";"6623076";"6623658"
