"Type";"Name";"Count";"TotalTime";"OwnTime";"TotalWaitTime";"OwnWaitTime"
"ONREQUEST";"/Sites-RefArch-Site/-/null-null";"2";"47955201";"47955201";"37409934";"37409934"
"SCRIPT_API";"dw.system.Request#getHttpHost()";"5";"19057";"19057";"98";"98"
"SCRIPT_API";"dw.util.List#size()";"5";"14039";"14039";"274";"274"
"SCRIPT_API";"dw.web.CSRFProtection#generateToken()";"5";"159507";"159507";"61";"61"
"SCRIPT_API";"dw.web.CSRFProtection#getTokenName()";"5";"19948";"19948";"611";"611"
"SCRIPT_CONTROLLER";"app_storefront_base/cartridge/controllers/Default.js#Start";"2";"7959887";"7959887";"1377643";"1377643"
"SCRIPT_CONTROLLER";"app_storefront_base/cartridge/controllers/Error.js#Start";"2";"6479693";"6479693";"717091";"717091"
"SF_PAGE";"/Sites-RefArch-Site/-/null-null";"2";"51914087";"37474507";"23380754";"21286020"
