"Type";"Name";"Count";"TotalTime";"OwnTime";"TotalWaitTime";"OwnWaitTime"
"ONREQUEST";"/Sites-Mailchimp-Site/-/null-null";"1";"3503564";"3503564";"423";"423"
"SCRIPT_API";"dw.system.Request#getHttpHost()";"4";"10665";"10665";"101";"101"
"SCRIPT_API";"dw.util.List#size()";"4";"9861";"9861";"139";"139"
"SCRIPT_API";"dw.web.CSRFProtection#generateToken()";"4";"98145";"98145";"76";"76"
"SCRIPT_API";"dw.web.CSRFProtection#getTokenName()";"4";"12965";"12965";"454";"454"
"SCRIPT_API";"dw.web.URL#appendCSRFTokenBM()";"1";"3569";"3569";"11";"11"
"SCRIPT_API";"dw.web.URL#toString()";"1";"19594";"19594";"0";"0"
"SCRIPT_API";"dw.web.URLAction(String,String)";"1";"15893";"15893";"0";"0"
"SCRIPT_API";"dw.web.URLUtils#https(dw.web.URLAction,dw.web.URLParameter[])";"1";"15654";"15654";"0";"0"
"SCRIPT_CONTROLLER";"app_storefront_base/cartridge/controllers/Default.js#Start";"1";"3328679";"3328679";"0";"0"
"SCRIPT_CONTROLLER";"app_storefront_base/cartridge/controllers/Error.js#Start";"1";"2470993";"2470993";"44";"44"
"SF_PAGE";"/Sites-Mailchimp-Site/-/null-null";"1";"10470330";"4670658";"0";"664"
