"Type";"Name";"Count";"TotalTime";"OwnTime";"TotalWaitTime";"OwnWaitTime"
"ISML";"app_storefront_base/default//common/consent";"1";"594686";"513469";"621";"353"
"ISML";"app_storefront_base/default//common/htmlHead";"4";"48996173";"15965889";"35165150";"10524226"
"ISML";"app_storefront_base/default//common/scripts";"8";"1160683";"868391";"0";"0"
"ISML";"app_storefront_base/default//components/content/contentAsset";"25";"2257658";"2087562";"1008947";"1009019"
"ISML";"app_storefront_base/default//components/content/offlineContent";"7";"288334";"288334";"1535";"1535"
"ISML";"app_storefront_base/default//components/footer/pageFooter";"4";"3398084";"1282451";"1234539";"225073"
"ISML";"app_storefront_base/default//components/header/countrySelector";"2";"365639";"365639";"1408";"1408"
"ISML";"app_storefront_base/default//components/header/menu";"1";"754042";"623371";"697";"0"
"ISML";"app_storefront_base/default//components/header/miniCart";"2";"2071387";"1914838";"1047865";"1046713"
"ISML";"app_storefront_base/default//components/header/mobileCountrySelector";"1";"132529";"132529";"585";"585"
"ISML";"app_storefront_base/default//components/header/pageHeader";"4";"23762718";"12318874";"17181981";"9167525"
"ISML";"app_storefront_base/default//components/header/skipNav";"4";"446576";"329796";"1917";"1743"
"ISML";"app_storefront_base/default//components/modules";"5";"106202";"106202";"1359";"1359"
"ISML";"app_storefront_base/default//components/schema";"4";"259643";"259643";"4213";"4213"
"ISML";"app_storefront_base/default//product/components/pricing/default";"5";"1072990";"962156";"223121";"221840"
"ISML";"app_storefront_base/default//product/components/pricing/formatted";"5";"110834";"110834";"1281";"1281"
"ISML";"app_storefront_base/default/account/header";"2";"5351107";"1995201";"1531458";"1046417"
"ISML";"app_storefront_base/default/account/mobileHeader";"1";"224303";"196645";"580";"321"
"ISML";"app_storefront_base/default/common/layout/page";"4";"91668542";"13667946";"60564680";"6978668"
"ISML";"app_storefront_base/default/components/content/contentAssetInc";"7";"28375856";"28375856";"24149492";"24149492"
"ISML";"app_storefront_base/default/components/header/menuItem";"1";"80880";"80880";"526";"526"
"ISML";"app_storefront_base/default/components/header/search";"8";"5621496";"5386941";"3914330";"3912175"
"ISML";"app_storefront_base/default/error";"2";"11436645";"966435";"1870970";"373"
"ISML";"app_storefront_base/default/home/homePage";"2";"98066403";"10512018";"65757625";"5211135"
"ISML";"app_storefront_base/default/product/components/pricing/main";"5";"1881315";"808325";"456554";"233433"
"ISML";"app_storefront_base/default/product/components/productRating";"5";"395951";"395951";"0";"0"
"ISML";"app_storefront_base/default/product/components/productTileImage";"5";"785772";"587633";"2419";"2850"
"ISML";"app_storefront_base/default/product/components/productTileName";"5";"751334";"751334";"300302";"300302"
"ISML";"app_storefront_base/default/product/components/productTileSwatch";"5";"3456357";"883643";"403";"0"
"ISML";"app_storefront_base/default/product/components/ratings";"5";"1289731";"893780";"261197";"261965"
"ISML";"app_storefront_base/default/product/gridTile";"5";"15930374";"2718313";"3057248";"726522"
"ISML";"app_storefront_base/default/product/productTile";"5";"13212061";"3777223";"2330726";"1093525"
"ISML";"app_storefront_base/default/product/productTileFooter";"5";"2560060";"1073813";"477523";"216278"
"ISML";"app_storefront_base/default/slots/content/contentAssetBody";"4";"54293344";"54225067";"40893932";"40893638"
"ISML";"app_storefront_base/default/slots/content/htmlSlotContainer";"1";"702847";"216551";"876";"20"
"ISML";"app_storefront_base/default/slots/htmlSlotContainer";"1";"486296";"464969";"856";"749"
"ISML";"app_storefront_base/default/slots/product/homePageProductSlot";"1";"1802607";"1659793";"801077";"799319"
"ONREQUEST";"/Sites-Mailchimp-Site/-/null-null";"1";"26612736";"26612736";"20980589";"20980589"
"ONREQUEST";"/Sites-Mailchimp-Site/default/__Analytics-Start";"2";"3607127";"3607127";"1396";"1396"
"ONREQUEST";"/Sites-Mailchimp-Site/default/__SYSTEM__StorefrontToolkit-Start";"1";"2260778";"2260778";"325";"325"
"ONREQUEST";"/Sites-RefArch-Site/-/null-null";"1";"34512971";"34512971";"28790611";"28790611"
"ONREQUEST";"/Sites-RefArch-Site/en_US/ConsentTracking-GetContent";"1";"547785";"547785";"247";"247"
"ONREQUEST";"/Sites-RefArch-Site/en_US/ConsentTracking-SetConsent";"1";"796800";"796800";"878";"878"
"ONREQUEST";"/Sites-RefArch-Site/en_US/__Analytics-Start";"2";"2952314";"2952314";"700";"700"
"ONREQUEST";"/Sites-RefArch-Site/en_US/__SYSTEM__StorefrontToolkit-Start";"1";"1498879";"1498879";"457";"457"
"PIPELINE_NODE";"bc_api:Assign";"2";"471214";"471214";"0";"0"
"REST_DATA";"v20.2/catalogs";"1";"907281829";"907281829";"594942608";"594942608"
"REST_DATA";"v20.2/catalogs/{catalog_id}/categories";"7";"1132062772";"1132062772";"853461948";"853461948"
"REST_DATA";"v20.2/catalogs/{catalog_id}/categories/{category_id}/category_product_assignment_search";"155";"107205236113";"107205236113";"55721817562";"55721817562"
"SCRIPT_API";"dw.campaign.Promotion#getID()";"4";"5570";"5570";"110";"110"
"SCRIPT_API";"dw.campaign.PromotionMgr#getActiveCustomerPromotions()";"1";"351524";"351524";"0";"0"
"SCRIPT_API";"dw.campaign.PromotionPlan#getProductPromotions()";"1";"1898661";"1898661";"1387363";"1387363"
"SCRIPT_API";"dw.campaign.SlotContent#getContent()";"6";"33166";"33166";"0";"0"
"SCRIPT_API";"dw.catalog.Catalog#getRoot()";"1";"21522";"21522";"0";"0"
"SCRIPT_API";"dw.catalog.CatalogMgr#getSiteCatalog()";"2";"41339";"41339";"2194";"2194"
"SCRIPT_API";"dw.catalog.Category#getDisplayName()";"2";"65577";"65577";"6";"6"
"SCRIPT_API";"dw.catalog.Category#getID()";"4";"6789";"6789";"255";"255"
"SCRIPT_API";"dw.catalog.Category#getOnlineSubCategories()";"3";"11367918";"11367918";"9426320";"9426320"
"SCRIPT_API";"dw.catalog.Category#hasOnlineProducts()";"8";"8908597";"8908597";"7816171";"7816171"
"SCRIPT_API";"dw.catalog.Category#hasOnlineSubCategories()";"7";"5691201";"5691201";"5110188";"5110188"
"SCRIPT_API";"dw.catalog.PriceBook#getID()";"10";"10623";"10623";"230";"230"
"SCRIPT_API";"dw.catalog.PriceBook#getParentPriceBook()";"7";"14403";"14403";"234";"234"
"SCRIPT_API";"dw.catalog.PriceBookMgr#getApplicablePriceBooks()";"1";"14898";"14898";"0";"0"
"SCRIPT_API";"dw.catalog.PriceBookMgr#setApplicablePriceBooks(dw.catalog.PriceBook[])";"2";"24340";"24340";"310";"310"
"SCRIPT_API";"dw.catalog.Product#getBrand()";"1";"3735";"3735";"223";"223"
"SCRIPT_API";"dw.catalog.Product#getID()";"20";"35558";"35558";"1962";"1962"
"SCRIPT_API";"dw.catalog.Product#getImages(String)";"5";"11777671";"11777671";"6493378";"6493378"
"SCRIPT_API";"dw.catalog.Product#getName()";"1";"44362";"44362";"0";"0"
"SCRIPT_API";"dw.catalog.Product#getPriceModel()";"5";"7885330";"7885330";"5542910";"5542910"
"SCRIPT_API";"dw.catalog.Product#isMaster()";"5";"12879";"12879";"397";"397"
"SCRIPT_API";"dw.catalog.Product#isVariant()";"4";"7503";"7503";"194";"194"
"SCRIPT_API";"dw.catalog.ProductMgr#getProduct(String)";"5";"142430";"142430";"125";"125"
"SCRIPT_API";"dw.catalog.ProductPriceInfo#getPriceBook()";"10";"13637";"13637";"215";"215"
"SCRIPT_API";"dw.catalog.ProductPriceModel#getPriceInfo()";"15";"8135109";"8135109";"6365920";"6365920"
"SCRIPT_API";"dw.catalog.ProductSearchHit#getDiscountedPromotionIDs()";"5";"585197";"585197";"0";"0"
"SCRIPT_API";"dw.catalog.ProductSearchHit#getFirstRepresentedProduct()";"5";"113406";"113406";"1317";"1317"
"SCRIPT_API";"dw.catalog.ProductSearchHit#getFirstRepresentedProductID()";"4";"11174";"11174";"153";"153"
"SCRIPT_API";"dw.catalog.ProductSearchHit#getMaxPrice()";"11";"36999";"36999";"115";"115"
"SCRIPT_API";"dw.catalog.ProductSearchHit#getMinPrice()";"11";"106141";"106141";"348";"348"
"SCRIPT_API";"dw.catalog.ProductSearchHit#getProduct()";"1";"12670";"12670";"20";"20"
"SCRIPT_API";"dw.catalog.ProductSearchHit#getProductID()";"18";"15300";"15300";"843";"843"
"SCRIPT_API";"dw.catalog.ProductSearchHit#getRepresentedVariationValues(Object)";"5";"719385";"719385";"0";"0"
"SCRIPT_API";"dw.catalog.ProductSearchModel#getProductSearchHit(dw.catalog.Product)";"6";"17429078";"17429078";"2321520";"2321520"
"SCRIPT_API";"dw.catalog.ProductSearchModel#getProductSearchHits()";"4";"52423";"52423";"92";"92"
"SCRIPT_API";"dw.catalog.ProductSearchModel#search()";"6";"34227241";"34227241";"9421123";"9421123"
"SCRIPT_API";"dw.catalog.ProductSearchModel()";"6";"7558334";"7558334";"6106278";"6106278"
"SCRIPT_API";"dw.catalog.ProductVariationAttributeValue#getDescription()";"9";"43243";"43243";"0";"0"
"SCRIPT_API";"dw.catalog.ProductVariationAttributeValue#getDisplayValue()";"9";"115687";"115687";"0";"0"
"SCRIPT_API";"dw.catalog.ProductVariationAttributeValue#getID()";"9";"18137";"18137";"599";"599"
"SCRIPT_API";"dw.catalog.ProductVariationAttributeValue#getImage(String,Number)";"9";"1576893";"1576893";"0";"0"
"SCRIPT_API";"dw.catalog.ProductVariationAttributeValue#getValue()";"18";"163467";"163467";"0";"0"
"SCRIPT_API";"dw.catalog.SearchModel#getCount()";"6";"153740";"153740";"190";"190"
"SCRIPT_API";"dw.catalog.SearchModel#setSearchPhrase(String)";"6";"21788";"21788";"110";"110"
"SCRIPT_API";"dw.catalog.Variant#getBrand()";"4";"60183";"60183";"161";"161"
"SCRIPT_API";"dw.catalog.Variant#getName()";"4";"16138240";"16138240";"14554477";"14554477"
"SCRIPT_API";"dw.content.Content#getID()";"7";"20230";"20230";"315";"315"
"SCRIPT_API";"dw.content.Content#getName()";"7";"1420973";"1420973";"1028170";"1028170"
"SCRIPT_API";"dw.content.Content#getPageDescription()";"7";"4522910";"4522910";"3968491";"3968491"
"SCRIPT_API";"dw.content.Content#getPageKeywords()";"7";"3565036";"3565036";"3083274";"3083274"
"SCRIPT_API";"dw.content.Content#getPageMetaTags()";"7";"11088755";"11088755";"10206829";"10206829"
"SCRIPT_API";"dw.content.Content#getPageTitle()";"7";"3729440";"3729440";"3169220";"3169220"
"SCRIPT_API";"dw.content.Content#getTemplate()";"7";"13356";"13356";"210";"210"
"SCRIPT_API";"dw.content.Content#isOnline()";"9";"553160";"553160";"0";"0"
"SCRIPT_API";"dw.content.ContentMgr#getContent(String)";"20";"29544856";"29544856";"26470215";"26470215"
"SCRIPT_API";"dw.content.MarkupText#getMarkup()";"1";"15227";"15227";"102";"102"
"SCRIPT_API";"dw.content.MediaFile#getAbsURL()";"5";"164394";"164394";"0";"0"
"SCRIPT_API";"dw.content.MediaFile#getAlt()";"14";"19521";"19521";"987";"987"
"SCRIPT_API";"dw.content.MediaFile#getTitle()";"14";"18433";"18433";"495";"495"
"SCRIPT_API";"dw.content.MediaFile#getURL()";"14";"23143011";"23143011";"17656963";"17656963"
"SCRIPT_API";"dw.customer.Customer#getProfile()";"3";"11232";"11232";"194";"194"
"SCRIPT_API";"dw.experience.PageMgr#getPage(String)";"2";"2538130";"2538130";"2255689";"2255689"
"SCRIPT_API";"dw.io.PrintWriter#print(String)";"1";"4523";"4523";"163";"163"
"SCRIPT_API";"dw.object.ExtensibleObject#getCustom()";"46";"1538042";"1538042";"1149126";"1149126"
"SCRIPT_API";"dw.object.PersistentObject#getUUID()";"12";"124375";"124375";"6209";"6209"
"SCRIPT_API";"dw.order.BasketMgr#getCurrentBasket()";"2";"200381";"200381";"936";"936"
"SCRIPT_API";"dw.system.HookMgr#callHook(String,String,Object[])";"12";"267097";"267097";"0";"0"
"SCRIPT_API";"dw.system.HookMgr#hasHook(String)";"188";"1844303";"1844303";"387513";"387513"
"SCRIPT_API";"dw.system.Logger#warn(String,Object[])";"7";"12548764";"12548764";"10160598";"10160598"
"SCRIPT_API";"dw.system.Request#getHttpHeaders()";"188";"3436029";"3436029";"0";"0"
"SCRIPT_API";"dw.system.Request#getHttpHost()";"194";"264368";"264368";"5934";"5934"
"SCRIPT_API";"dw.system.Request#getHttpMethod()";"188";"180816";"180816";"4860";"4860"
"SCRIPT_API";"dw.system.Request#getHttpPath()";"188";"333539";"333539";"0";"0"
"SCRIPT_API";"dw.system.Request#getHttpQueryString()";"276";"438830";"438830";"49578";"49578"
"SCRIPT_API";"dw.system.Request#getLocale()";"207";"261869";"261869";"34919";"34919"
"SCRIPT_API";"dw.system.Request#getPageMetaData()";"10";"23613";"23613";"2519";"2519"
"SCRIPT_API";"dw.system.Request#getRequestID()";"5";"14792";"14792";"121";"121"
"SCRIPT_API";"dw.system.Request#isHttpSecure()";"188";"211256";"211256";"7233";"7233"
"SCRIPT_API";"dw.system.Request#isIncludeRequest()";"376";"321414";"321414";"4027";"4027"
"SCRIPT_API";"dw.system.Response#getWriter()";"1";"667882";"667882";"0";"0"
"SCRIPT_API";"dw.system.Response#setContentType(String)";"1";"6332";"6332";"587";"587"
"SCRIPT_API";"dw.system.Response#setExpires(Date)";"21";"116801";"116801";"8799";"8799"
"SCRIPT_API";"dw.system.Response#setHttpHeader(String,String)";"376";"688801";"688801";"0";"0"
"SCRIPT_API";"dw.system.Response#setStatus(Number)";"2";"16030";"16030";"638";"638"
"SCRIPT_API";"dw.system.Response#setVaryBy(String)";"5";"11979";"11979";"73";"73"
"SCRIPT_API";"dw.system.Session#getCurrency()";"253";"1124172";"1124172";"62";"62"
"SCRIPT_API";"dw.system.Session#getPrivacy()";"20";"78096";"78096";"2488";"2488"
"SCRIPT_API";"dw.system.Session#setTrackingAllowed(Boolean)";"1";"92813";"92813";"44";"44"
"SCRIPT_API";"dw.system.Site#getAllowedLocales()";"3";"29709";"29709";"22";"22"
"SCRIPT_API";"dw.system.Site#getCurrent()";"9";"2977870";"2977870";"2293366";"2293366"
"SCRIPT_API";"dw.system.Site#getID()";"3";"7407";"7407";"55";"55"
"SCRIPT_API";"dw.system.Site#getPageMetaTags()";"2";"11076109";"11076109";"8391569";"8391569"
"SCRIPT_API";"dw.system.Site#getPreferences()";"4";"3073001";"3073001";"2728169";"2728169"
"SCRIPT_API";"dw.system.System#getInstanceType()";"10";"42211";"42211";"1834";"1834"
"SCRIPT_API";"dw.template.ISML#renderTemplate(String,Object)";"33";"176395911";"12804606";"102683822";"5263738"
"SCRIPT_API";"dw.util.ArrayList()";"5";"106179";"106179";"29070";"29070"
"SCRIPT_API";"dw.util.Collection#getLength()";"6";"32661";"32661";"140";"140"
"SCRIPT_API";"dw.util.Collection#iterator()";"14";"44080";"44080";"2510";"2510"
"SCRIPT_API";"dw.util.Currency#getCurrencyCode()";"211";"138890";"138890";"7582";"7582"
"SCRIPT_API";"dw.util.Currency#getDefaultFractionDigits()";"201";"139084";"139084";"4359";"4359"
"SCRIPT_API";"dw.util.Currency#getName()";"201";"129110";"129110";"3864";"3864"
"SCRIPT_API";"dw.util.Currency#getSymbol()";"201";"135241";"135241";"4017";"4017"
"SCRIPT_API";"dw.util.Decimal#get()";"5";"6437";"6437";"90";"90"
"SCRIPT_API";"dw.util.Decimal#toString()";"5";"6638";"6638";"186";"186"
"SCRIPT_API";"dw.util.HashMap()";"4";"20625";"20625";"206";"206"
"SCRIPT_API";"dw.util.Iterator#hasNext()";"36";"59059";"59059";"1837";"1837"
"SCRIPT_API";"dw.util.Iterator#next()";"31";"101714";"101714";"284";"284"
"SCRIPT_API";"dw.util.List#indexOf(Object)";"38";"42594";"42594";"1760";"1760"
"SCRIPT_API";"dw.util.List#size()";"6";"16474";"16474";"538";"538"
"SCRIPT_API";"dw.util.Locale#getCountry()";"3";"5359";"5359";"80";"80"
"SCRIPT_API";"dw.util.Locale#getDisplayCountry()";"3";"18084";"18084";"18";"18"
"SCRIPT_API";"dw.util.Locale#getDisplayLanguage()";"3";"5566";"5566";"67";"67"
"SCRIPT_API";"dw.util.Locale#getDisplayName()";"3";"45170";"45170";"0";"0"
"SCRIPT_API";"dw.util.Locale#getID()";"90";"62762";"62762";"2835";"2835"
"SCRIPT_API";"dw.util.Locale#getLanguage()";"7";"14833";"14833";"178";"178"
"SCRIPT_API";"dw.util.Locale#getLocale(String)";"19";"102582";"102582";"158";"158"
"SCRIPT_API";"dw.util.Map#get(Object)";"2";"8400";"8400";"35";"35"
"SCRIPT_API";"dw.util.StringUtils#formatMoney(dw.value.Money)";"5";"436785";"436785";"0";"0"
"SCRIPT_API";"dw.value.Money#getCurrencyCode()";"5";"6020";"6020";"52";"52"
"SCRIPT_API";"dw.value.Money#getDecimalValue()";"10";"15872";"15872";"304";"304"
"SCRIPT_API";"dw.value.Money#getValue()";"20";"16834";"16834";"524";"524"
"SCRIPT_API";"dw.value.Money#getValueOrNull()";"5";"8310";"8310";"76";"76"
"SCRIPT_API";"dw.value.Money#isAvailable()";"17";"15065";"15065";"560";"560"
"SCRIPT_API";"dw.web.CSRFProtection#generateToken()";"12";"462147";"462147";"0";"0"
"SCRIPT_API";"dw.web.CSRFProtection#getTokenName()";"12";"37438";"37438";"2152";"2152"
"SCRIPT_API";"dw.web.CSRFProtection#validateRequest()";"1";"64608";"64608";"332";"332"
"SCRIPT_API";"dw.web.LoopIterator#getCount()";"20";"27545";"27545";"3672";"3672"
"SCRIPT_API";"dw.web.PageMetaData#addPageMetaTags(Array)";"2";"38264";"38264";"100";"100"
"SCRIPT_API";"dw.web.PageMetaData#getDescription()";"12";"10703";"10703";"249";"249"
"SCRIPT_API";"dw.web.PageMetaData#getKeywords()";"12";"12164";"12164";"241";"241"
"SCRIPT_API";"dw.web.PageMetaData#getPageMetaTags()";"12";"43734";"43734";"0";"0"
"SCRIPT_API";"dw.web.PageMetaData#getTitle()";"12";"13455";"13455";"560";"560"
"SCRIPT_API";"dw.web.PageMetaTag#getContent()";"3";"3673";"3673";"132";"132"
"SCRIPT_API";"dw.web.PageMetaTag#getID()";"4";"5148";"5148";"93";"93"
"SCRIPT_API";"dw.web.PageMetaTag#isName()";"6";"10349";"10349";"135";"135"
"SCRIPT_API";"dw.web.PageMetaTag#isProperty()";"1";"2130";"2130";"62";"62"
"SCRIPT_API";"dw.web.PageMetaTag#isTitle()";"3";"6924";"6924";"121";"121"
"SCRIPT_API";"dw.web.Resource#msg(String,String,String)";"118";"12659871";"12659871";"760885";"760885"
"SCRIPT_API";"dw.web.Resource#msgf(String,String,String,Object[])";"24";"3147153";"3147153";"0";"0"
"SCRIPT_API";"dw.web.URL#appendCSRFTokenBM()";"2";"7520";"7520";"0";"0"
"SCRIPT_API";"dw.web.URL#relative()";"10";"26960";"26960";"157";"157"
"SCRIPT_API";"dw.web.URL#toString()";"46";"21549719";"21549719";"17984530";"17984530"
"SCRIPT_API";"dw.web.URLAction(String,String)";"2";"34067";"34067";"0";"0"
"SCRIPT_API";"dw.web.URLUtils#https(String,String[])";"5";"56991";"56991";"1709";"1709"
"SCRIPT_API";"dw.web.URLUtils#https(dw.web.URLAction,dw.web.URLParameter[])";"2";"29324";"29324";"0";"0"
"SCRIPT_API";"dw.web.URLUtils#staticURL(String)";"48";"29395917";"29395917";"24221314";"24221314"
"SCRIPT_API";"dw.web.URLUtils#url(String,String[])";"104";"592297";"592297";"3788";"3788"
"SCRIPT_CONTROLLER";"app_storefront_base/cartridge/controllers/Account.js#Header";"3";"28483667";"20259384";"2339506";"309559"
"SCRIPT_CONTROLLER";"app_storefront_base/cartridge/controllers/Cart.js#MiniCart";"2";"21341067";"17233484";"1424547";"0"
"SCRIPT_CONTROLLER";"app_storefront_base/cartridge/controllers/ConsentTracking.js#Check";"2";"13142666";"8624258";"2804897";"383368"
"SCRIPT_CONTROLLER";"app_storefront_base/cartridge/controllers/ConsentTracking.js#GetContent";"1";"8490737";"6361931";"3983866";"2753550"
"SCRIPT_CONTROLLER";"app_storefront_base/cartridge/controllers/ConsentTracking.js#SetConsent";"1";"4987807";"3870158";"124938";"120804"
"SCRIPT_CONTROLLER";"app_storefront_base/cartridge/controllers/Default.js#Start";"2";"202403894";"83950024";"110110789";"30219176"
"SCRIPT_CONTROLLER";"app_storefront_base/cartridge/controllers/Error.js#Start";"2";"19331335";"5998434";"2634146";"310665"
"SCRIPT_CONTROLLER";"app_storefront_base/cartridge/controllers/Page.js#Include";"13";"163042975";"68194088";"108877993";"31380351"
"SCRIPT_CONTROLLER";"app_storefront_base/cartridge/controllers/Page.js#IncludeHeaderMenu";"2";"47452708";"17602083";"29550706";"5257639"
"SCRIPT_CONTROLLER";"app_storefront_base/cartridge/controllers/Page.js#Locale";"3";"14217572";"11620754";"589108";"161679"
"SCRIPT_CONTROLLER";"app_storefront_base/cartridge/controllers/Tile.js#Show";"5";"305471764";"133182401";"92156565";"1461654"
"SF_PAGE";"/Sites-Mailchimp-Site/-/null-null";"1";"53858794";"472495";"37106517";"255"
"SF_PAGE";"/Sites-Mailchimp-Site/default/Account-Header";"1";"8740116";"484848";"1840521";"0"
"SF_PAGE";"/Sites-Mailchimp-Site/default/Cart-MiniCart";"1";"6900725";"342376";"1424100";"0"
"SF_PAGE";"/Sites-Mailchimp-Site/default/ConsentTracking-Check";"1";"21164382";"10548915";"3274779";"1714298"
"SF_PAGE";"/Sites-Mailchimp-Site/default/Page-Include";"6";"32952091";"2012491";"12783743";"0"
"SF_PAGE";"/Sites-Mailchimp-Site/default/Page-IncludeHeaderMenu";"1";"27150011";"8446744";"4719706";"1236801"
"SF_PAGE";"/Sites-Mailchimp-Site/default/Page-Locale";"1";"3868355";"420376";"417511";"233"
"SF_PAGE";"/Sites-Mailchimp-Site/default/__SYSTEM__Slot-Request";"6";"17485083";"17485083";"7385521";"7385521"
"SF_PAGE";"/Sites-Mailchimp-Site/default/__SYSTEM__StorefrontToolkit-Start";"1";"1189271";"1189271";"0";"0"
"SF_PAGE";"/Sites-RefArch-Site/-/null-null";"1";"149935602";"918007";"73005125";"598"
"SF_PAGE";"/Sites-RefArch-Site/en_US/Account-Header";"2";"20531477";"303078";"500133";"1419"
"SF_PAGE";"/Sites-RefArch-Site/en_US/Cart-MiniCart";"1";"14939354";"156636";"765";"679"
"SF_PAGE";"/Sites-RefArch-Site/en_US/ConsentTracking-Check";"1";"8963052";"236710";"1737559";"749"
"SF_PAGE";"/Sites-RefArch-Site/en_US/ConsentTracking-GetContent";"1";"8677125";"186388";"3984534";"668"
"SF_PAGE";"/Sites-RefArch-Site/en_US/ConsentTracking-SetConsent";"1";"5238413";"250606";"125374";"436"
"SF_PAGE";"/Sites-RefArch-Site/en_US/Page-Include";"7";"133484092";"1380717";"96097765";"4930"
"SF_PAGE";"/Sites-RefArch-Site/en_US/Page-IncludeHeaderMenu";"1";"42009623";"127990";"28210621";"1068"
"SF_PAGE";"/Sites-RefArch-Site/en_US/Page-Locale";"2";"11077957";"308364";"173656";"1826"
"SF_PAGE";"/Sites-RefArch-Site/en_US/Tile-Show";"5";"307264710";"1792946";"92158982";"2417"
"SF_PAGE";"/Sites-RefArch-Site/en_US/__SYSTEM__Slot-Render";"6";"87707878";"30909080";"65524771";"23828886"
"SF_PAGE";"/Sites-RefArch-Site/en_US/__SYSTEM__Slot-Request";"6";"153893465";"153893465";"138742343";"138742343"
"SF_PAGE";"/Sites-RefArch-Site/en_US/__SYSTEM__StorefrontToolkit-Start";"1";"1094477";"1094477";"336";"336"
