"Type";"Name";"Count";"TotalTime";"OwnTime";"TotalWaitTime";"OwnWaitTime"
"ISML";"app_storefront_base/default//account/login";"1";"15029331";"2136232";"4009810";"0"
"ISML";"app_storefront_base/default//common/consent";"51";"18756785";"15727110";"9612";"0"
"ISML";"app_storefront_base/default//common/htmlHead";"51";"371669619";"33018125";"270718955";"104551"
"ISML";"app_storefront_base/default//common/scripts";"102";"9714033";"7180552";"628378";"629290"
"ISML";"app_storefront_base/default//components/content/contentAsset";"298";"12114755";"11357168";"0";"0"
"ISML";"app_storefront_base/default//components/content/offlineContent";"29";"1026290";"1026290";"6109";"6109"
"ISML";"app_storefront_base/default//components/footer/pageFooter";"51";"22616446";"11530806";"17081";"12015"
"ISML";"app_storefront_base/default//components/header/countrySelector";"29";"3970009";"3970009";"5335";"5335"
"ISML";"app_storefront_base/default//components/header/menu";"29";"17438362";"13951054";"4582";"0"
"ISML";"app_storefront_base/default//components/header/miniCart";"29";"10916752";"9105158";"544124";"565808"
"ISML";"app_storefront_base/default//components/header/mobileCountrySelector";"29";"4097644";"4097644";"5816";"5816"
"ISML";"app_storefront_base/default//components/header/pageHeader";"29";"95323587";"15850484";"54726958";"0"
"ISML";"app_storefront_base/default//components/header/pageHeaderNomenu";"22";"55647176";"6206253";"37826304";"17281"
"ISML";"app_storefront_base/default//components/header/skipNav";"51";"4230423";"2707417";"8158";"5083"
"ISML";"app_storefront_base/default//components/modules";"65";"907121";"907121";"8415";"8415"
"ISML";"app_storefront_base/default//components/schema";"29";"1737050";"1737050";"24876";"24876"
"ISML";"app_storefront_base/default//product/components/pricing/default";"291";"30781003";"20870231";"580029";"32135"
"ISML";"app_storefront_base/default//product/components/pricing/formatted";"294";"4444603";"4444603";"18627";"18627"
"ISML";"app_storefront_base/default//product/components/pricing/main";"45";"5102110";"2029051";"39484";"36611"
"ISML";"app_storefront_base/default//product/components/pricing/tiered";"2";"77053722";"76179694";"18728";"16190"
"ISML";"app_storefront_base/default//reporting/reporting";"52";"1940910";"1940910";"4326";"4326"
"ISML";"app_storefront_base/default//reporting/reportingUrls";"3";"910642";"910642";"0";"0"
"ISML";"app_storefront_base/default//search/searchRefineBar";"3";"1971847";"745906";"958";"1262"
"ISML";"app_storefront_base/default/account/accountDashboard";"1";"27655192";"1269319";"14922447";"0"
"ISML";"app_storefront_base/default/account/addressBookCard";"1";"1284657";"1253516";"986296";"986042"
"ISML";"app_storefront_base/default/account/components/loginForm";"1";"3928090";"3856242";"3015802";"3015307"
"ISML";"app_storefront_base/default/account/components/navTabs";"1";"152355";"129688";"321";"64"
"ISML";"app_storefront_base/default/account/components/oauth";"1";"185124";"160721";"175";"25"
"ISML";"app_storefront_base/default/account/components/registerForm";"1";"2512672";"798917";"170";"0"
"ISML";"app_storefront_base/default/account/components/trackOrderForm";"1";"1621395";"1521199";"993667";"992955"
"ISML";"app_storefront_base/default/account/components/trackOrderFormBillingZipCode";"1";"62529";"53886";"193";"162"
"ISML";"app_storefront_base/default/account/dashboardProfileCards";"1";"7133085";"711174";"2971350";"0"
"ISML";"app_storefront_base/default/account/header";"29";"15650180";"9848311";"2156628";"1046890"
"ISML";"app_storefront_base/default/account/mobileHeader";"29";"8872738";"7583439";"5387";"0"
"ISML";"app_storefront_base/default/account/password/passwordResetForm";"1";"162929";"136523";"128";"0"
"ISML";"app_storefront_base/default/account/password/requestPasswordResetModal";"1";"400208";"228137";"206";"0"
"ISML";"app_storefront_base/default/account/passwordCard";"1";"1315381";"1278055";"988852";"988466"
"ISML";"app_storefront_base/default/account/paymentCard";"1";"2314799";"129690";"288";"1394"
"ISML";"app_storefront_base/default/account/profileCard";"1";"1507074";"1448193";"997214";"996416"
"ISML";"app_storefront_base/default/cart/cart";"9";"142661002";"15927250";"57264322";"0"
"ISML";"app_storefront_base/default/cart/cartApproachingDiscount";"9";"435542";"421126";"2603";"2225"
"ISML";"app_storefront_base/default/cart/cartCouponDisplay";"74";"6022011";"6022011";"8453";"8453"
"ISML";"app_storefront_base/default/cart/cartPromoCode";"9";"1305820";"1047582";"1683";"374"
"ISML";"app_storefront_base/default/cart/cartRemoveCouponModal";"9";"894752";"695531";"2387";"744"
"ISML";"app_storefront_base/default/cart/cartRemoveProductModal";"23";"1707687";"1218051";"2854";"852"
"ISML";"app_storefront_base/default/cart/cartShippingMethodSelection";"9";"1490553";"1412799";"1865";"1308"
"ISML";"app_storefront_base/default/cart/cartTotals";"9";"1631493";"1364724";"2166";"594"
"ISML";"app_storefront_base/default/cart/checkoutButtons";"23";"2233688";"1880482";"4286";"3452"
"ISML";"app_storefront_base/default/cart/productCard/cartProductCard";"9";"16227353";"6077228";"36621";"0"
"ISML";"app_storefront_base/default/cart/productCard/cartProductCardAvailability";"45";"1799953";"1799953";"3393";"3393"
"ISML";"app_storefront_base/default/cart/productCard/cartProductCardEdit";"9";"1272223";"1002079";"2312";"668"
"ISML";"app_storefront_base/default/cart/productCard/cartProductCardHeader";"9";"2326736";"1597858";"4173";"483"
"ISML";"app_storefront_base/default/cart/productCard/cartProductCardProductPrice";"9";"5747117";"1859076";"35332";"0"
"ISML";"app_storefront_base/default/checkout/addressSummary";"48";"2856112";"2856112";"920";"920"
"ISML";"app_storefront_base/default/checkout/billing/addressSelector";"22";"8598997";"5074622";"9761";"1639"
"ISML";"app_storefront_base/default/checkout/billing/addressSelectorShipping";"22";"3222730";"3088726";"6884";"6776"
"ISML";"app_storefront_base/default/checkout/billing/billing";"22";"140947311";"14045075";"33261957";"0"
"ISML";"app_storefront_base/default/checkout/billing/billingAddress";"22";"35466475";"31375734";"9372";"0"
"ISML";"app_storefront_base/default/checkout/billing/billingSummary";"23";"7894725";"5363297";"6510";"0"
"ISML";"app_storefront_base/default/checkout/billing/creditCardForm";"22";"18314956";"16942662";"3988";"0"
"ISML";"app_storefront_base/default/checkout/billing/paymentOptions";"22";"81462904";"6242503";"33254027";"0"
"ISML";"app_storefront_base/default/checkout/billing/paymentOptions/creditCardContent";"22";"25876211";"5830382";"4401";"0"
"ISML";"app_storefront_base/default/checkout/billing/paymentOptions/creditCardSummary";"1";"69676";"54527";"371";"352"
"ISML";"app_storefront_base/default/checkout/billing/paymentOptions/creditCardTab";"22";"42067500";"1537249";"33223512";"16784"
"ISML";"app_storefront_base/default/checkout/billing/paymentOptions/paymentOptionsContent";"22";"29506611";"3630400";"4592";"191"
"ISML";"app_storefront_base/default/checkout/billing/paymentOptions/paymentOptionsSummary";"23";"1119326";"1049650";"4802";"4431"
"ISML";"app_storefront_base/default/checkout/billing/paymentOptions/paymentOptionsTabs";"22";"45713790";"3646290";"33251045";"27533"
"ISML";"app_storefront_base/default/checkout/billing/storedPaymentInstruments";"10";"1984341";"1667372";"1545";"0"
"ISML";"app_storefront_base/default/checkout/cart/miniCart";"14";"36184443";"11323792";"11110";"0"
"ISML";"app_storefront_base/default/checkout/checkout";"22";"1810966609";"47455865";"272747049";"0"
"ISML";"app_storefront_base/default/checkout/confirmation/accountRegisteredEmail";"1";"663630";"620519";"178";"0"
"ISML";"app_storefront_base/default/checkout/confirmation/confirmation";"1";"18008794";"1206594";"8040444";"0"
"ISML";"app_storefront_base/default/checkout/confirmation/confirmationDetails";"1";"2798989";"669391";"659";"0"
"ISML";"app_storefront_base/default/checkout/confirmation/confirmationEmail";"1";"72902883";"2207937";"12049318";"0"
"ISML";"app_storefront_base/default/checkout/confirmation/confirmationOrderTotal";"1";"70249272";"70182968";"12048831";"12047278"
"ISML";"app_storefront_base/default/checkout/confirmation/confirmationPaymentInfo";"1";"136119";"119770";"419";"205"
"ISML";"app_storefront_base/default/checkout/confirmation/shippingTitle";"1";"59963";"46465";"653";"619"
"ISML";"app_storefront_base/default/checkout/customer/customer";"13";"12892498";"3451741";"3153";"0"
"ISML";"app_storefront_base/default/checkout/customer/customerCard";"13";"5312083";"4409992";"1626";"0"
"ISML";"app_storefront_base/default/checkout/customer/customerOAuthCard";"13";"3951886";"1634683";"3125";"2466"
"ISML";"app_storefront_base/default/checkout/customer/customerSummary";"22";"1725452";"1501436";"5760";"3937"
"ISML";"app_storefront_base/default/checkout/orderProductSummary";"23";"20983921";"4087140";"3708";"1687"
"ISML";"app_storefront_base/default/checkout/orderTotalSummary";"23";"4140981";"3370399";"4748";"1199"
"ISML";"app_storefront_base/default/checkout/productCard/productCard";"37";"36503597";"21427686";"14280";"0"
"ISML";"app_storefront_base/default/checkout/productCard/productCardProductName";"43";"804292";"804292";"5047";"5047"
"ISML";"app_storefront_base/default/checkout/productCard/productCardProductNameAndRemove";"14";"1404173";"1165795";"4230";"3793"
"ISML";"app_storefront_base/default/checkout/productCard/productCardProductPromotions";"23";"458971";"458971";"3415";"3415"
"ISML";"app_storefront_base/default/checkout/productCard/productCardProductRenderedTotalPrice";"128";"24871381";"19058673";"241529";"108127"
"ISML";"app_storefront_base/default/checkout/productCard/productCardProductTotalPrice";"174";"7058075";"7058075";"134632";"134632"
"ISML";"app_storefront_base/default/checkout/productCard/productCardQuantityDisplay";"23";"1621699";"1392121";"3642";"2741"
"ISML";"app_storefront_base/default/checkout/productCard/productCardQuantitySelector";"23";"6473218";"4444649";"10134";"0"
"ISML";"app_storefront_base/default/checkout/productCard/productShippingCard";"20";"4254947";"3788712";"39895";"36464"
"ISML";"app_storefront_base/default/checkout/shipping/giftMessageSummary";"59";"2375087";"1895484";"8275";"4561"
"ISML";"app_storefront_base/default/checkout/shipping/isGift";"40";"6829909";"5543983";"4138";"0"
"ISML";"app_storefront_base/default/checkout/shipping/multiShipCheckbox";"20";"703871";"703871";"4474";"4474"
"ISML";"app_storefront_base/default/checkout/shipping/multiShippingButtons";"36";"2973091";"2033187";"3413";"0"
"ISML";"app_storefront_base/default/checkout/shipping/selectedShippingMethod";"116";"3534813";"3534813";"8439";"8439"
"ISML";"app_storefront_base/default/checkout/shipping/shipmentCard";"40";"1191511992";"837620697";"83600074";"51982784"
"ISML";"app_storefront_base/default/checkout/shipping/shipmentSelector";"36";"91610748";"9793631";"1645775";"1429114"
"ISML";"app_storefront_base/default/checkout/shipping/shipmentSelectorOptions";"36";"80604483";"79992882";"211542";"207665"
"ISML";"app_storefront_base/default/checkout/shipping/shipping";"22";"1294517087";"97748921";"86008560";"2360569"
"ISML";"app_storefront_base/default/checkout/shipping/shippingAddress";"36";"140095406";"130775843";"10605267";"10526831"
"ISML";"app_storefront_base/default/checkout/shipping/shippingAddressTemplate";"22";"1388729";"994501";"4968";"2705"
"ISML";"app_storefront_base/default/checkout/shipping/shippingCard";"36";"93877824";"8742655";"17033330";"307377"
"ISML";"app_storefront_base/default/checkout/shipping/shippingCardShippingAddress";"32";"83304075";"83304075";"16717774";"16717774"
"ISML";"app_storefront_base/default/checkout/shipping/shippingMethod";"36";"17782498";"13955055";"2301572";"2288816"
"ISML";"app_storefront_base/default/checkout/shipping/shippingSummary";"23";"20494177";"9179306";"6161";"3598"
"ISML";"app_storefront_base/default/checkout/shipping/shippingTitle";"23";"1003176";"760392";"4824";"3566"
"ISML";"app_storefront_base/default/common/layout/checkout";"22";"251434716";"47496799";"153471767";"19650829"
"ISML";"app_storefront_base/default/common/layout/page";"29";"398220461";"41394825";"230058505";"0"
"ISML";"app_storefront_base/default/components/breadcrumbs/pageBreadcrumbs";"2";"343497";"336767";"1316";"793"
"ISML";"app_storefront_base/default/components/content/contentAssetInc";"270";"86963943";"86963943";"2606977";"2606977"
"ISML";"app_storefront_base/default/components/deleteButton";"18";"1199505";"942523";"4112";"4291"
"ISML";"app_storefront_base/default/components/header/menuItem";"29";"1899387";"1899387";"5291";"5291"
"ISML";"app_storefront_base/default/components/header/search";"58";"10734834";"9121996";"2298571";"2288374"
"ISML";"app_storefront_base/default/home/homePage";"14";"247119618";"14880486";"126172318";"492045"
"ISML";"app_storefront_base/default/product/components/addToCartGlobal";"3";"404941";"368959";"935";"95"
"ISML";"app_storefront_base/default/product/components/attributes";"3";"181325";"181325";"484";"484"
"ISML";"app_storefront_base/default/product/components/attributesPre";"3";"938536";"757211";"1429";"945"
"ISML";"app_storefront_base/default/product/components/availability";"6";"437677";"332250";"1406";"1047"
"ISML";"app_storefront_base/default/product/components/imageCarousel";"3";"865665";"761558";"1822";"0"
"ISML";"app_storefront_base/default/product/components/mainAttributes";"3";"152284";"152284";"508";"508"
"ISML";"app_storefront_base/default/product/components/options";"3";"288063";"288063";"811";"811"
"ISML";"app_storefront_base/default/product/components/pricing/ajaxMain";"133";"126725245";"26348209";"95946";"29153"
"ISML";"app_storefront_base/default/product/components/pricing/main";"242";"120010250";"15585102";"609047";"14762"
"ISML";"app_storefront_base/default/product/components/productRating";"106";"4598976";"4598976";"0";"0"
"ISML";"app_storefront_base/default/product/components/productTileImage";"106";"12952989";"9320431";"10077";"14230"
"ISML";"app_storefront_base/default/product/components/productTileName";"106";"2827447";"2827447";"6227";"6227"
"ISML";"app_storefront_base/default/product/components/productTileSwatch";"106";"16912164";"11414504";"7738";"0"
"ISML";"app_storefront_base/default/product/components/promotions";"6";"395890";"395890";"855";"855"
"ISML";"app_storefront_base/default/product/components/quantity";"6";"1250763";"1197500";"351";"0"
"ISML";"app_storefront_base/default/product/components/ratings";"106";"10481671";"5882695";"7681";"10819"
"ISML";"app_storefront_base/default/product/components/variationAttribute";"6";"1259609";"1149375";"1318";"0"
"ISML";"app_storefront_base/default/product/gridTile";"106";"119377919";"23664740";"559886";"0"
"ISML";"app_storefront_base/default/product/productTile";"106";"95713179";"24867970";"562412";"0"
"ISML";"app_storefront_base/default/product/productTileFooter";"106";"19010092";"5843135";"5925";"0"
"ISML";"app_storefront_base/default/product/quickView";"3";"9884666";"4802798";"1203";"0"
"ISML";"app_storefront_base/default/reporting/reportingUrls";"47";"5192300";"5192300";"0";"0"
"ISML";"app_storefront_base/default/search/components/productTiles";"3";"113799796";"113392018";"24962211";"24914972"
"ISML";"app_storefront_base/default/search/filterBar";"3";"557105";"476941";"1376";"1031"
"ISML";"app_storefront_base/default/search/productGrid";"3";"115210464";"1327895";"24962903";"577"
"ISML";"app_storefront_base/default/search/resultsCount";"6";"10524398";"3949551";"1104669";"1108459"
"ISML";"app_storefront_base/default/search/searchResults";"3";"178002087";"2450151";"53802857";"0"
"ISML";"app_storefront_base/default/search/searchResultsNoDecorator";"3";"129693387";"3133007";"26066698";"0"
"ISML";"app_storefront_base/default/search/sortOrderMenu";"3";"837826";"786086";"1404";"1390"
"ISML";"app_storefront_base/default/slots/content/contentAssetBody";"93";"382635577";"381186532";"247552515";"247570711"
"ISML";"app_storefront_base/default/slots/content/htmlSlotContainer";"51";"29815210";"6093717";"42414";"28925"
"ISML";"app_storefront_base/default/slots/htmlSlotContainer";"51";"23721493";"22657047";"13489";"10264"
"ISML";"app_storefront_base/default/slots/product/homePageProductSlot";"14";"12030934";"10352923";"13699";"0"
"ONREQUEST";"/Sites-RefArch-Site/-/null-null";"1";"34453950";"34453950";"28228000";"28228000"
"ONREQUEST";"/Sites-RefArch-Site/en_US/Account-Show";"1";"765599";"765599";"500";"500"
"ONREQUEST";"/Sites-RefArch-Site/en_US/Account-SubmitRegistration";"4";"49125832";"49125832";"33423649";"33423649"
"ONREQUEST";"/Sites-RefArch-Site/en_US/Cart-AddProduct";"3";"2425578";"2425578";"1630";"1630"
"ONREQUEST";"/Sites-RefArch-Site/en_US/Cart-MiniCartShow";"14";"13009027";"13009027";"5997";"5997"
"ONREQUEST";"/Sites-RefArch-Site/en_US/Cart-RemoveProductLineItem";"1";"2690009";"2690009";"1114";"1114"
"ONREQUEST";"/Sites-RefArch-Site/en_US/Cart-SelectShippingMethod";"1";"859776";"859776";"699";"699"
"ONREQUEST";"/Sites-RefArch-Site/en_US/Cart-Show";"9";"10952479";"10952479";"15106";"15106"
"ONREQUEST";"/Sites-RefArch-Site/en_US/Checkout-Begin";"25";"98617643";"98617643";"56015618";"56015618"
"ONREQUEST";"/Sites-RefArch-Site/en_US/CheckoutServices-PlaceOrder";"1";"788082";"788082";"450";"450"
"ONREQUEST";"/Sites-RefArch-Site/en_US/CheckoutServices-SubmitCustomer";"1";"983114";"983114";"691";"691"
"ONREQUEST";"/Sites-RefArch-Site/en_US/CheckoutServices-SubmitPayment";"1";"2587316";"2587316";"748";"748"
"ONREQUEST";"/Sites-RefArch-Site/en_US/CheckoutShippingServices-SelectShippingMethod";"3";"2636109";"2636109";"11152";"11152"
"ONREQUEST";"/Sites-RefArch-Site/en_US/CheckoutShippingServices-SubmitShipping";"6";"15960791";"15960791";"5391731";"5391731"
"ONREQUEST";"/Sites-RefArch-Site/en_US/CheckoutShippingServices-UpdateShippingMethodsList";"2";"1809369";"1809369";"3257";"3257"
"ONREQUEST";"/Sites-RefArch-Site/en_US/ConsentTracking-GetContent";"1";"634623";"634623";"130";"130"
"ONREQUEST";"/Sites-RefArch-Site/en_US/ConsentTracking-SetConsent";"1";"591759";"591759";"232";"232"
"ONREQUEST";"/Sites-RefArch-Site/en_US/Home-Show";"13";"80575621";"80575621";"42837447";"42837447"
"ONREQUEST";"/Sites-RefArch-Site/en_US/Login-Logout";"1";"631409";"631409";"438";"438"
"ONREQUEST";"/Sites-RefArch-Site/en_US/Login-Show";"1";"721196";"721196";"493";"493"
"ONREQUEST";"/Sites-RefArch-Site/en_US/Order-Confirm";"1";"668548";"668548";"81";"81"
"ONREQUEST";"/Sites-RefArch-Site/en_US/Product-ShowQuickView";"3";"4166386";"4166386";"2060";"2060"
"ONREQUEST";"/Sites-RefArch-Site/en_US/Product-Variation";"3";"2641354";"2641354";"1456";"1456"
"ONREQUEST";"/Sites-RefArch-Site/en_US/ReportingEvent-MiniCart";"3";"2224768";"2224768";"713";"713"
"ONREQUEST";"/Sites-RefArch-Site/en_US/Search-Show";"3";"30029638";"30029638";"23029065";"23029065"
"ONREQUEST";"/Sites-RefArch-Site/en_US/__Analytics-Start";"98";"129238649";"129238649";"16676273";"16676273"
"ONREQUEST";"/Sites-RefArch-Site/en_US/__SYSTEM__StorefrontToolkit-Start";"51";"42533596";"42533596";"61540";"61540"
"PIPELINE_NODE";"bc_api:Assign";"17";"5820923";"5813918";"0";"0"
"SCRIPT_API";"dw.campaign.DiscountPlan#getApproachingOrderDiscounts()";"28";"129304";"129304";"511";"511"
"SCRIPT_API";"dw.campaign.DiscountPlan#getApproachingShippingDiscounts(dw.order.Shipment)";"28";"189314";"189314";"0";"0"
"SCRIPT_API";"dw.campaign.Promotion#getID()";"68";"94410";"94410";"1524";"1524"
"SCRIPT_API";"dw.campaign.PromotionMgr#applyDiscounts(dw.order.LineItemCtnr)";"126";"275669933";"275669933";"71257509";"71257509"
"SCRIPT_API";"dw.campaign.PromotionMgr#getActiveCustomerPromotions()";"151";"22881453";"22881453";"0";"0"
"SCRIPT_API";"dw.campaign.PromotionMgr#getDiscounts(dw.order.LineItemCtnr)";"28";"33195989";"33195989";"0";"0"
"SCRIPT_API";"dw.campaign.PromotionPlan#getProductPromotions()";"17";"1788721";"1788721";"0";"0"
"SCRIPT_API";"dw.campaign.PromotionPlan#getProductPromotions(dw.catalog.Product)";"134";"58027130";"58027130";"25481647";"25481647"
"SCRIPT_API";"dw.campaign.SlotContent#getContent()";"158";"797367";"797367";"0";"0"
"SCRIPT_API";"dw.catalog.Catalog#getRoot()";"35";"560326";"560326";"0";"0"
"SCRIPT_API";"dw.catalog.CatalogMgr#getCategory(String)";"9";"2139916";"2139916";"1640826";"1640826"
"SCRIPT_API";"dw.catalog.CatalogMgr#getSiteCatalog()";"35";"673671";"673671";"20464";"20464"
"SCRIPT_API";"dw.catalog.CatalogMgr#getSortingOptions()";"6";"3911272";"3911272";"3038483";"3038483"
"SCRIPT_API";"dw.catalog.Category#getDefaultSortingRule()";"12";"811124";"811124";"0";"0"
"SCRIPT_API";"dw.catalog.Category#getDisplayName()";"64";"1476139";"1476139";"0";"0"
"SCRIPT_API";"dw.catalog.Category#getID()";"128";"158093";"158093";"5672";"5672"
"SCRIPT_API";"dw.catalog.Category#getImage()";"6";"25727";"25727";"604";"604"
"SCRIPT_API";"dw.catalog.Category#getOnlineSubCategories()";"87";"24188310";"24188310";"17304089";"17304089"
"SCRIPT_API";"dw.catalog.Category#getPageDescription()";"6";"70798";"70798";"0";"0"
"SCRIPT_API";"dw.catalog.Category#getPageKeywords()";"6";"65151";"65151";"0";"0"
"SCRIPT_API";"dw.catalog.Category#getPageTitle()";"6";"96711";"96711";"0";"0"
"SCRIPT_API";"dw.catalog.Category#getTemplate()";"3";"28872";"28872";"66";"66"
"SCRIPT_API";"dw.catalog.Category#hasOnlineProducts()";"232";"260570662";"260570662";"228652479";"228652479"
"SCRIPT_API";"dw.catalog.Category#hasOnlineSubCategories()";"203";"2475695";"2475695";"0";"0"
"SCRIPT_API";"dw.catalog.Category#isOnline()";"6";"53506";"53506";"0";"0"
"SCRIPT_API";"dw.catalog.PriceBook#getID()";"341";"394850";"394850";"5989";"5989"
"SCRIPT_API";"dw.catalog.PriceBook#getParentPriceBook()";"269";"461828";"461828";"7707";"7707"
"SCRIPT_API";"dw.catalog.PriceBookMgr#getApplicablePriceBooks()";"17";"258593";"258593";"0";"0"
"SCRIPT_API";"dw.catalog.PriceBookMgr#setApplicablePriceBooks(dw.catalog.PriceBook[])";"34";"324457";"324457";"32";"32"
"SCRIPT_API";"dw.catalog.Product#getAttributeModel()";"6";"1992131";"1992131";"0";"0"
"SCRIPT_API";"dw.catalog.Product#getAvailabilityModel()";"566";"12082152";"12082152";"4996688";"4996688"
"SCRIPT_API";"dw.catalog.Product#getBrand()";"53";"94938";"94938";"1480";"1480"
"SCRIPT_API";"dw.catalog.Product#getID()";"629";"920977";"920977";"25292";"25292"
"SCRIPT_API";"dw.catalog.Product#getImages(String)";"234";"82446780";"82446780";"30986402";"30986402"
"SCRIPT_API";"dw.catalog.Product#getLongDescription()";"6";"5722308";"5722308";"5183052";"5183052"
"SCRIPT_API";"dw.catalog.Product#getMinOrderQuantity()";"272";"611107";"611107";"8733";"8733"
"SCRIPT_API";"dw.catalog.Product#getName()";"53";"1340559";"1340559";"0";"0"
"SCRIPT_API";"dw.catalog.Product#getOptionModel()";"137";"4069871";"4069871";"2047363";"2047363"
"SCRIPT_API";"dw.catalog.Product#getPageDescription()";"3";"40310";"40310";"0";"0"
"SCRIPT_API";"dw.catalog.Product#getPageKeywords()";"3";"33211";"33211";"0";"0"
"SCRIPT_API";"dw.catalog.Product#getPageMetaTags()";"6";"3685549";"3685549";"3022442";"3022442"
"SCRIPT_API";"dw.catalog.Product#getPageTitle()";"3";"70184";"70184";"0";"0"
"SCRIPT_API";"dw.catalog.Product#getPriceModel()";"232";"100440750";"100440750";"64078485";"64078485"
"SCRIPT_API";"dw.catalog.Product#getPriceModel(dw.catalog.ProductOptionModel)";"130";"12322683";"12322683";"1010039";"1010039"
"SCRIPT_API";"dw.catalog.Product#getPrimaryCategory()";"9";"163569";"163569";"2740";"2740"
"SCRIPT_API";"dw.catalog.Product#getShortDescription()";"6";"107418";"107418";"0";"0"
"SCRIPT_API";"dw.catalog.Product#getStepQuantity()";"6";"41666";"41666";"211";"211"
"SCRIPT_API";"dw.catalog.Product#getTemplate()";"3";"11996";"11996";"356";"356"
"SCRIPT_API";"dw.catalog.Product#getVariationModel()";"162";"5710248";"5710248";"0";"0"
"SCRIPT_API";"dw.catalog.Product#isBundle()";"6";"25319";"25319";"459";"459"
"SCRIPT_API";"dw.catalog.Product#isMaster()";"510";"690158";"690158";"36494";"36494"
"SCRIPT_API";"dw.catalog.Product#isOnline()";"64";"4136925";"4136925";"0";"0"
"SCRIPT_API";"dw.catalog.Product#isVariant()";"187";"309271";"309271";"20877";"20877"
"SCRIPT_API";"dw.catalog.Product#isVariationGroup()";"254";"278109";"278109";"4759";"4759"
"SCRIPT_API";"dw.catalog.ProductAttributeModel#getVisibleAttributeGroups()";"6";"89646";"89646";"439";"439"
"SCRIPT_API";"dw.catalog.ProductAvailabilityLevels#getBackorder()";"130";"181606";"181606";"1748";"1748"
"SCRIPT_API";"dw.catalog.ProductAvailabilityLevels#getInStock()";"260";"222978";"222978";"5176";"5176"
"SCRIPT_API";"dw.catalog.ProductAvailabilityLevels#getNotAvailable()";"188";"233740";"233740";"4426";"4426"
"SCRIPT_API";"dw.catalog.ProductAvailabilityLevels#getPreorder()";"130";"221573";"221573";"3176";"3176"
"SCRIPT_API";"dw.catalog.ProductAvailabilityModel#getAvailabilityLevels(Number)";"188";"51365287";"51365287";"0";"0"
"SCRIPT_API";"dw.catalog.ProductAvailabilityModel#getInventoryRecord()";"384";"513206";"513206";"8300";"8300"
"SCRIPT_API";"dw.catalog.ProductAvailabilityModel#isOrderable(Number)";"254";"5283957";"5283957";"523783";"523783"
"SCRIPT_API";"dw.catalog.ProductInventoryRecord#getATS()";"127";"3448435";"3448435";"219";"219"
"SCRIPT_API";"dw.catalog.ProductInventoryRecord#getInStockDate()";"127";"463197";"463197";"1323";"1323"
"SCRIPT_API";"dw.catalog.ProductInventoryRecord#isPerpetual()";"127";"458426";"458426";"119328";"119328"
"SCRIPT_API";"dw.catalog.ProductMgr#getProduct(String)";"243";"3063055";"3063055";"751";"751"
"SCRIPT_API";"dw.catalog.ProductOptionModel#getOptions()";"277";"844351";"844351";"4503";"4503"
"SCRIPT_API";"dw.catalog.ProductPriceInfo#getPriceBook()";"341";"519979";"519979";"7358";"7358"
"SCRIPT_API";"dw.catalog.ProductPriceModel#getPrice()";"258";"1547868";"1547868";"4411";"4411"
"SCRIPT_API";"dw.catalog.ProductPriceModel#getPrice(dw.value.Quantity)";"124";"5269253";"5269253";"0";"0"
"SCRIPT_API";"dw.catalog.ProductPriceModel#getPriceBookPrice(String)";"129";"17534347";"17534347";"9925220";"9925220"
"SCRIPT_API";"dw.catalog.ProductPriceModel#getPriceInfo()";"447";"6402944";"6402944";"0";"0"
"SCRIPT_API";"dw.catalog.ProductPriceModel#getPriceTable()";"130";"12355250";"12355250";"7318840";"7318840"
"SCRIPT_API";"dw.catalog.ProductPriceModel#isPriceRange()";"2";"3976478";"3976478";"3034011";"3034011"
"SCRIPT_API";"dw.catalog.ProductPriceTable#getPrice(dw.value.Quantity)";"3";"44795";"44795";"28";"28"
"SCRIPT_API";"dw.catalog.ProductPriceTable#getQuantities()";"131";"739518";"739518";"1897";"1897"
"SCRIPT_API";"dw.catalog.ProductSearchHit#getDiscountedPromotionIDs()";"106";"6761637";"6761637";"3738";"3738"
"SCRIPT_API";"dw.catalog.ProductSearchHit#getFirstRepresentedProduct()";"106";"1389339";"1389339";"7899";"7899"
"SCRIPT_API";"dw.catalog.ProductSearchHit#getFirstRepresentedProductID()";"56";"187709";"187709";"1005";"1005"
"SCRIPT_API";"dw.catalog.ProductSearchHit#getMaxPrice()";"229";"633156";"633156";"0";"0"
"SCRIPT_API";"dw.catalog.ProductSearchHit#getMinPrice()";"229";"1508448";"1508448";"2146";"2146"
"SCRIPT_API";"dw.catalog.ProductSearchHit#getProduct()";"17";"189909";"189909";"0";"0"
"SCRIPT_API";"dw.catalog.ProductSearchHit#getProductID()";"396";"309323";"309323";"11601";"11601"
"SCRIPT_API";"dw.catalog.ProductSearchHit#getRepresentedVariationValues(Object)";"106";"6626899";"6626899";"0";"0"
"SCRIPT_API";"dw.catalog.ProductSearchModel#getCategory()";"66";"65617";"65617";"2850";"2850"
"SCRIPT_API";"dw.catalog.ProductSearchModel#getPageMetaTags()";"6";"207172";"207172";"0";"0"
"SCRIPT_API";"dw.catalog.ProductSearchModel#getProductSearchHit(dw.catalog.Product)";"123";"48453735";"48453735";"0";"0"
"SCRIPT_API";"dw.catalog.ProductSearchModel#getProductSearchHits()";"68";"4063222";"4063222";"0";"0"
"SCRIPT_API";"dw.catalog.ProductSearchModel#getRefinements()";"12";"575759";"575759";"0";"0"
"SCRIPT_API";"dw.catalog.ProductSearchModel#getSearchPhraseSuggestions()";"6";"43615";"43615";"205";"205"
"SCRIPT_API";"dw.catalog.ProductSearchModel#isCategorySearch()";"12";"18125";"18125";"298";"298"
"SCRIPT_API";"dw.catalog.ProductSearchModel#isPersonalizedSort()";"3";"14940";"14940";"162";"162"
"SCRIPT_API";"dw.catalog.ProductSearchModel#isRefinedCategorySearch()";"6";"20157";"20157";"80";"80"
"SCRIPT_API";"dw.catalog.ProductSearchModel#search()";"129";"210662514";"210662514";"83680879";"83680879"
"SCRIPT_API";"dw.catalog.ProductSearchModel#setCategoryID(String)";"6";"27912";"27912";"180";"180"
"SCRIPT_API";"dw.catalog.ProductSearchModel#setPriceMax(Number)";"6";"11885";"11885";"27";"27"
"SCRIPT_API";"dw.catalog.ProductSearchModel#setPriceMin(Number)";"6";"16816";"16816";"0";"0"
"SCRIPT_API";"dw.catalog.ProductSearchModel#setRecursiveCategorySearch(Boolean)";"6";"15999";"15999";"308";"308"
"SCRIPT_API";"dw.catalog.ProductSearchModel#urlSortingRule(String,dw.catalog.SortingRule)";"48";"644361";"644361";"0";"0"
"SCRIPT_API";"dw.catalog.ProductSearchModel()";"129";"19427582";"19427582";"4000013";"4000013"
"SCRIPT_API";"dw.catalog.ProductVariationAttribute#getAttributeID()";"880";"1278516";"1278516";"143176";"143176"
"SCRIPT_API";"dw.catalog.ProductVariationAttribute#getDisplayName()";"268";"19687345";"19687345";"9759777";"9759777"
"SCRIPT_API";"dw.catalog.ProductVariationAttribute#getID()";"563";"535799";"535799";"11308";"11308"
"SCRIPT_API";"dw.catalog.ProductVariationAttributeValue#equals(Object)";"587";"785304";"785304";"18404";"18404"
"SCRIPT_API";"dw.catalog.ProductVariationAttributeValue#getDescription()";"762";"18126135";"18126135";"13595718";"13595718"
"SCRIPT_API";"dw.catalog.ProductVariationAttributeValue#getDisplayValue()";"1292";"11314469";"11314469";"0";"0"
"SCRIPT_API";"dw.catalog.ProductVariationAttributeValue#getID()";"777";"874908";"874908";"17476";"17476"
"SCRIPT_API";"dw.catalog.ProductVariationAttributeValue#getImage(String,Number)";"162";"17078248";"17078248";"0";"0"
"SCRIPT_API";"dw.catalog.ProductVariationAttributeValue#getImages(String)";"134";"13943416";"13943416";"0";"0"
"SCRIPT_API";"dw.catalog.ProductVariationAttributeValue#getValue()";"933";"3834076";"3834076";"0";"0"
"SCRIPT_API";"dw.catalog.ProductVariationModel#getAllValues(dw.catalog.ProductVariationAttribute)";"289";"3690007";"3690007";"1234815";"1234815"
"SCRIPT_API";"dw.catalog.ProductVariationModel#getImages(String)";"12";"2775536";"2775536";"0";"0"
"SCRIPT_API";"dw.catalog.ProductVariationModel#getMaster()";"134";"370026";"370026";"4331";"4331"
"SCRIPT_API";"dw.catalog.ProductVariationModel#getProductVariationAttributes()";"146";"1022550";"1022550";"6541";"6541"
"SCRIPT_API";"dw.catalog.ProductVariationModel#getSelectedValue(dw.catalog.ProductVariationAttribute)";"268";"4746604";"4746604";"0";"0"
"SCRIPT_API";"dw.catalog.ProductVariationModel#getSelectedVariant()";"140";"562675";"562675";"4612";"4612"
"SCRIPT_API";"dw.catalog.ProductVariationModel#getVariants()";"4";"92127";"92127";"0";"0"
"SCRIPT_API";"dw.catalog.ProductVariationModel#hasOrderableVariants(dw.catalog.ProductVariationAttribute,dw.catalog.ProductVariationAttributeValue)";"600";"133881602";"133881602";"53978518";"53978518"
"SCRIPT_API";"dw.catalog.ProductVariationModel#setSelectedAttributeValue(String,String)";"9";"57657";"57657";"0";"0"
"SCRIPT_API";"dw.catalog.ProductVariationModel#url(String,Object[])";"6";"142122";"142122";"0";"0"
"SCRIPT_API";"dw.catalog.ProductVariationModel#urlSelectVariationValue(String,dw.catalog.ProductVariationAttribute,dw.catalog.ProductVariationAttributeValue)";"335";"9344073";"9344073";"0";"0"
"SCRIPT_API";"dw.catalog.ProductVariationModel#urlUnselectVariationValue(String,dw.catalog.ProductVariationAttribute)";"265";"12530048";"12530048";"0";"0"
"SCRIPT_API";"dw.catalog.SearchModel#getCount()";"141";"1630940";"1630940";"2697";"2697"
"SCRIPT_API";"dw.catalog.SearchModel#getSearchPhrase()";"6";"14749";"14749";"92";"92"
"SCRIPT_API";"dw.catalog.SearchModel#setSearchPhrase(String)";"123";"383766";"383766";"1440";"1440"
"SCRIPT_API";"dw.catalog.SearchModel#url(String)";"12";"137881";"137881";"0";"0"
"SCRIPT_API";"dw.catalog.SearchRefinements#getRefinementDefinitions()";"6";"78153";"78153";"0";"0"
"SCRIPT_API";"dw.catalog.SortingOption#getDisplayName()";"48";"465650";"465650";"0";"0"
"SCRIPT_API";"dw.catalog.SortingOption#getID()";"48";"52688";"52688";"293";"293"
"SCRIPT_API";"dw.catalog.SortingOption#getSortingRule()";"48";"265716";"265716";"0";"0"
"SCRIPT_API";"dw.catalog.SortingRule#getID()";"6";"17556";"17556";"77";"77"
"SCRIPT_API";"dw.catalog.Variant#getBrand()";"187";"838875";"838875";"1290";"1290"
"SCRIPT_API";"dw.catalog.Variant#getLongDescription()";"6";"253230";"253230";"0";"0"
"SCRIPT_API";"dw.catalog.Variant#getMasterProduct()";"3";"14691";"14691";"20";"20"
"SCRIPT_API";"dw.catalog.Variant#getName()";"187";"9326986";"9326986";"1933765";"1933765"
"SCRIPT_API";"dw.catalog.Variant#getPageDescription()";"3";"64900";"64900";"0";"0"
"SCRIPT_API";"dw.catalog.Variant#getPageKeywords()";"3";"56090";"56090";"0";"0"
"SCRIPT_API";"dw.catalog.Variant#getPageTitle()";"3";"117440";"117440";"0";"0"
"SCRIPT_API";"dw.catalog.Variant#getShortDescription()";"6";"136445";"136445";"0";"0"
"SCRIPT_API";"dw.catalog.Variant#getTemplate()";"3";"22048";"22048";"0";"0"
"SCRIPT_API";"dw.content.Content#getID()";"270";"604606";"604606";"6143";"6143"
"SCRIPT_API";"dw.content.Content#getName()";"270";"4606413";"4606413";"0";"0"
"SCRIPT_API";"dw.content.Content#getPageDescription()";"270";"16967975";"16967975";"14317753";"14317753"
"SCRIPT_API";"dw.content.Content#getPageKeywords()";"270";"2494604";"2494604";"0";"0"
"SCRIPT_API";"dw.content.Content#getPageMetaTags()";"270";"5116022";"5116022";"1136824";"1136824"
"SCRIPT_API";"dw.content.Content#getPageTitle()";"270";"2823366";"2823366";"0";"0"
"SCRIPT_API";"dw.content.Content#getTemplate()";"270";"352520";"352520";"6519";"6519"
"SCRIPT_API";"dw.content.Content#isOnline()";"350";"15435872";"15435872";"0";"0"
"SCRIPT_API";"dw.content.ContentMgr#getContent(String)";"401";"11697622";"11697622";"1157556";"1157556"
"SCRIPT_API";"dw.content.MarkupText#getMarkup()";"63";"896993";"896993";"3516";"3516"
"SCRIPT_API";"dw.content.MediaFile#getAbsURL()";"392";"5024666";"5024666";"0";"0"
"SCRIPT_API";"dw.content.MediaFile#getAlt()";"554";"665220";"665220";"19062";"19062"
"SCRIPT_API";"dw.content.MediaFile#getTitle()";"554";"599928";"599928";"7459";"7459"
"SCRIPT_API";"dw.content.MediaFile#getURL()";"554";"568533012";"568533012";"458181425";"458181425"
"SCRIPT_API";"dw.customer.AddressBook#createAddress(String)";"1";"501290";"501290";"0";"0"
"SCRIPT_API";"dw.customer.AddressBook#getAddresses()";"502";"1033294";"1033294";"4344";"4344"
"SCRIPT_API";"dw.customer.AddressBook#getPreferredAddress()";"142";"1353141";"1353141";"0";"0"
"SCRIPT_API";"dw.customer.AuthenticationStatus#getStatus()";"1";"9258";"9258";"26";"26"
"SCRIPT_API";"dw.customer.Customer#getAddressBook()";"676";"1145832";"1145832";"22850";"22850"
"SCRIPT_API";"dw.customer.Customer#getID()";"2";"5992";"5992";"64";"64"
"SCRIPT_API";"dw.customer.Customer#getOrderHistory()";"2";"8761";"8761";"14";"14"
"SCRIPT_API";"dw.customer.Customer#getProfile()";"1068";"1124936";"1124936";"19706";"19706"
"SCRIPT_API";"dw.customer.Customer#isAuthenticated()";"180";"1026737";"1026737";"139794";"139794"
"SCRIPT_API";"dw.customer.Customer#isExternallyAuthenticated()";"36";"195725";"195725";"129";"129"
"SCRIPT_API";"dw.customer.Customer#isRegistered()";"19";"543543";"543543";"0";"0"
"SCRIPT_API";"dw.customer.CustomerAddress#getAddress1()";"176";"732924";"732924";"114716";"114716"
"SCRIPT_API";"dw.customer.CustomerAddress#getAddress2()";"176";"365509";"365509";"1013";"1013"
"SCRIPT_API";"dw.customer.CustomerAddress#getCity()";"176";"371680";"371680";"0";"0"
"SCRIPT_API";"dw.customer.CustomerAddress#getCompanyName()";"176";"414899";"414899";"104777";"104777"
"SCRIPT_API";"dw.customer.CustomerAddress#getCountryCode()";"352";"9477771";"9477771";"4030670";"4030670"
"SCRIPT_API";"dw.customer.CustomerAddress#getFirstName()";"176";"362191";"362191";"1258";"1258"
"SCRIPT_API";"dw.customer.CustomerAddress#getID()";"188";"926869";"926869";"323937";"323937"
"SCRIPT_API";"dw.customer.CustomerAddress#getLastName()";"176";"319861";"319861";"382";"382"
"SCRIPT_API";"dw.customer.CustomerAddress#getPhone()";"176";"338151";"338151";"477";"477"
"SCRIPT_API";"dw.customer.CustomerAddress#getPostBox()";"176";"297412";"297412";"729";"729"
"SCRIPT_API";"dw.customer.CustomerAddress#getPostalCode()";"176";"304541";"304541";"788";"788"
"SCRIPT_API";"dw.customer.CustomerAddress#getSalutation()";"176";"295583";"295583";"333";"333"
"SCRIPT_API";"dw.customer.CustomerAddress#getSecondName()";"176";"963855";"963855";"638677";"638677"
"SCRIPT_API";"dw.customer.CustomerAddress#getStateCode()";"176";"300342";"300342";"559";"559"
"SCRIPT_API";"dw.customer.CustomerAddress#getSuffix()";"176";"327931";"327931";"0";"0"
"SCRIPT_API";"dw.customer.CustomerAddress#getSuite()";"176";"322871";"322871";"0";"0"
"SCRIPT_API";"dw.customer.CustomerAddress#getTitle()";"176";"285200";"285200";"0";"0"
"SCRIPT_API";"dw.customer.CustomerAddress#isEquivalentAddress(Object)";"12";"308717";"308717";"315";"315"
"SCRIPT_API";"dw.customer.CustomerAddress#setAddress1(String)";"1";"11840";"11840";"89";"89"
"SCRIPT_API";"dw.customer.CustomerAddress#setAddress2(String)";"1";"4317";"4317";"2";"2"
"SCRIPT_API";"dw.customer.CustomerAddress#setCity(String)";"1";"4671";"4671";"1";"1"
"SCRIPT_API";"dw.customer.CustomerAddress#setCompanyName(String)";"1";"2955";"2955";"0";"0"
"SCRIPT_API";"dw.customer.CustomerAddress#setCountryCode(String)";"1";"4389";"4389";"12";"12"
"SCRIPT_API";"dw.customer.CustomerAddress#setFirstName(String)";"1";"4644";"4644";"0";"0"
"SCRIPT_API";"dw.customer.CustomerAddress#setJobTitle(String)";"1";"3608";"3608";"0";"0"
"SCRIPT_API";"dw.customer.CustomerAddress#setLastName(String)";"1";"4714";"4714";"0";"0"
"SCRIPT_API";"dw.customer.CustomerAddress#setPhone(String)";"1";"4322";"4322";"0";"0"
"SCRIPT_API";"dw.customer.CustomerAddress#setPostBox(String)";"1";"3365";"3365";"2";"2"
"SCRIPT_API";"dw.customer.CustomerAddress#setPostalCode(String)";"1";"4468";"4468";"10";"10"
"SCRIPT_API";"dw.customer.CustomerAddress#setSalutation(String)";"1";"3493";"3493";"0";"0"
"SCRIPT_API";"dw.customer.CustomerAddress#setSecondName(String)";"1";"3089";"3089";"0";"0"
"SCRIPT_API";"dw.customer.CustomerAddress#setStateCode(String)";"1";"4302";"4302";"2";"2"
"SCRIPT_API";"dw.customer.CustomerAddress#setSuffix(String)";"1";"3050";"3050";"0";"0"
"SCRIPT_API";"dw.customer.CustomerAddress#setSuite(String)";"1";"3708";"3708";"0";"0"
"SCRIPT_API";"dw.customer.CustomerAddress#setTitle(String)";"1";"3009";"3009";"3";"3"
"SCRIPT_API";"dw.customer.CustomerMgr#authenticateCustomer(String,String)";"1";"9434796";"9434796";"4553626";"4553626"
"SCRIPT_API";"dw.customer.CustomerMgr#createCustomer(String,String)";"1";"18241329";"18241329";"12313413";"12313413"
"SCRIPT_API";"dw.customer.CustomerMgr#getCustomerByCustomerNumber(String)";"1";"61099";"61099";"0";"0"
"SCRIPT_API";"dw.customer.CustomerMgr#getRegisteredCustomerCount()";"1";"1372439";"1372439";"1134467";"1134467"
"SCRIPT_API";"dw.customer.CustomerMgr#isAcceptablePassword(String)";"4";"12393636";"12393636";"11418700";"11418700"
"SCRIPT_API";"dw.customer.CustomerMgr#loginCustomer(dw.customer.AuthenticationStatus,Boolean)";"1";"4676075";"4676075";"2943324";"2943324"
"SCRIPT_API";"dw.customer.CustomerMgr#logoutCustomer(Boolean)";"1";"4111650";"4111650";"1609244";"1609244"
"SCRIPT_API";"dw.customer.CustomerPaymentInstrument#getCreditCardNumber()";"98";"2026402";"2026402";"338772";"338772"
"SCRIPT_API";"dw.customer.OrderHistory#getOrderCount()";"1";"2509912";"2509912";"2177726";"2177726"
"SCRIPT_API";"dw.customer.OrderHistory#getOrders(String,String,Object[])";"1";"7000388";"7000388";"5070623";"5070623"
"SCRIPT_API";"dw.customer.Profile#getAddressBook()";"1";"4262";"4262";"0";"0"
"SCRIPT_API";"dw.customer.Profile#getCustomerNo()";"142";"258254";"258254";"547";"547"
"SCRIPT_API";"dw.customer.Profile#getEmail()";"144";"263655";"263655";"1227";"1227"
"SCRIPT_API";"dw.customer.Profile#getFirstName()";"143";"281936";"281936";"830";"830"
"SCRIPT_API";"dw.customer.Profile#getLastName()";"143";"411276";"411276";"433";"433"
"SCRIPT_API";"dw.customer.Profile#getPhoneHome()";"142";"255406";"255406";"658";"658"
"SCRIPT_API";"dw.customer.Profile#getWallet()";"144";"356168";"356168";"392";"392"
"SCRIPT_API";"dw.customer.Profile#setEmail(String)";"1";"12201";"12201";"0";"0"
"SCRIPT_API";"dw.customer.Profile#setFirstName(String)";"1";"27957";"27957";"0";"0"
"SCRIPT_API";"dw.customer.Profile#setLastName(String)";"1";"14207";"14207";"0";"0"
"SCRIPT_API";"dw.customer.Profile#setPhoneHome(String)";"1";"13306";"13306";"5";"5"
"SCRIPT_API";"dw.customer.Wallet#createPaymentInstrument(String)";"1";"4176002";"4176002";"3961181";"3961181"
"SCRIPT_API";"dw.customer.Wallet#getPaymentInstruments()";"143";"9062196";"9062196";"5684368";"5684368"
"SCRIPT_API";"dw.experience.PageMgr#getPage(String)";"14";"620925";"620925";"0";"0"
"SCRIPT_API";"dw.experience.PageMgr#getPageByCategory(dw.catalog.Category,Boolean,String)";"6";"14977302";"14977302";"10165644";"10165644"
"SCRIPT_API";"dw.io.PrintWriter#print(String)";"33";"435037";"435037";"13395";"13395"
"SCRIPT_API";"dw.net.Mail#addTo(String)";"2";"7654";"7654";"83";"83"
"SCRIPT_API";"dw.net.Mail#send()";"2";"518885";"518885";"0";"0"
"SCRIPT_API";"dw.net.Mail#setContent(String,String,String)";"2";"10623";"10623";"22";"22"
"SCRIPT_API";"dw.net.Mail#setFrom(String)";"2";"3029";"3029";"37";"37"
"SCRIPT_API";"dw.net.Mail#setSubject(String)";"2";"3504";"3504";"52";"52"
"SCRIPT_API";"dw.net.Mail()";"2";"24631";"24631";"786";"786"
"SCRIPT_API";"dw.object.ExtensibleObject#getCustom()";"2719";"8924436";"8924436";"70254";"70254"
"SCRIPT_API";"dw.object.PersistentObject#getCreationDate()";"38";"163380";"163380";"1361";"1361"
"SCRIPT_API";"dw.object.PersistentObject#getUUID()";"1396";"2567600";"2567600";"91387";"91387"
"SCRIPT_API";"dw.order.BasketMgr#getCurrentBasket()";"245";"36173181";"36173181";"10013033";"10013033"
"SCRIPT_API";"dw.order.BasketMgr#getCurrentOrNewBasket()";"6";"3550467";"3550467";"616551";"616551"
"SCRIPT_API";"dw.order.LineItem#getBasePrice()";"1";"5272";"5272";"0";"0"
"SCRIPT_API";"dw.order.LineItem#getGrossPrice()";"1";"3580";"3580";"4";"4"
"SCRIPT_API";"dw.order.LineItem#getLineItemText()";"249";"551976";"551976";"5071";"5071"
"SCRIPT_API";"dw.order.LineItem#getNetPrice()";"1";"2915";"2915";"17";"17"
"SCRIPT_API";"dw.order.LineItem#getTax()";"1";"2746";"2746";"0";"0"
"SCRIPT_API";"dw.order.LineItem#getTaxClassID()";"375";"466888";"466888";"10664";"10664"
"SCRIPT_API";"dw.order.LineItem#getTaxRate()";"250";"642876";"642876";"45363";"45363"
"SCRIPT_API";"dw.order.LineItem#updateTax(Number)";"125";"6734397";"6734397";"3548";"3548"
"SCRIPT_API";"dw.order.LineItemCtnr#createBillingAddress()";"3";"204739";"204739";"0";"0"
"SCRIPT_API";"dw.order.LineItemCtnr#createPaymentInstrument(String,dw.value.Money)";"1";"113660";"113660";"0";"0"
"SCRIPT_API";"dw.order.LineItemCtnr#createProductLineItem(dw.catalog.Product,dw.catalog.ProductOptionModel,dw.order.Shipment)";"3";"6875634";"6875634";"1224977";"1224977"
"SCRIPT_API";"dw.order.LineItemCtnr#getAdjustedMerchandizeTotalGrossPrice()";"1";"4230";"4230";"0";"0"
"SCRIPT_API";"dw.order.LineItemCtnr#getAdjustedMerchandizeTotalNetPrice()";"1";"6646";"6646";"3";"3"
"SCRIPT_API";"dw.order.LineItemCtnr#getAdjustedMerchandizeTotalPrice(Boolean)";"247";"2905446";"2905446";"0";"0"
"SCRIPT_API";"dw.order.LineItemCtnr#getAdjustedMerchandizeTotalTax()";"1";"4023";"4023";"0";"0"
"SCRIPT_API";"dw.order.LineItemCtnr#getAdjustedShippingTotalGrossPrice()";"1";"4219";"4219";"2";"2"
"SCRIPT_API";"dw.order.LineItemCtnr#getAdjustedShippingTotalNetPrice()";"1";"4819";"4819";"0";"0"
"SCRIPT_API";"dw.order.LineItemCtnr#getAdjustedShippingTotalPrice()";"91";"754934";"754934";"0";"0"
"SCRIPT_API";"dw.order.LineItemCtnr#getAdjustedShippingTotalTax()";"1";"7254";"7254";"0";"0"
"SCRIPT_API";"dw.order.LineItemCtnr#getAllLineItems()";"92";"991694";"991694";"1590";"1590"
"SCRIPT_API";"dw.order.LineItemCtnr#getAllProductLineItems()";"126";"1048148";"1048148";"0";"0"
"SCRIPT_API";"dw.order.LineItemCtnr#getAllProductLineItems(String)";"1";"56052";"56052";"0";"0"
"SCRIPT_API";"dw.order.LineItemCtnr#getAllShippingPriceAdjustments()";"65";"266484";"266484";"0";"0"
"SCRIPT_API";"dw.order.LineItemCtnr#getBillingAddress()";"146";"1445318";"1445318";"0";"0"
"SCRIPT_API";"dw.order.LineItemCtnr#getBonusDiscountLineItems()";"130";"1118681";"1118681";"2062";"2062"
"SCRIPT_API";"dw.order.LineItemCtnr#getBonusLineItems()";"57";"411829";"411829";"0";"0"
"SCRIPT_API";"dw.order.LineItemCtnr#getCouponLineItems()";"94";"496929";"496929";"1841";"1841"
"SCRIPT_API";"dw.order.LineItemCtnr#getCurrencyCode()";"47";"346891";"346891";"108965";"108965"
"SCRIPT_API";"dw.order.LineItemCtnr#getCustomer()";"17";"170363";"170363";"571";"571"
"SCRIPT_API";"dw.order.LineItemCtnr#getCustomerEmail()";"45";"184364";"184364";"1081";"1081"
"SCRIPT_API";"dw.order.LineItemCtnr#getDefaultShipment()";"53";"416144";"416144";"545";"545"
"SCRIPT_API";"dw.order.LineItemCtnr#getGiftCertificateLineItems()";"63";"365251";"365251";"179";"179"
"SCRIPT_API";"dw.order.LineItemCtnr#getMerchandizeTotalGrossPrice()";"1";"4231";"4231";"0";"0"
"SCRIPT_API";"dw.order.LineItemCtnr#getMerchandizeTotalNetPrice()";"1";"7342";"7342";"0";"0"
"SCRIPT_API";"dw.order.LineItemCtnr#getMerchandizeTotalPrice()";"54";"994803";"994803";"0";"0"
"SCRIPT_API";"dw.order.LineItemCtnr#getMerchandizeTotalTax()";"1";"16140";"16140";"0";"0"
"SCRIPT_API";"dw.order.LineItemCtnr#getPaymentInstruments()";"41";"484900";"484900";"0";"0"
"SCRIPT_API";"dw.order.LineItemCtnr#getPaymentInstruments(String)";"1";"20793";"20793";"16";"16"
"SCRIPT_API";"dw.order.LineItemCtnr#getPriceAdjustments()";"155";"887729";"887729";"0";"0"
"SCRIPT_API";"dw.order.LineItemCtnr#getProductLineItems()";"213";"2961797";"2961797";"511489";"511489"
"SCRIPT_API";"dw.order.LineItemCtnr#getProductQuantities()";"126";"3418977";"3418977";"10771";"10771"
"SCRIPT_API";"dw.order.LineItemCtnr#getProductQuantityTotal()";"98";"962021";"962021";"567";"567"
"SCRIPT_API";"dw.order.LineItemCtnr#getShipments()";"450";"2870625";"2870625";"24264";"24264"
"SCRIPT_API";"dw.order.LineItemCtnr#getShippingPriceAdjustments()";"63";"275158";"275158";"0";"0"
"SCRIPT_API";"dw.order.LineItemCtnr#getShippingTotalGrossPrice()";"1";"3521";"3521";"0";"0"
"SCRIPT_API";"dw.order.LineItemCtnr#getShippingTotalNetPrice()";"1";"6970";"6970";"0";"0"
"SCRIPT_API";"dw.order.LineItemCtnr#getShippingTotalPrice()";"156";"1408288";"1408288";"12739";"12739"
"SCRIPT_API";"dw.order.LineItemCtnr#getShippingTotalTax()";"1";"3785";"3785";"0";"0"
"SCRIPT_API";"dw.order.LineItemCtnr#getTotalGrossPrice()";"107";"730393";"730393";"829";"829"
"SCRIPT_API";"dw.order.LineItemCtnr#getTotalNetPrice()";"2";"14055";"14055";"4";"4"
"SCRIPT_API";"dw.order.LineItemCtnr#getTotalTax()";"66";"249014";"249014";"840";"840"
"SCRIPT_API";"dw.order.LineItemCtnr#removeProductLineItem(dw.order.ProductLineItem)";"1";"1157889";"1157889";"0";"0"
"SCRIPT_API";"dw.order.LineItemCtnr#setCustomerEmail(String)";"9";"628805";"628805";"0";"0"
"SCRIPT_API";"dw.order.LineItemCtnr#updateTotals()";"63";"2840060";"2840060";"0";"0"
"SCRIPT_API";"dw.order.Order#getCreatedBy()";"1";"4828";"4828";"40";"40"
"SCRIPT_API";"dw.order.Order#getOrderNo()";"4";"26951";"26951";"106";"106"
"SCRIPT_API";"dw.order.Order#getOrderToken()";"1";"45865835";"45865835";"318424";"318424"
"SCRIPT_API";"dw.order.Order#getStatus()";"2";"4731820";"4731820";"4197012";"4197012"
"SCRIPT_API";"dw.order.Order#setConfirmationStatus(Number)";"1";"34662";"34662";"0";"0"
"SCRIPT_API";"dw.order.Order#setExportStatus(Number)";"1";"113854";"113854";"0";"0"
"SCRIPT_API";"dw.order.OrderAddress#getAddress1()";"132";"382936";"382936";"3122";"3122"
"SCRIPT_API";"dw.order.OrderAddress#getAddress2()";"81";"561804";"561804";"81054";"81054"
"SCRIPT_API";"dw.order.OrderAddress#getCity()";"81";"314732";"314732";"488";"488"
"SCRIPT_API";"dw.order.OrderAddress#getCompanyName()";"79";"221604";"221604";"526";"526"
"SCRIPT_API";"dw.order.OrderAddress#getCountryCode()";"159";"2513020";"2513020";"0";"0"
"SCRIPT_API";"dw.order.OrderAddress#getFirstName()";"130";"326271";"326271";"1524";"1524"
"SCRIPT_API";"dw.order.OrderAddress#getFullName()";"2";"12355";"12355";"44";"44"
"SCRIPT_API";"dw.order.OrderAddress#getJobTitle()";"79";"358761";"358761";"456";"456"
"SCRIPT_API";"dw.order.OrderAddress#getLastName()";"81";"473642";"473642";"5395";"5395"
"SCRIPT_API";"dw.order.OrderAddress#getPhone()";"84";"423825";"423825";"1442";"1442"
"SCRIPT_API";"dw.order.OrderAddress#getPostBox()";"79";"263077";"263077";"358";"358"
"SCRIPT_API";"dw.order.OrderAddress#getPostalCode()";"81";"692891";"692891";"391884";"391884"
"SCRIPT_API";"dw.order.OrderAddress#getSalutation()";"79";"240180";"240180";"453";"453"
"SCRIPT_API";"dw.order.OrderAddress#getSecondName()";"79";"225080";"225080";"580";"580"
"SCRIPT_API";"dw.order.OrderAddress#getStateCode()";"81";"318995";"318995";"490";"490"
"SCRIPT_API";"dw.order.OrderAddress#getSuffix()";"79";"228437";"228437";"832";"832"
"SCRIPT_API";"dw.order.OrderAddress#getSuite()";"79";"235286";"235286";"139";"139"
"SCRIPT_API";"dw.order.OrderAddress#getTitle()";"79";"246139";"246139";"238";"238"
"SCRIPT_API";"dw.order.OrderAddress#isEquivalentAddress(Object)";"29";"903562";"903562";"0";"0"
"SCRIPT_API";"dw.order.OrderAddress#setAddress1(String)";"16";"251621";"251621";"0";"0"
"SCRIPT_API";"dw.order.OrderAddress#setAddress2(String)";"16";"231724";"231724";"0";"0"
"SCRIPT_API";"dw.order.OrderAddress#setCity(String)";"16";"197086";"197086";"0";"0"
"SCRIPT_API";"dw.order.OrderAddress#setCountryCode(String)";"16";"213589";"213589";"0";"0"
"SCRIPT_API";"dw.order.OrderAddress#setFirstName(String)";"16";"904129";"904129";"0";"0"
"SCRIPT_API";"dw.order.OrderAddress#setLastName(String)";"16";"321598";"321598";"0";"0"
"SCRIPT_API";"dw.order.OrderAddress#setPhone(String)";"16";"205700";"205700";"0";"0"
"SCRIPT_API";"dw.order.OrderAddress#setPostalCode(String)";"16";"195120";"195120";"0";"0"
"SCRIPT_API";"dw.order.OrderAddress#setStateCode(String)";"16";"203870";"203870";"0";"0"
"SCRIPT_API";"dw.order.OrderMgr#createOrder(dw.order.Basket)";"1";"846761592";"846761592";"38955901";"38955901"
"SCRIPT_API";"dw.order.OrderMgr#getOrder(String,String)";"1";"88308821";"88308821";"4668";"4668"
"SCRIPT_API";"dw.order.OrderMgr#placeOrder(dw.order.Order)";"1";"453555010";"453555010";"308225263";"308225263"
"SCRIPT_API";"dw.order.OrderPaymentInstrument#getPaymentTransaction()";"7";"705741";"705741";"0";"0"
"SCRIPT_API";"dw.order.PaymentCard#getCardType()";"148";"577144";"577144";"271694";"271694"
"SCRIPT_API";"dw.order.PaymentCard#getName()";"148";"2308723";"2308723";"0";"0"
"SCRIPT_API";"dw.order.PaymentCard#verify(Number,Number,String,String)";"1";"194866";"194866";"0";"0"
"SCRIPT_API";"dw.order.PaymentInstrument#getCreditCardExpirationMonth()";"101";"208244";"208244";"796";"796"
"SCRIPT_API";"dw.order.PaymentInstrument#getCreditCardExpirationYear()";"101";"152872";"152872";"1034";"1034"
"SCRIPT_API";"dw.order.PaymentInstrument#getCreditCardHolder()";"101";"261855";"261855";"1417";"1417"
"SCRIPT_API";"dw.order.PaymentInstrument#getCreditCardNumberLastDigits()";"3";"286138";"286138";"0";"0"
"SCRIPT_API";"dw.order.PaymentInstrument#getCreditCardType()";"102";"181663";"181663";"1318";"1318"
"SCRIPT_API";"dw.order.PaymentInstrument#getMaskedCreditCardNumber()";"101";"6314788";"6314788";"2605482";"2605482"
"SCRIPT_API";"dw.order.PaymentInstrument#getPaymentMethod()";"10";"50531";"50531";"263";"263"
"SCRIPT_API";"dw.order.PaymentInstrument#setCreditCardExpirationMonth(Number)";"2";"9413";"9413";"0";"0"
"SCRIPT_API";"dw.order.PaymentInstrument#setCreditCardExpirationYear(Number)";"2";"9198";"9198";"116";"116"
"SCRIPT_API";"dw.order.PaymentInstrument#setCreditCardHolder(String)";"2";"36149";"36149";"0";"0"
"SCRIPT_API";"dw.order.PaymentInstrument#setCreditCardNumber(String)";"2";"415110";"415110";"0";"0"
"SCRIPT_API";"dw.order.PaymentInstrument#setCreditCardToken(String)";"2";"169828";"169828";"35";"35"
"SCRIPT_API";"dw.order.PaymentInstrument#setCreditCardType(String)";"2";"21466";"21466";"0";"0"
"SCRIPT_API";"dw.order.PaymentMethod#getApplicablePaymentCards(dw.customer.Customer,String,Number)";"39";"3727435";"3727435";"492403";"492403"
"SCRIPT_API";"dw.order.PaymentMethod#getID()";"37";"97559";"97559";"986";"986"
"SCRIPT_API";"dw.order.PaymentMethod#getName()";"37";"1336450";"1336450";"0";"0"
"SCRIPT_API";"dw.order.PaymentMethod#getPaymentProcessor()";"6";"428979";"428979";"0";"0"
"SCRIPT_API";"dw.order.PaymentMgr#getApplicablePaymentMethods(dw.customer.Customer,String,Number)";"38";"16497059";"16497059";"12418282";"12418282"
"SCRIPT_API";"dw.order.PaymentMgr#getPaymentCard(String)";"3";"4811819";"4811819";"4228981";"4228981"
"SCRIPT_API";"dw.order.PaymentMgr#getPaymentMethod(String)";"45";"493668";"493668";"0";"0"
"SCRIPT_API";"dw.order.PaymentProcessor#getID()";"9";"26860";"26860";"314";"314"
"SCRIPT_API";"dw.order.PaymentTransaction#getAmount()";"3";"23509";"23509";"16";"16"
"SCRIPT_API";"dw.order.PaymentTransaction#setAmount(dw.value.Money)";"2";"16356";"16356";"6";"6"
"SCRIPT_API";"dw.order.PaymentTransaction#setPaymentProcessor(dw.order.PaymentProcessor)";"1";"20885";"20885";"0";"0"
"SCRIPT_API";"dw.order.PaymentTransaction#setTransactionID(String)";"1";"32675";"32675";"0";"0"
"SCRIPT_API";"dw.order.ProductLineItem#getAdjustedGrossPrice()";"1";"2773";"2773";"0";"0"
"SCRIPT_API";"dw.order.ProductLineItem#getAdjustedNetPrice()";"1";"8451";"8451";"0";"0"
"SCRIPT_API";"dw.order.ProductLineItem#getAdjustedPrice()";"128";"1131052";"1131052";"0";"0"
"SCRIPT_API";"dw.order.ProductLineItem#getAdjustedTax()";"1";"3287";"3287";"0";"0"
"SCRIPT_API";"dw.order.ProductLineItem#getManufacturerName()";"1";"2199";"2199";"12";"12"
"SCRIPT_API";"dw.order.ProductLineItem#getOptionProductLineItems()";"384";"1764771";"1764771";"0";"0"
"SCRIPT_API";"dw.order.ProductLineItem#getPriceAdjustments()";"283";"1828273";"1828273";"4434";"4434"
"SCRIPT_API";"dw.order.ProductLineItem#getProduct()";"926";"16851173";"16851173";"0";"0"
"SCRIPT_API";"dw.order.ProductLineItem#getProductID()";"1";"3550";"3550";"50";"50"
"SCRIPT_API";"dw.order.ProductLineItem#getProductInventoryListID()";"124";"396780";"396780";"2582";"2582"
"SCRIPT_API";"dw.order.ProductLineItem#getProductName()";"1";"2260";"2260";"26";"26"
"SCRIPT_API";"dw.order.ProductLineItem#getQuantity()";"260";"814679";"814679";"4318";"4318"
"SCRIPT_API";"dw.order.ProductLineItem#getQuantityValue()";"58";"358736";"358736";"545";"545"
"SCRIPT_API";"dw.order.ProductLineItem#getShipment()";"129";"824876";"824876";"1035";"1035"
"SCRIPT_API";"dw.order.ProductLineItem#isBonusProductLineItem()";"381";"714332";"714332";"9223";"9223"
"SCRIPT_API";"dw.order.ProductLineItem#isBundledProductLineItem()";"124";"223727";"223727";"1060";"1060"
"SCRIPT_API";"dw.order.ProductLineItem#isCatalogProduct()";"124";"591024";"591024";"661";"661"
"SCRIPT_API";"dw.order.ProductLineItem#isGift()";"128";"730529";"730529";"2897";"2897"
"SCRIPT_API";"dw.order.ProductLineItem#isOptionProductLineItem()";"124";"298617";"298617";"1766";"1766"
"SCRIPT_API";"dw.order.ProductLineItem#setPriceValue(Number)";"124";"3029615";"3029615";"162996";"162996"
"SCRIPT_API";"dw.order.ProductLineItem#setQuantityValue(Number)";"3";"36579";"36579";"0";"0"
"SCRIPT_API";"dw.order.Shipment#createShippingAddress()";"3";"294197";"294197";"0";"0"
"SCRIPT_API";"dw.order.Shipment#getAllLineItems()";"63";"916367";"916367";"0";"0"
"SCRIPT_API";"dw.order.Shipment#getGiftMessage()";"65";"138405";"138405";"866";"866"
"SCRIPT_API";"dw.order.Shipment#getProductLineItems()";"115";"828160";"828160";"0";"0"
"SCRIPT_API";"dw.order.Shipment#getShippingAddress()";"451";"2499901";"2499901";"311068";"311068"
"SCRIPT_API";"dw.order.Shipment#getShippingMethod()";"389";"6659136";"6659136";"4162837";"4162837"
"SCRIPT_API";"dw.order.Shipment#getShippingPriceAdjustments()";"27";"197602";"197602";"191";"191"
"SCRIPT_API";"dw.order.Shipment#isDefault()";"1";"12223";"12223";"0";"0"
"SCRIPT_API";"dw.order.Shipment#isGift()";"65";"269486";"269486";"1042";"1042"
"SCRIPT_API";"dw.order.Shipment#setGift(Boolean)";"9";"72620";"72620";"246";"246"
"SCRIPT_API";"dw.order.Shipment#setGiftMessage(String)";"9";"20410";"20410";"88";"88"
"SCRIPT_API";"dw.order.Shipment#setShippingMethod(dw.order.ShippingMethod)";"14";"934180";"934180";"0";"0"
"SCRIPT_API";"dw.order.ShipmentShippingCost#getAmount()";"586";"477374";"477374";"18567";"18567"
"SCRIPT_API";"dw.order.ShipmentShippingModel#getApplicableShippingMethods()";"79";"43239030";"43239030";"17919106";"17919106"
"SCRIPT_API";"dw.order.ShipmentShippingModel#getShippingCost(dw.order.ShippingMethod)";"293";"27823100";"27823100";"1055902";"1055902"
"SCRIPT_API";"dw.order.ShippingLocation(dw.order.OrderAddress)";"48";"7345026";"7345026";"2535036";"2535036"
"SCRIPT_API";"dw.order.ShippingMethod#getDescription()";"293";"2943417";"2943417";"0";"0"
"SCRIPT_API";"dw.order.ShippingMethod#getDisplayName()";"293";"4507119";"4507119";"0";"0"
"SCRIPT_API";"dw.order.ShippingMethod#getID()";"906";"909871";"909871";"38058";"38058"
"SCRIPT_API";"dw.order.ShippingMethod#isDefaultMethod()";"293";"380430";"380430";"21846";"21846"
"SCRIPT_API";"dw.order.ShippingMgr#applyShippingCost(dw.order.LineItemCtnr)";"63";"17753280";"17753280";"384505";"384505"
"SCRIPT_API";"dw.order.ShippingMgr#getDefaultShippingMethod()";"14";"2824869";"2824869";"2121267";"2121267"
"SCRIPT_API";"dw.order.ShippingMgr#getShipmentShippingModel(dw.order.Shipment)";"372";"498616";"498616";"14344";"14344"
"SCRIPT_API";"dw.order.TaxMgr#getCustomRateTaxClassID()";"126";"181547";"181547";"2535";"2535"
"SCRIPT_API";"dw.order.TaxMgr#getDefaultTaxJurisdictionID()";"15";"338842";"338842";"0";"0"
"SCRIPT_API";"dw.order.TaxMgr#getTaxJurisdictionID(dw.order.ShippingLocation)";"48";"2951797";"2951797";"1039140";"1039140"
"SCRIPT_API";"dw.order.TaxMgr#getTaxRate(String,String)";"124";"5454479";"5454479";"3148211";"3148211"
"SCRIPT_API";"dw.system.HookMgr#callHook(String,String,Object[])";"347";"1821054700";"14722422";"1326628761";"0"
"SCRIPT_API";"dw.system.HookMgr#hasHook(String)";"4272";"24763029";"24763029";"191242";"191242"
"SCRIPT_API";"dw.system.Logger#debug(String,Object[])";"249";"2888998";"2888998";"0";"0"
"SCRIPT_API";"dw.system.Logger#warn(String,Object[])";"29";"14921300";"14921300";"7102178";"7102178"
"SCRIPT_API";"dw.system.Request#getGeolocation()";"12";"23177";"23177";"170";"170"
"SCRIPT_API";"dw.system.Request#getHttpHeaders()";"4171";"70895835";"70895835";"0";"0"
"SCRIPT_API";"dw.system.Request#getHttpHost()";"4206";"4204549";"4204549";"70861";"70861"
"SCRIPT_API";"dw.system.Request#getHttpMethod()";"4171";"3061521";"3061521";"94243";"94243"
"SCRIPT_API";"dw.system.Request#getHttpParameterMap()";"94";"299366";"299366";"5711";"5711"
"SCRIPT_API";"dw.system.Request#getHttpPath()";"4171";"6028029";"6028029";"28002";"28002"
"SCRIPT_API";"dw.system.Request#getHttpQueryString()";"5956";"7155136";"7155136";"576463";"576463"
"SCRIPT_API";"dw.system.Request#getLocale()";"4976";"4366767";"4366767";"254787";"254787"
"SCRIPT_API";"dw.system.Request#getPageMetaData()";"97";"152974";"152974";"11696";"11696"
"SCRIPT_API";"dw.system.Request#getRequestID()";"106";"153455";"153455";"2587";"2587"
"SCRIPT_API";"dw.system.Request#isHttpSecure()";"4171";"3843330";"3843330";"110513";"110513"
"SCRIPT_API";"dw.system.Request#isIncludeRequest()";"8342";"6157586";"6157586";"193195";"193195"
"SCRIPT_API";"dw.system.Response#getWriter()";"33";"21571908";"21571908";"534042";"534042"
"SCRIPT_API";"dw.system.Response#redirect(dw.web.URL)";"1";"105265";"105265";"0";"0"
"SCRIPT_API";"dw.system.Response#setContentType(String)";"33";"193334";"193334";"6346";"6346"
"SCRIPT_API";"dw.system.Response#setExpires(Date)";"456";"1763321";"1763321";"67674";"67674"
"SCRIPT_API";"dw.system.Response#setHttpHeader(String,String)";"8342";"10778155";"10778155";"77650";"77650"
"SCRIPT_API";"dw.system.Response#setStatus(Number)";"3";"13287";"13287";"282";"282"
"SCRIPT_API";"dw.system.Response#setVaryBy(String)";"112";"236535";"236535";"2154";"2154"
"SCRIPT_API";"dw.system.Session#getClickStream()";"6";"30099";"30099";"113";"113"
"SCRIPT_API";"dw.system.Session#getCurrency()";"7092";"21384533";"21384533";"20116";"20116"
"SCRIPT_API";"dw.system.Session#getCustom()";"2";"8968";"8968";"30";"30"
"SCRIPT_API";"dw.system.Session#getForms()";"110";"583229";"583229";"8976";"8976"
"SCRIPT_API";"dw.system.Session#getPrivacy()";"606";"1042695";"1042695";"62617";"62617"
"SCRIPT_API";"dw.system.Session#setTrackingAllowed(Boolean)";"104";"1406836";"1406836";"0";"0"
"SCRIPT_API";"dw.system.Site#getAllowedLocales()";"58";"384398";"384398";"272";"272"
"SCRIPT_API";"dw.system.Site#getCurrent()";"125";"3969917";"3969917";"34747";"34747"
"SCRIPT_API";"dw.system.Site#getCustomPreferenceValue(String)";"2";"5474854";"5474854";"4835538";"4835538"
"SCRIPT_API";"dw.system.Site#getID()";"58";"101010";"101010";"1935";"1935"
"SCRIPT_API";"dw.system.Site#getPageMetaTags()";"14";"2246607";"2246607";"0";"0"
"SCRIPT_API";"dw.system.Site#getPreferences()";"51";"1466826";"1466826";"0";"0"
"SCRIPT_API";"dw.system.Status#isError()";"1";"5309";"5309";"59";"59"
"SCRIPT_API";"dw.system.Status(Number)";"189";"1050868";"1050868";"184351";"184351"
"SCRIPT_API";"dw.system.System#getInstanceType()";"60";"138316";"138316";"5253";"5253"
"SCRIPT_API";"dw.system.Transaction#begin()";"1";"11190";"11190";"113";"113"
"SCRIPT_API";"dw.system.Transaction#commit()";"1";"55009858";"55009858";"10558921";"10558921"
"SCRIPT_API";"dw.system.Transaction#wrap(Function)";"144";"4783042298";"3388824959";"3033219491";"2872392070"
"SCRIPT_API";"dw.template.ISML#renderTemplate(String,Object)";"753";"2863192488";"95671391";"542912898";"32866"
"SCRIPT_API";"dw.util.ArrayList()";"106";"340190";"340190";"2862";"2862"
"SCRIPT_API";"dw.util.Calendar(Date)";"1";"7766";"7766";"93";"93"
"SCRIPT_API";"dw.util.Collection#contains(Object)";"3";"15928";"15928";"78";"78"
"SCRIPT_API";"dw.util.Collection#getLength()";"1469";"2236591";"2236591";"34386";"34386"
"SCRIPT_API";"dw.util.Collection#isEmpty()";"127";"230698";"230698";"1845";"1845"
"SCRIPT_API";"dw.util.Collection#iterator()";"3615";"4819115";"4819115";"195568";"195568"
"SCRIPT_API";"dw.util.Collection#size()";"1";"7005";"7005";"739";"739"
"SCRIPT_API";"dw.util.Collection#toArray()";"3";"110713";"110713";"0";"0"
"SCRIPT_API";"dw.util.Currency#getCurrencyCode()";"5301";"3013900";"3013900";"97255";"97255"
"SCRIPT_API";"dw.util.Currency#getDefaultFractionDigits()";"4645";"2905898";"2905898";"68888";"68888"
"SCRIPT_API";"dw.util.Currency#getName()";"4644";"2651603";"2651603";"72802";"72802"
"SCRIPT_API";"dw.util.Currency#getSymbol()";"4645";"2707868";"2707868";"75091";"75091"
"SCRIPT_API";"dw.util.Decimal#get()";"241";"304993";"304993";"4801";"4801"
"SCRIPT_API";"dw.util.Decimal#toString()";"241";"337990";"337990";"4291";"4291"
"SCRIPT_API";"dw.util.Geolocation#getCountryCode()";"2";"7076";"7076";"27";"27"
"SCRIPT_API";"dw.util.Geolocation#getLatitude()";"2";"4206";"4206";"0";"0"
"SCRIPT_API";"dw.util.Geolocation#getLongitude()";"2";"2954";"2954";"2";"2"
"SCRIPT_API";"dw.util.HashMap()";"518";"1640492";"1640492";"23729";"23729"
"SCRIPT_API";"dw.util.Iterator#hasNext()";"7813";"7195461";"7195461";"214358";"214358"
"SCRIPT_API";"dw.util.Iterator#next()";"4529";"10090512";"10090512";"1053218";"1053218"
"SCRIPT_API";"dw.util.List#get(Number)";"6";"42406";"42406";"225";"225"
"SCRIPT_API";"dw.util.List#indexOf(Object)";"772";"711306";"711306";"23620";"23620"
"SCRIPT_API";"dw.util.List#size()";"35";"86430";"86430";"1305";"1305"
"SCRIPT_API";"dw.util.Locale#getCountry()";"95";"186935";"186935";"2854";"2854"
"SCRIPT_API";"dw.util.Locale#getDisplayCountry()";"58";"506457";"506457";"430";"430"
"SCRIPT_API";"dw.util.Locale#getDisplayLanguage()";"58";"115995";"115995";"135";"135"
"SCRIPT_API";"dw.util.Locale#getDisplayName()";"58";"927397";"927397";"0";"0"
"SCRIPT_API";"dw.util.Locale#getID()";"4406";"2685243";"2685243";"105255";"105255"
"SCRIPT_API";"dw.util.Locale#getLanguage()";"109";"182682";"182682";"2134";"2134"
"SCRIPT_API";"dw.util.Locale#getLocale(String)";"805";"2684395";"2684395";"1718";"1718"
"SCRIPT_API";"dw.util.Map#get(Object)";"251";"834271";"834271";"5389";"5389"
"SCRIPT_API";"dw.util.Map#keySet()";"126";"1023713";"1023713";"433267";"433267"
"SCRIPT_API";"dw.util.Map#put(Object,Object)";"495";"1083457";"1083457";"22185";"22185"
"SCRIPT_API";"dw.util.SecureEncoder#forHtmlInDoubleQuoteAttribute(String)";"601";"692813";"692813";"11430";"11430"
"SCRIPT_API";"dw.util.SeekableIterator#first()";"1";"21327";"21327";"0";"0"
"SCRIPT_API";"dw.util.StringUtils#formatCalendar(dw.util.Calendar,String)";"1";"33683";"33683";"0";"0"
"SCRIPT_API";"dw.util.StringUtils#formatInteger(Number)";"23";"1551677";"1551677";"0";"0"
"SCRIPT_API";"dw.util.StringUtils#formatMoney(dw.value.Money)";"1052";"16384959";"16384959";"0";"0"
"SCRIPT_API";"dw.util.StringUtils#formatNumber(Number,String,String)";"203";"4148777";"4148777";"98485";"98485"
"SCRIPT_API";"dw.util.Template#render(dw.util.Map)";"341";"277902678";"35301224";"12345292";"0"
"SCRIPT_API";"dw.util.Template(String)";"341";"689121";"689121";"8567";"8567"
"SCRIPT_API";"dw.value.EnumValue#getDisplayValue()";"254";"437441";"437441";"3654";"3654"
"SCRIPT_API";"dw.value.EnumValue#getValue()";"256";"576022";"576022";"151261";"151261"
"SCRIPT_API";"dw.value.MimeEncodedText#getText()";"341";"450525";"450525";"9020";"9020"
"SCRIPT_API";"dw.value.Money#getCurrencyCode()";"534";"540789";"540789";"9348";"9348"
"SCRIPT_API";"dw.value.Money#getDecimalValue()";"482";"637016";"637016";"10987";"10987"
"SCRIPT_API";"dw.value.Money#getValue()";"1335";"1104468";"1104468";"33311";"33311"
"SCRIPT_API";"dw.value.Money#getValueOrNull()";"488";"685373";"685373";"8033";"8033"
"SCRIPT_API";"dw.value.Money#isAvailable()";"1303";"1090811";"1090811";"42974";"42974"
"SCRIPT_API";"dw.value.Money#subtract(dw.value.Money)";"130";"348097";"348097";"8103";"8103"
"SCRIPT_API";"dw.value.Money(Number,String)";"293";"1087374";"1087374";"7570";"7570"
"SCRIPT_API";"dw.value.Quantity#getValue()";"1367";"1161772";"1161772";"29910";"29910"
"SCRIPT_API";"dw.web.CSRFProtection#generateToken()";"140";"5467765";"5467765";"0";"0"
"SCRIPT_API";"dw.web.CSRFProtection#getTokenName()";"140";"341369";"341369";"11204";"11204"
"SCRIPT_API";"dw.web.CSRFProtection#validateRequest()";"13";"917502";"917502";"2409";"2409"
"SCRIPT_API";"dw.web.ClickStream#getClicks()";"3";"15278";"15278";"46";"46"
"SCRIPT_API";"dw.web.ClickStream#isPartial()";"3";"10766";"10766";"38";"38"
"SCRIPT_API";"dw.web.ClickStreamEntry#getHost()";"106";"256181";"256181";"170085";"170085"
"SCRIPT_API";"dw.web.ClickStreamEntry#getLocale()";"106";"67086";"67086";"963";"963"
"SCRIPT_API";"dw.web.ClickStreamEntry#getPath()";"106";"64570";"64570";"1261";"1261"
"SCRIPT_API";"dw.web.ClickStreamEntry#getPipelineName()";"106";"63263";"63263";"1181";"1181"
"SCRIPT_API";"dw.web.ClickStreamEntry#getQueryString()";"106";"183166";"183166";"0";"0"
"SCRIPT_API";"dw.web.ClickStreamEntry#getReferer()";"106";"62285";"62285";"938";"938"
"SCRIPT_API";"dw.web.ClickStreamEntry#getRemoteAddress()";"106";"62498";"62498";"1040";"1040"
"SCRIPT_API";"dw.web.ClickStreamEntry#getTimestamp()";"106";"101222";"101222";"559";"559"
"SCRIPT_API";"dw.web.ClickStreamEntry#getUrl()";"106";"91009";"91009";"148";"148"
"SCRIPT_API";"dw.web.ClickStreamEntry#getUserAgent()";"106";"63470";"63470";"1084";"1084"
"SCRIPT_API";"dw.web.FormAction#getDescription()";"266";"323563";"323563";"11887";"11887"
"SCRIPT_API";"dw.web.FormAction#getLabel()";"266";"244646";"244646";"3359";"3359"
"SCRIPT_API";"dw.web.FormAction#isSubmitted()";"266";"477589";"477589";"1836";"1836"
"SCRIPT_API";"dw.web.FormAction#isTriggered()";"266";"276448";"276448";"2429";"2429"
"SCRIPT_API";"dw.web.FormElement#clearFormElement()";"89";"1175679";"1175679";"2332";"2332"
"SCRIPT_API";"dw.web.FormElement#getDynamicHtmlName()";"2805";"20374776";"20374776";"15662911";"15662911"
"SCRIPT_API";"dw.web.FormElement#getHtmlName()";"3955";"3595302";"3595302";"92614";"92614"
"SCRIPT_API";"dw.web.FormElement#isValid()";"2805";"18135729";"18135729";"14786800";"14786800"
"SCRIPT_API";"dw.web.FormField#getDescription()";"2380";"3303387";"3303387";"0";"0"
"SCRIPT_API";"dw.web.FormField#getError()";"2230";"1405544";"1405544";"75648";"75648"
"SCRIPT_API";"dw.web.FormField#getHtmlValue()";"3510";"3028239";"3028239";"92291";"92291"
"SCRIPT_API";"dw.web.FormField#getLabel()";"4148";"3686529";"3686529";"64177";"64177"
"SCRIPT_API";"dw.web.FormField#getMaxLength()";"1833";"1189579";"1189579";"59988";"59988"
"SCRIPT_API";"dw.web.FormField#getMaxValue()";"92";"248728";"248728";"2803";"2803"
"SCRIPT_API";"dw.web.FormField#getMinLength()";"1833";"1117107";"1117107";"37636";"37636"
"SCRIPT_API";"dw.web.FormField#getMinValue()";"92";"122352";"122352";"1615";"1615"
"SCRIPT_API";"dw.web.FormField#getOptions()";"57382";"28076422";"28076422";"1042622";"1042622"
"SCRIPT_API";"dw.web.FormField#getRegEx()";"1833";"1162276";"1162276";"32006";"32006"
"SCRIPT_API";"dw.web.FormField#getSelectedOption()";"345";"2584146";"2584146";"0";"0"
"SCRIPT_API";"dw.web.FormField#getType()";"5061";"3196771";"3196771";"198583";"198583"
"SCRIPT_API";"dw.web.FormField#getValue()";"138";"177360";"177360";"6889";"6889"
"SCRIPT_API";"dw.web.FormField#isChecked()";"305";"383722";"383722";"10155";"10155"
"SCRIPT_API";"dw.web.FormField#isMandatory()";"2535";"1665566";"1665566";"60358";"60358"
"SCRIPT_API";"dw.web.FormField#isSelected()";"305";"271182";"271182";"6867";"6867"
"SCRIPT_API";"dw.web.FormField#setValue(Object)";"78";"704052";"704052";"2937";"2937"
"SCRIPT_API";"dw.web.FormFieldOption#getHtmlValue()";"7300";"16853518";"16853518";"105186";"105186"
"SCRIPT_API";"dw.web.FormFieldOption#getLabel()";"14600";"10406282";"10406282";"291100";"291100"
"SCRIPT_API";"dw.web.FormFieldOption#getOptionId()";"7345";"3764192";"3764192";"192251";"192251"
"SCRIPT_API";"dw.web.FormFieldOption#getValue()";"7300";"4166142";"4166142";"193203";"193203"
"SCRIPT_API";"dw.web.FormFieldOption#isChecked()";"7300";"3955055";"3955055";"192737";"192737"
"SCRIPT_API";"dw.web.FormFieldOption#isSelected()";"7300";"3798445";"3798445";"180046";"180046"
"SCRIPT_API";"dw.web.FormFieldOptions#getOptionsCount()";"3291";"2292189";"2292189";"55206";"55206"
"SCRIPT_API";"dw.web.FormGroup#getError()";"575";"666073";"666073";"9614";"9614"
"SCRIPT_API";"dw.web.HttpParameter#getDoubleValue()";"12";"37936";"37936";"484";"484"
"SCRIPT_API";"dw.web.HttpParameter#getRawValue()";"1590";"836942";"836942";"24257";"24257"
"SCRIPT_API";"dw.web.HttpParameter#getStringValue()";"2";"380451";"380451";"208";"208"
"SCRIPT_API";"dw.web.HttpParameterMap#get(Object)";"848";"528244";"528244";"19136";"19136"
"SCRIPT_API";"dw.web.HttpParameterMap#getParameterNames()";"176";"126190";"126190";"4264";"4264"
"SCRIPT_API";"dw.web.LoopIterator#getCount()";"352";"403928";"403928";"52339";"52339"
"SCRIPT_API";"dw.web.LoopIterator#getIndex()";"478";"273819";"273819";"15364";"15364"
"SCRIPT_API";"dw.web.LoopIterator#isFirst()";"44";"156474";"156474";"3288";"3288"
"SCRIPT_API";"dw.web.LoopIterator#isLast()";"60";"68079";"68079";"5676";"5676"
"SCRIPT_API";"dw.web.PageMetaData#addPageMetaTags(Array)";"17";"373519";"373519";"90846";"90846"
"SCRIPT_API";"dw.web.PageMetaData#getDescription()";"131";"124700";"124700";"2581";"2581"
"SCRIPT_API";"dw.web.PageMetaData#getKeywords()";"131";"122498";"122498";"2460";"2460"
"SCRIPT_API";"dw.web.PageMetaData#getPageMetaTags()";"131";"495497";"495497";"0";"0"
"SCRIPT_API";"dw.web.PageMetaData#getTitle()";"131";"148613";"148613";"4468";"4468"
"SCRIPT_API";"dw.web.PageMetaTag#getContent()";"42";"62450";"62450";"817";"817"
"SCRIPT_API";"dw.web.PageMetaTag#getID()";"56";"84473";"84473";"1151";"1151"
"SCRIPT_API";"dw.web.PageMetaTag#isName()";"84";"122493";"122493";"2009";"2009"
"SCRIPT_API";"dw.web.PageMetaTag#isProperty()";"14";"54673";"54673";"327";"327"
"SCRIPT_API";"dw.web.PageMetaTag#isTitle()";"42";"116187";"116187";"939";"939"
"SCRIPT_API";"dw.web.PagingModel#appendPaging(dw.web.URL)";"6";"52045";"52045";"35";"35"
"SCRIPT_API";"dw.web.PagingModel#getCurrentPage()";"6";"15301";"15301";"342";"342"
"SCRIPT_API";"dw.web.PagingModel#getEnd()";"54";"87207";"87207";"1277";"1277"
"SCRIPT_API";"dw.web.PagingModel#getPageElements()";"6";"38721";"38721";"81";"81"
"SCRIPT_API";"dw.web.PagingModel#setPageSize(Number)";"12";"19422";"19422";"184";"184"
"SCRIPT_API";"dw.web.PagingModel#setStart(Number)";"18";"33574";"33574";"0";"0"
"SCRIPT_API";"dw.web.PagingModel(dw.util.Iterator,Number)";"12";"77562";"77562";"1853";"1853"
"SCRIPT_API";"dw.web.Resource#msg(String,String,String)";"14805";"310044703";"310044703";"1849692";"1849692"
"SCRIPT_API";"dw.web.Resource#msgf(String,String,String,Object[])";"603";"30449155";"30449155";"0";"0"
"SCRIPT_API";"dw.web.URL#append(String,String)";"3";"12579";"12579";"187";"187"
"SCRIPT_API";"dw.web.URL#appendCSRFTokenBM()";"1";"2485";"2485";"20";"20"
"SCRIPT_API";"dw.web.URL#relative()";"229";"656500";"656500";"2079";"2079"
"SCRIPT_API";"dw.web.URL#toString()";"1735";"59651676";"59651676";"22895429";"22895429"
"SCRIPT_API";"dw.web.URLAction(String,String)";"1";"16637";"16637";"0";"0"
"SCRIPT_API";"dw.web.URLUtils#abs(String,String[])";"36";"253514";"253514";"12352";"12352"
"SCRIPT_API";"dw.web.URLUtils#home()";"2";"62908";"62908";"0";"0"
"SCRIPT_API";"dw.web.URLUtils#https(String,String[])";"305";"1950150";"1950150";"18161";"18161"
"SCRIPT_API";"dw.web.URLUtils#https(dw.web.URLAction,dw.web.URLParameter[])";"1";"14912";"14912";"0";"0"
"SCRIPT_API";"dw.web.URLUtils#staticURL(String)";"686";"496943450";"496943450";"407832889";"407832889"
"SCRIPT_API";"dw.web.URLUtils#url(String,String[])";"1863";"7554680";"7554680";"101975";"101975"
"SCRIPT_CONTROLLER";"app_storefront_base/cartridge/controllers/Account.js#Header";"58";"255752296";"177375220";"5424386";"0"
"SCRIPT_CONTROLLER";"app_storefront_base/cartridge/controllers/Account.js#Show";"1";"52428607";"8152908";"24182025";"0"
"SCRIPT_CONTROLLER";"app_storefront_base/cartridge/controllers/Account.js#SubmitRegistration";"4";"96243611";"25738633";"43559381";"919224"
"SCRIPT_CONTROLLER";"app_storefront_base/cartridge/controllers/Cart.js#AddProduct";"3";"129606214";"37121268";"21237394";"0"
"SCRIPT_CONTROLLER";"app_storefront_base/cartridge/controllers/Cart.js#MiniCart";"29";"129872619";"89093413";"5709384";"0"
"SCRIPT_CONTROLLER";"app_storefront_base/cartridge/controllers/Cart.js#MiniCartShow";"14";"677159779";"265678011";"99183574";"3189009"
"SCRIPT_CONTROLLER";"app_storefront_base/cartridge/controllers/Cart.js#RemoveProductLineItem";"1";"23400368";"9947047";"2268151";"0"
"SCRIPT_CONTROLLER";"app_storefront_base/cartridge/controllers/Cart.js#SelectShippingMethod";"1";"34802955";"12578843";"4761528";"0"
"SCRIPT_CONTROLLER";"app_storefront_base/cartridge/controllers/Cart.js#Show";"9";"420776949";"111465188";"76489965";"0"
"SCRIPT_CONTROLLER";"app_storefront_base/cartridge/controllers/Checkout.js#Begin";"25";"3245037304";"680730210";"440129709";"18135805"
"SCRIPT_CONTROLLER";"app_storefront_base/cartridge/controllers/CheckoutServices.js#PlaceOrder";"1";"3700267084";"22763677";"2022971609";"315429"
"SCRIPT_CONTROLLER";"app_storefront_base/cartridge/controllers/CheckoutServices.js#SubmitCustomer";"1";"41013973";"21867277";"6643423";"35993"
"SCRIPT_CONTROLLER";"app_storefront_base/cartridge/controllers/CheckoutServices.js#SubmitPayment";"1";"1304945717";"30450952";"1233859026";"241918"
"SCRIPT_CONTROLLER";"app_storefront_base/cartridge/controllers/CheckoutShippingServices.js#SelectShippingMethod";"3";"122719060";"44922414";"18777186";"0"
"SCRIPT_CONTROLLER";"app_storefront_base/cartridge/controllers/CheckoutShippingServices.js#SubmitShipping";"6";"297318976";"145463925";"48004574";"20503457"
"SCRIPT_CONTROLLER";"app_storefront_base/cartridge/controllers/CheckoutShippingServices.js#UpdateShippingMethodsList";"2";"95070728";"38695618";"14820846";"0"
"SCRIPT_CONTROLLER";"app_storefront_base/cartridge/controllers/ConsentTracking.js#Check";"51";"127630114";"84385094";"1182037";"0"
"SCRIPT_CONTROLLER";"app_storefront_base/cartridge/controllers/ConsentTracking.js#GetContent";"1";"7715000";"5729842";"3404825";"2254744"
"SCRIPT_CONTROLLER";"app_storefront_base/cartridge/controllers/ConsentTracking.js#SetConsent";"1";"3314490";"2350254";"413";"0"
"SCRIPT_CONTROLLER";"app_storefront_base/cartridge/controllers/Default.js#Start";"1";"42992251";"12431693";"10917673";"0"
"SCRIPT_CONTROLLER";"app_storefront_base/cartridge/controllers/Error.js#Start";"3";"7013272";"3311763";"2965";"0"
"SCRIPT_CONTROLLER";"app_storefront_base/cartridge/controllers/Home.js#Show";"13";"278185314";"49687360";"115892469";"504274"
"SCRIPT_CONTROLLER";"app_storefront_base/cartridge/controllers/Login.js#Logout";"1";"11017624";"6558795";"1609881";"0"
"SCRIPT_CONTROLLER";"app_storefront_base/cartridge/controllers/Login.js#Show";"1";"26145528";"7118264";"5620999";"440067"
"SCRIPT_CONTROLLER";"app_storefront_base/cartridge/controllers/Order.js#Confirm";"1";"139568716";"17315649";"14378379";"0"
"SCRIPT_CONTROLLER";"app_storefront_base/cartridge/controllers/Page.js#Include";"298";"854919909";"610598909";"86645103";"61841793"
"SCRIPT_CONTROLLER";"app_storefront_base/cartridge/controllers/Page.js#IncludeHeaderMenu";"29";"400172208";"75985634";"245992607";"0"
"SCRIPT_CONTROLLER";"app_storefront_base/cartridge/controllers/Page.js#Locale";"58";"147825210";"113647912";"24751";"0"
"SCRIPT_CONTROLLER";"app_storefront_base/cartridge/controllers/Product.js#ShowQuickView";"3";"347612517";"43183050";"138234081";"220107"
"SCRIPT_CONTROLLER";"app_storefront_base/cartridge/controllers/Product.js#Variation";"3";"68841121";"27422947";"16331139";"0"
"SCRIPT_CONTROLLER";"app_storefront_base/cartridge/controllers/ReportingEvent.js#MiniCart";"3";"10336084";"6525101";"921";"0"
"SCRIPT_CONTROLLER";"app_storefront_base/cartridge/controllers/ReportingEvent.js#Start";"52";"85015486";"70179451";"21963";"0"
"SCRIPT_CONTROLLER";"app_storefront_base/cartridge/controllers/Search.js#Refinebar";"3";"19563109";"9996820";"650";"11729"
"SCRIPT_CONTROLLER";"app_storefront_base/cartridge/controllers/Search.js#Show";"3";"332059029";"64053569";"122837349";"1550823"
"SCRIPT_CONTROLLER";"app_storefront_base/cartridge/controllers/Tile.js#Show";"106";"1506991701";"575477661";"395366453";"2794228"
"SCRIPT_HOOK";"app_storefront_base/cartridge/scripts/hooks/cart/calculate.js#calculate";"63";"465206872";"39253288";"86384226";"193929"
"SCRIPT_HOOK";"app_storefront_base/cartridge/scripts/hooks/cart/calculate.js#calculateShipping";"63";"21842228";"3660922";"438120";"49231"
"SCRIPT_HOOK";"app_storefront_base/cartridge/scripts/hooks/cart/calculate.js#calculateTax";"63";"72620601";"38324955";"7437782";"421011"
"SCRIPT_HOOK";"app_storefront_base/cartridge/scripts/hooks/payment/processor/basic_credit#Authorize";"1";"6948631";"271269";"5922227";"0"
"SCRIPT_HOOK";"app_storefront_base/cartridge/scripts/hooks/payment/processor/basic_credit#Handle";"1";"1218952908";"3768606";"1212587180";"0"
"SCRIPT_HOOK";"app_storefront_base/cartridge/scripts/hooks/payment/processor/basic_credit#createMockToken";"1";"12824";"12824";"58";"58"
"SCRIPT_HOOK";"app_storefront_base/cartridge/scripts/hooks/payment/processor/basic_credit_form_processor#processForm";"1";"4048359";"3703893";"81132";"76480"
"SCRIPT_HOOK";"app_storefront_base/cartridge/scripts/hooks/payment/processor/basic_credit_form_processor#savePaymentInformation";"1";"16699855";"745688";"13788232";"138"
"SF_PAGE";"/Sites-RefArch-Site/-/null-null";"1";"43584272";"592021";"10917724";"51"
"SF_PAGE";"/Sites-RefArch-Site/en_US/Account-Header";"58";"266689935";"10937639";"5463169";"38783"
"SF_PAGE";"/Sites-RefArch-Site/en_US/Account-Show";"1";"52709694";"281087";"24182606";"581"
"SF_PAGE";"/Sites-RefArch-Site/en_US/Account-SubmitRegistration";"4";"104489840";"8246229";"47163363";"3603982"
"SF_PAGE";"/Sites-RefArch-Site/en_US/Cart-AddProduct";"3";"161693661";"32087447";"49703555";"28466161"
"SF_PAGE";"/Sites-RefArch-Site/en_US/Cart-MiniCart";"29";"139474857";"9602238";"9341190";"3631806"
"SF_PAGE";"/Sites-RefArch-Site/en_US/Cart-MiniCartShow";"14";"680592976";"3433197";"99194740";"11166"
"SF_PAGE";"/Sites-RefArch-Site/en_US/Cart-RemoveProductLineItem";"1";"29191657";"5791289";"7045617";"4777466"
"SF_PAGE";"/Sites-RefArch-Site/en_US/Cart-SelectShippingMethod";"1";"39211635";"4408680";"8281273";"3519745"
"SF_PAGE";"/Sites-RefArch-Site/en_US/Cart-Show";"9";"423389026";"2612077";"76496950";"6985"
"SF_PAGE";"/Sites-RefArch-Site/en_US/Checkout-Begin";"25";"3284146565";"32095989";"450705707";"10573033"
"SF_PAGE";"/Sites-RefArch-Site/en_US/CheckoutServices-PlaceOrder";"1";"3706627860";"6360776";"2028365257";"5393648"
"SF_PAGE";"/Sites-RefArch-Site/en_US/CheckoutServices-SubmitCustomer";"1";"45653743";"4639770";"9898933";"3255510"
"SF_PAGE";"/Sites-RefArch-Site/en_US/CheckoutServices-SubmitPayment";"1";"1310203306";"5257589";"1237762890";"3903864"
"SF_PAGE";"/Sites-RefArch-Site/en_US/CheckoutShippingServices-SelectShippingMethod";"3";"138062025";"15342965";"30590792";"11813606"
"SF_PAGE";"/Sites-RefArch-Site/en_US/CheckoutShippingServices-SubmitShipping";"6";"313379272";"16060296";"58434000";"10429426"
"SF_PAGE";"/Sites-RefArch-Site/en_US/CheckoutShippingServices-UpdateShippingMethodsList";"2";"115894736";"20824008";"31947429";"17126583"
"SF_PAGE";"/Sites-RefArch-Site/en_US/ConsentTracking-Check";"51";"137131304";"9501190";"1209504";"27467"
"SF_PAGE";"/Sites-RefArch-Site/en_US/ConsentTracking-GetContent";"1";"7888891";"173891";"3405469";"644"
"SF_PAGE";"/Sites-RefArch-Site/en_US/ConsentTracking-SetConsent";"1";"3574997";"260507";"601";"188"
"SF_PAGE";"/Sites-RefArch-Site/en_US/Home-Show";"13";"284389512";"6204198";"116310499";"418030"
"SF_PAGE";"/Sites-RefArch-Site/en_US/Login-Logout";"1";"16201906";"5184282";"5437135";"3827254"
"SF_PAGE";"/Sites-RefArch-Site/en_US/Login-Show";"1";"26371916";"226388";"5621761";"762"
"SF_PAGE";"/Sites-RefArch-Site/en_US/Order-Confirm";"1";"143891503";"4322787";"17640045";"3261666"
"SF_PAGE";"/Sites-RefArch-Site/en_US/Page-Include";"298";"904814417";"49894508";"86831209";"186106"
"SF_PAGE";"/Sites-RefArch-Site/en_US/Page-IncludeHeaderMenu";"29";"405221991";"5049783";"245987898";"0"
"SF_PAGE";"/Sites-RefArch-Site/en_US/Page-Locale";"58";"159118581";"11293371";"209477";"184726"
"SF_PAGE";"/Sites-RefArch-Site/en_US/Product-ShowQuickView";"3";"348948412";"1335895";"138235454";"1373"
"SF_PAGE";"/Sites-RefArch-Site/en_US/Product-Variation";"3";"69918984";"1077863";"16345191";"14052"
"SF_PAGE";"/Sites-RefArch-Site/en_US/ReportingEvent-MiniCart";"3";"10971893";"635809";"3387";"2466"
"SF_PAGE";"/Sites-RefArch-Site/en_US/ReportingEvent-Start";"52";"95792998";"10777512";"53578";"31615"
"SF_PAGE";"/Sites-RefArch-Site/en_US/Search-Refinebar";"3";"20075316";"512207";"2500";"1850"
"SF_PAGE";"/Sites-RefArch-Site/en_US/Search-Show";"3";"332936627";"877598";"122839724";"2375"
"SF_PAGE";"/Sites-RefArch-Site/en_US/Tile-Show";"106";"1527685606";"20693905";"395435648";"69195"
"SF_PAGE";"/Sites-RefArch-Site/en_US/__SYSTEM__Slot-Render";"158";"510098582";"85616861";"252686162";"5077534"
"SF_PAGE";"/Sites-RefArch-Site/en_US/__SYSTEM__Slot-Request";"167";"424810385";"424810385";"223572482";"223572482"
"SF_PAGE";"/Sites-RefArch-Site/en_US/__SYSTEM__StorefrontToolkit-Start";"51";"44344037";"44344037";"52733";"52733"
