"Type";"Name";"Count";"TotalTime";"OwnTime";"TotalWaitTime";"OwnWaitTime"
"ISML";"app_storefront_base/default//account/login";"1";"19738628";"2111619";"7549818";"0"
"ISML";"app_storefront_base/default//common/consent";"13";"5020163";"4381922";"2204";"0"
"ISML";"app_storefront_base/default//common/htmlHead";"13";"92384560";"11829492";"61460541";"631128"
"ISML";"app_storefront_base/default//common/scripts";"26";"2707906";"2007398";"0";"0"
"ISML";"app_storefront_base/default//components/content/contentAsset";"76";"3536173";"3343461";"0";"0"
"ISML";"app_storefront_base/default//components/content/offlineContent";"9";"269819";"269819";"1484";"1484"
"ISML";"app_storefront_base/default//components/footer/pageFooter";"13";"6369283";"3088362";"3291";"1566"
"ISML";"app_storefront_base/default//components/header/countrySelector";"9";"1351515";"1351515";"1759";"1759"
"ISML";"app_storefront_base/default//components/header/menu";"9";"5501170";"4413846";"1030";"0"
"ISML";"app_storefront_base/default//components/header/miniCart";"9";"3336868";"2795811";"12818";"10251"
"ISML";"app_storefront_base/default//components/header/mobileCountrySelector";"9";"1195820";"1195820";"1315";"1315"
"ISML";"app_storefront_base/default//components/header/pageHeader";"9";"28619443";"5423704";"15092871";"0"
"ISML";"app_storefront_base/default//components/header/pageHeaderNomenu";"4";"9676716";"1130660";"6495456";"2357"
"ISML";"app_storefront_base/default//components/header/skipNav";"13";"1238583";"849618";"2229";"130"
"ISML";"app_storefront_base/default//components/modules";"15";"183400";"183400";"1925";"1925"
"ISML";"app_storefront_base/default//components/schema";"9";"702172";"702172";"8033";"8033"
"ISML";"app_storefront_base/default//product/components/pricing/default";"100";"13968232";"9059934";"58213";"50144"
"ISML";"app_storefront_base/default//product/components/pricing/formatted";"102";"1893249";"1893249";"9168";"9168"
"ISML";"app_storefront_base/default//product/components/pricing/main";"10";"1178421";"451650";"1316";"736"
"ISML";"app_storefront_base/default//reporting/reporting";"15";"593926";"593926";"1262";"1262"
"ISML";"app_storefront_base/default//reporting/reportingUrls";"2";"891126";"891126";"0";"0"
"ISML";"app_storefront_base/default//search/searchRefineBar";"2";"1334117";"556258";"1107";"720"
"ISML";"app_storefront_base/default/account/accountDashboard";"1";"152694859";"984839";"10406673";"0"
"ISML";"app_storefront_base/default/account/addressBookCard";"1";"1693048";"1634524";"1063392";"1062639"
"ISML";"app_storefront_base/default/account/components/loginForm";"1";"378855";"324700";"594";"0"
"ISML";"app_storefront_base/default/account/components/navTabs";"1";"132166";"112733";"575";"485"
"ISML";"app_storefront_base/default/account/components/oauth";"1";"216450";"189894";"424";"68"
"ISML";"app_storefront_base/default/account/components/registerForm";"1";"2656310";"823016";"361";"0"
"ISML";"app_storefront_base/default/account/components/trackOrderForm";"1";"520088";"416308";"511";"0"
"ISML";"app_storefront_base/default/account/components/trackOrderFormBillingZipCode";"1";"67224";"56954";"523";"448"
"ISML";"app_storefront_base/default/account/dashboardProfileCards";"1";"136975328";"2619002";"2119386";"0"
"ISML";"app_storefront_base/default/account/header";"9";"6107644";"2691194";"1884";"1891"
"ISML";"app_storefront_base/default/account/mobileHeader";"9";"2431103";"2108449";"1908";"0"
"ISML";"app_storefront_base/default/account/order/orderHistoryCard";"1";"129989179";"74882809";"1055839";"1045618"
"ISML";"app_storefront_base/default/account/order/shippingTitle";"1";"54998485";"54957116";"8649";"6975"
"ISML";"app_storefront_base/default/account/password/passwordResetForm";"1";"172673";"145160";"326";"83"
"ISML";"app_storefront_base/default/account/password/requestPasswordResetModal";"1";"407634";"224454";"492";"0"
"ISML";"app_storefront_base/default/account/passwordCard";"1";"181886";"149966";"469";"111"
"ISML";"app_storefront_base/default/account/payment/savedPayment";"1";"136529";"117569";"658";"290"
"ISML";"app_storefront_base/default/account/paymentCard";"1";"2172059";"690378";"760";"973"
"ISML";"app_storefront_base/default/account/profileCard";"1";"320154";"265197";"461";"0"
"ISML";"app_storefront_base/default/cart/cart";"2";"24865928";"3779400";"7619107";"807"
"ISML";"app_storefront_base/default/cart/cartApproachingDiscount";"2";"109134";"106143";"767";"700"
"ISML";"app_storefront_base/default/cart/cartCouponDisplay";"29";"2884850";"2884850";"4711";"4711"
"ISML";"app_storefront_base/default/cart/cartPromoCode";"2";"297204";"239093";"618";"265"
"ISML";"app_storefront_base/default/cart/cartRemoveCouponModal";"2";"203800";"159826";"869";"560"
"ISML";"app_storefront_base/default/cart/cartRemoveProductModal";"6";"525610";"385010";"1085";"0"
"ISML";"app_storefront_base/default/cart/cartShippingMethodSelection";"2";"361243";"342603";"718";"536"
"ISML";"app_storefront_base/default/cart/cartTotals";"2";"367099";"299571";"555";"124"
"ISML";"app_storefront_base/default/cart/checkoutButtons";"6";"644377";"551210";"1001";"418"
"ISML";"app_storefront_base/default/cart/productCard/cartProductCard";"2";"3947851";"1522386";"965";"0"
"ISML";"app_storefront_base/default/cart/productCard/cartProductCardAvailability";"10";"468535";"468535";"462";"462"
"ISML";"app_storefront_base/default/cart/productCard/cartProductCardEdit";"2";"292005";"230344";"843";"401"
"ISML";"app_storefront_base/default/cart/productCard/cartProductCardHeader";"2";"614646";"435263";"1536";"535"
"ISML";"app_storefront_base/default/cart/productCard/cartProductCardProductPrice";"2";"1338494";"367551";"1038";"471"
"ISML";"app_storefront_base/default/checkout/addressSummary";"12";"879436";"879436";"745";"745"
"ISML";"app_storefront_base/default/checkout/billing/addressSelector";"4";"1494709";"1008514";"1002";"0"
"ISML";"app_storefront_base/default/checkout/billing/addressSelectorShipping";"4";"426797";"401227";"760";"729"
"ISML";"app_storefront_base/default/checkout/billing/billing";"4";"25571411";"2843399";"5547387";"0"
"ISML";"app_storefront_base/default/checkout/billing/billingAddress";"4";"6212694";"5831897";"942";"0"
"ISML";"app_storefront_base/default/checkout/billing/billingSummary";"5";"2145134";"1310614";"1568";"0"
"ISML";"app_storefront_base/default/checkout/billing/creditCardForm";"4";"3578442";"3319126";"817";"0"
"ISML";"app_storefront_base/default/checkout/billing/paymentOptions";"4";"14764954";"1243910";"5547751";"0"
"ISML";"app_storefront_base/default/checkout/billing/paymentOptions/creditCardContent";"4";"4961358";"1097223";"955";"0"
"ISML";"app_storefront_base/default/checkout/billing/paymentOptions/creditCardSummary";"1";"83133";"67385";"470";"424"
"ISML";"app_storefront_base/default/checkout/billing/paymentOptions/creditCardTab";"4";"7137775";"300412";"5547280";"3307"
"ISML";"app_storefront_base/default/checkout/billing/paymentOptions/paymentOptionsContent";"4";"5679368";"718010";"995";"40"
"ISML";"app_storefront_base/default/checkout/billing/paymentOptions/paymentOptionsSummary";"5";"481924";"398791";"1082";"612"
"ISML";"app_storefront_base/default/checkout/billing/paymentOptions/paymentOptionsTabs";"4";"7841676";"703901";"5547101";"0"
"ISML";"app_storefront_base/default/checkout/billing/storedPaymentInstruments";"1";"273571";"227498";"359";"0"
"ISML";"app_storefront_base/default/checkout/cart/miniCart";"4";"12058882";"3737508";"670";"0"
"ISML";"app_storefront_base/default/checkout/checkout";"4";"272536901";"11480545";"28044517";"0"
"ISML";"app_storefront_base/default/checkout/confirmation/confirmation";"1";"23585659";"1552776";"9154035";"0"
"ISML";"app_storefront_base/default/checkout/confirmation/confirmationCreateAccount";"1";"2135976";"2026225";"1103684";"1102213"
"ISML";"app_storefront_base/default/checkout/confirmation/confirmationCreateAccountExtension";"1";"23678";"23678";"763";"763"
"ISML";"app_storefront_base/default/checkout/confirmation/confirmationDetails";"1";"3466599";"759830";"578";"0"
"ISML";"app_storefront_base/default/checkout/confirmation/confirmationEmail";"1";"3287693";"1675689";"432";"0"
"ISML";"app_storefront_base/default/checkout/confirmation/confirmationOrderTotal";"1";"254505";"219477";"642";"228"
"ISML";"app_storefront_base/default/checkout/confirmation/confirmationPaymentInfo";"1";"201969";"181387";"447";"191"
"ISML";"app_storefront_base/default/checkout/confirmation/shippingTitle";"1";"94869";"78567";"751";"552"
"ISML";"app_storefront_base/default/checkout/customer/customer";"3";"5619082";"1020445";"14967";"0"
"ISML";"app_storefront_base/default/checkout/customer/customerCard";"3";"1544739";"1326370";"14555";"11996"
"ISML";"app_storefront_base/default/checkout/customer/customerOAuthCard";"3";"3010155";"551435";"935";"2166"
"ISML";"app_storefront_base/default/checkout/customer/customerSummary";"4";"357658";"314883";"1187";"577"
"ISML";"app_storefront_base/default/checkout/orderProductSummary";"5";"4789277";"1028392";"1176";"626"
"ISML";"app_storefront_base/default/checkout/orderTotalSummary";"5";"1052393";"879862";"1701";"406"
"ISML";"app_storefront_base/default/checkout/productCard/productCard";"9";"10397546";"6000775";"2688";"0"
"ISML";"app_storefront_base/default/checkout/productCard/productCardProductName";"9";"173123";"173123";"1325";"1325"
"ISML";"app_storefront_base/default/checkout/productCard/productCardProductNameAndRemove";"4";"499713";"419374";"1503";"1464"
"ISML";"app_storefront_base/default/checkout/productCard/productCardProductPromotions";"6";"150367";"150367";"996";"996"
"ISML";"app_storefront_base/default/checkout/productCard/productCardProductRenderedTotalPrice";"52";"12055382";"9115164";"236147";"41665"
"ISML";"app_storefront_base/default/checkout/productCard/productCardProductTotalPrice";"63";"3262724";"3262724";"195029";"195029"
"ISML";"app_storefront_base/default/checkout/productCard/productCardQuantityDisplay";"5";"399428";"345523";"1036";"831"
"ISML";"app_storefront_base/default/checkout/productCard/productCardQuantitySelector";"6";"2108501";"1531095";"1198";"0"
"ISML";"app_storefront_base/default/checkout/productCard/productShippingCard";"4";"815919";"727287";"1317";"722"
"ISML";"app_storefront_base/default/checkout/shipping/giftMessageSummary";"13";"594981";"482046";"2602";"1522"
"ISML";"app_storefront_base/default/checkout/shipping/isGift";"8";"1470865";"1224856";"635";"0"
"ISML";"app_storefront_base/default/checkout/shipping/multiShipCheckbox";"4";"166222";"166222";"885";"885"
"ISML";"app_storefront_base/default/checkout/shipping/multiShippingButtons";"8";"696411";"504088";"1070";"0"
"ISML";"app_storefront_base/default/checkout/shipping/selectedShippingMethod";"28";"883059";"883059";"2157";"2157"
"ISML";"app_storefront_base/default/checkout/shipping/shipmentCard";"8";"166365166";"138461672";"27580";"0"
"ISML";"app_storefront_base/default/checkout/shipping/shipmentSelector";"8";"4630253";"1493700";"2487";"0"
"ISML";"app_storefront_base/default/checkout/shipping/shipmentSelectorOptions";"8";"2895381";"2771330";"1199";"743"
"ISML";"app_storefront_base/default/checkout/shipping/shipping";"4";"171929175";"4526290";"28297";"0"
"ISML";"app_storefront_base/default/checkout/shipping/shippingAddress";"8";"13848519";"9780409";"1095";"0"
"ISML";"app_storefront_base/default/checkout/shipping/shippingAddressTemplate";"4";"264693";"194152";"1007";"655"
"ISML";"app_storefront_base/default/checkout/shipping/shippingCard";"8";"3434947";"1709810";"2689";"1681"
"ISML";"app_storefront_base/default/checkout/shipping/shippingCardShippingAddress";"6";"1298670";"1298670";"0";"0"
"ISML";"app_storefront_base/default/checkout/shipping/shippingMethod";"8";"3642613";"2695162";"1191";"0"
"ISML";"app_storefront_base/default/checkout/shipping/shippingSummary";"5";"6041938";"2305934";"957";"0"
"ISML";"app_storefront_base/default/checkout/shipping/shippingTitle";"5";"238088";"184664";"1300";"962"
"ISML";"app_storefront_base/default/common/layout/checkout";"4";"42876067";"5075870";"22454492";"19285"
"ISML";"app_storefront_base/default/common/layout/page";"9";"116728367";"12938985";"60606043";"0"
"ISML";"app_storefront_base/default/components/breadcrumbs/pageBreadcrumbs";"2";"289158";"254293";"21888";"871"
"ISML";"app_storefront_base/default/components/content/contentAssetInc";"67";"20932418";"20932418";"1176535";"1176535"
"ISML";"app_storefront_base/default/components/deleteButton";"4";"286883";"227937";"1077";"1155"
"ISML";"app_storefront_base/default/components/header/menuItem";"9";"638010";"638010";"1225";"1225"
"ISML";"app_storefront_base/default/components/header/search";"18";"3027266";"2477424";"3935";"0"
"ISML";"app_storefront_base/default/home/homePage";"2";"48443675";"2006887";"21676868";"0"
"ISML";"app_storefront_base/default/product/components/addToCartGlobal";"2";"284474";"260311";"620";"0"
"ISML";"app_storefront_base/default/product/components/attributes";"2";"148686";"148686";"258";"258"
"ISML";"app_storefront_base/default/product/components/attributesPre";"2";"667390";"518704";"789";"531"
"ISML";"app_storefront_base/default/product/components/availability";"4";"317803";"247748";"1195";"792"
"ISML";"app_storefront_base/default/product/components/imageCarousel";"2";"674810";"570263";"1015";"0"
"ISML";"app_storefront_base/default/product/components/mainAttributes";"2";"106935";"106935";"470";"470"
"ISML";"app_storefront_base/default/product/components/options";"2";"236982";"236982";"512";"512"
"ISML";"app_storefront_base/default/product/components/pricing/ajaxMain";"54";"24048028";"12268242";"145841";"29365"
"ISML";"app_storefront_base/default/product/components/pricing/main";"90";"19675593";"6434132";"119523";"61890"
"ISML";"app_storefront_base/default/product/components/productRating";"34";"1875066";"1875066";"0";"0"
"ISML";"app_storefront_base/default/product/components/productTileImage";"34";"4084488";"3118437";"3141";"3354"
"ISML";"app_storefront_base/default/product/components/productTileName";"34";"1017622";"1017622";"1224";"1224"
"ISML";"app_storefront_base/default/product/components/productTileSwatch";"34";"6758097";"3770753";"1275";"0"
"ISML";"app_storefront_base/default/product/components/promotions";"4";"359814";"359814";"446";"446"
"ISML";"app_storefront_base/default/product/components/quantity";"4";"901613";"866263";"86";"0"
"ISML";"app_storefront_base/default/product/components/ratings";"34";"3727893";"1852827";"2578";"5944"
"ISML";"app_storefront_base/default/product/components/variationAttribute";"4";"1535259";"1461468";"581615";"580421"
"ISML";"app_storefront_base/default/product/gridTile";"34";"39963650";"6546856";"27748";"24241"
"ISML";"app_storefront_base/default/product/productTile";"34";"33416794";"7516156";"3507";"0"
"ISML";"app_storefront_base/default/product/productTileFooter";"34";"6362714";"1862975";"1966";"1125"
"ISML";"app_storefront_base/default/product/quickView";"2";"7468144";"3196608";"581791";"0"
"ISML";"app_storefront_base/default/reporting/reportingUrls";"11";"1329711";"1329711";"0";"0"
"ISML";"app_storefront_base/default/search/components/productTiles";"2";"225283403";"225018555";"156564592";"156534542"
"ISML";"app_storefront_base/default/search/filterBar";"2";"375093";"328403";"883";"598"
"ISML";"app_storefront_base/default/search/productGrid";"2";"226402409";"1060224";"156564903";"11"
"ISML";"app_storefront_base/default/search/resultsCount";"4";"6635180";"3126680";"1017665";"1019943"
"ISML";"app_storefront_base/default/search/searchResults";"2";"254857260";"1729052";"165657242";"8718"
"ISML";"app_storefront_base/default/search/searchResultsNoDecorator";"2";"235994048";"2218960";"157581838";"0"
"ISML";"app_storefront_base/default/search/sortOrderMenu";"2";"731815";"699005";"623";"438"
"ISML";"app_storefront_base/default/slots/content/contentAssetBody";"19";"61228127";"60932330";"37848423";"37847468"
"ISML";"app_storefront_base/default/slots/content/htmlSlotContainer";"13";"7988499";"1381324";"11803";"8820"
"ISML";"app_storefront_base/default/slots/htmlSlotContainer";"13";"6607175";"6339540";"2983";"2358"
"ISML";"app_storefront_base/default/slots/product/homePageProductSlot";"2";"1809288";"1571972";"1856";"0"
"ONREQUEST";"/Sites-RefArch-Site/en_US/Account-Login";"1";"2675326";"2675326";"1014";"1014"
"ONREQUEST";"/Sites-RefArch-Site/en_US/Account-Show";"1";"715573";"715573";"194";"194"
"ONREQUEST";"/Sites-RefArch-Site/en_US/Cart-AddProduct";"2";"1773676";"1773676";"6842";"6842"
"ONREQUEST";"/Sites-RefArch-Site/en_US/Cart-MiniCartShow";"4";"3114518";"3114518";"2501";"2501"
"ONREQUEST";"/Sites-RefArch-Site/en_US/Cart-RemoveProductLineItem";"1";"829116";"829116";"264";"264"
"ONREQUEST";"/Sites-RefArch-Site/en_US/Cart-Show";"2";"1728927";"1728927";"1195";"1195"
"ONREQUEST";"/Sites-RefArch-Site/en_US/Checkout-Begin";"4";"37435124";"37435124";"28435055";"28435055"
"ONREQUEST";"/Sites-RefArch-Site/en_US/CheckoutServices-PlaceOrder";"1";"797780";"797780";"436";"436"
"ONREQUEST";"/Sites-RefArch-Site/en_US/CheckoutServices-SubmitCustomer";"1";"978307";"978307";"1065";"1065"
"ONREQUEST";"/Sites-RefArch-Site/en_US/CheckoutServices-SubmitPayment";"4";"6279576";"6279576";"0";"0"
"ONREQUEST";"/Sites-RefArch-Site/en_US/CheckoutShippingServices-SubmitShipping";"8";"100775114";"100775114";"67647030";"67647030"
"ONREQUEST";"/Sites-RefArch-Site/en_US/CheckoutShippingServices-UpdateShippingMethodsList";"1";"841927";"841927";"0";"0"
"ONREQUEST";"/Sites-RefArch-Site/en_US/Home-Show";"2";"299848253";"299848253";"273869540";"273869540"
"ONREQUEST";"/Sites-RefArch-Site/en_US/Login-Show";"1";"834023";"834023";"438";"438"
"ONREQUEST";"/Sites-RefArch-Site/en_US/Order-Confirm";"1";"656836";"656836";"607";"607"
"ONREQUEST";"/Sites-RefArch-Site/en_US/Product-ShowQuickView";"2";"1686852";"1686852";"487";"487"
"ONREQUEST";"/Sites-RefArch-Site/en_US/Product-Variation";"2";"1817389";"1817389";"1777";"1777"
"ONREQUEST";"/Sites-RefArch-Site/en_US/ReportingEvent-MiniCart";"2";"1650376";"1650376";"2007";"2007"
"ONREQUEST";"/Sites-RefArch-Site/en_US/Search-Show";"2";"1747655";"1747655";"7506";"7506"
"ONREQUEST";"/Sites-RefArch-Site/en_US/__Analytics-Start";"25";"27484334";"27484334";"11004";"11004"
"ONREQUEST";"/Sites-RefArch-Site/en_US/__SYSTEM__StorefrontToolkit-Start";"13";"9870469";"9870469";"8156";"8156"
"PIPELINE_NODE";"bc_api:Assign";"11";"6631831";"6631831";"0";"0"
"SCRIPT_API";"dw.campaign.DiscountPlan#getApproachingOrderDiscounts()";"9";"46623";"46623";"21";"21"
"SCRIPT_API";"dw.campaign.DiscountPlan#getApproachingShippingDiscounts(dw.order.Shipment)";"9";"77558";"77558";"0";"0"
"SCRIPT_API";"dw.campaign.Promotion#getID()";"16";"48683";"48683";"279";"279"
"SCRIPT_API";"dw.campaign.PromotionMgr#applyDiscounts(dw.order.LineItemCtnr)";"48";"158001271";"158001271";"75377224";"75377224"
"SCRIPT_API";"dw.campaign.PromotionMgr#getActiveCustomerPromotions()";"60";"9339516";"9339516";"0";"0"
"SCRIPT_API";"dw.campaign.PromotionMgr#getDiscounts(dw.order.LineItemCtnr)";"9";"10784198";"10784198";"101826";"101826"
"SCRIPT_API";"dw.campaign.PromotionPlan#getProductPromotions()";"4";"517301";"517301";"2735";"2735"
"SCRIPT_API";"dw.campaign.PromotionPlan#getProductPromotions(dw.catalog.Product)";"56";"19101588";"19101588";"4183629";"4183629"
"SCRIPT_API";"dw.campaign.SlotContent#getContent()";"34";"171939";"171939";"0";"0"
"SCRIPT_API";"dw.catalog.Catalog#getRoot()";"13";"1570622";"1570622";"1139267";"1139267"
"SCRIPT_API";"dw.catalog.CatalogMgr#getCategory(String)";"6";"149268";"149268";"1551";"1551"
"SCRIPT_API";"dw.catalog.CatalogMgr#getSiteCatalog()";"13";"208318";"208318";"6139";"6139"
"SCRIPT_API";"dw.catalog.CatalogMgr#getSortingOptions()";"4";"2665773";"2665773";"2060167";"2060167"
"SCRIPT_API";"dw.catalog.Category#getDefaultSortingRule()";"8";"528433";"528433";"0";"0"
"SCRIPT_API";"dw.catalog.Category#getDisplayName()";"22";"498013";"498013";"0";"0"
"SCRIPT_API";"dw.catalog.Category#getID()";"44";"54900";"54900";"2451";"2451"
"SCRIPT_API";"dw.catalog.Category#getImage()";"4";"16459";"16459";"424";"424"
"SCRIPT_API";"dw.catalog.Category#getOnlineSubCategories()";"27";"16639073";"16639073";"13027748";"13027748"
"SCRIPT_API";"dw.catalog.Category#getPageDescription()";"4";"46916";"46916";"0";"0"
"SCRIPT_API";"dw.catalog.Category#getPageKeywords()";"4";"56315";"56315";"0";"0"
"SCRIPT_API";"dw.catalog.Category#getPageTitle()";"4";"74990";"74990";"0";"0"
"SCRIPT_API";"dw.catalog.Category#getTemplate()";"2";"8361";"8361";"22";"22"
"SCRIPT_API";"dw.catalog.Category#hasOnlineProducts()";"72";"81146345";"81146345";"71743259";"71743259"
"SCRIPT_API";"dw.catalog.Category#hasOnlineSubCategories()";"63";"734483";"734483";"0";"0"
"SCRIPT_API";"dw.catalog.Category#isOnline()";"4";"31970";"31970";"0";"0"
"SCRIPT_API";"dw.catalog.PriceBook#getID()";"120";"125708";"125708";"2132";"2132"
"SCRIPT_API";"dw.catalog.PriceBook#getParentPriceBook()";"94";"153783";"153783";"2934";"2934"
"SCRIPT_API";"dw.catalog.PriceBookMgr#getApplicablePriceBooks()";"4";"34260";"34260";"69";"69"
"SCRIPT_API";"dw.catalog.PriceBookMgr#setApplicablePriceBooks(dw.catalog.PriceBook[])";"8";"118740";"118740";"0";"0"
"SCRIPT_API";"dw.catalog.Product#getAttributeModel()";"4";"2004793";"2004793";"32826";"32826"
"SCRIPT_API";"dw.catalog.Product#getAvailabilityModel()";"223";"8706388";"8706388";"5325992";"5325992"
"SCRIPT_API";"dw.catalog.Product#getBrand()";"28";"44659";"44659";"787";"787"
"SCRIPT_API";"dw.catalog.Product#getID()";"206";"301170";"301170";"9085";"9085"
"SCRIPT_API";"dw.catalog.Product#getImages(String)";"86";"19873187";"19873187";"2100859";"2100859"
"SCRIPT_API";"dw.catalog.Product#getLongDescription()";"4";"120301";"120301";"0";"0"
"SCRIPT_API";"dw.catalog.Product#getMinOrderQuantity()";"112";"252077";"252077";"5058";"5058"
"SCRIPT_API";"dw.catalog.Product#getName()";"28";"684276";"684276";"0";"0"
"SCRIPT_API";"dw.catalog.Product#getOptionModel()";"58";"2011320";"2011320";"1097566";"1097566"
"SCRIPT_API";"dw.catalog.Product#getPageDescription()";"2";"28709";"28709";"9";"9"
"SCRIPT_API";"dw.catalog.Product#getPageKeywords()";"2";"22569";"22569";"0";"0"
"SCRIPT_API";"dw.catalog.Product#getPageMetaTags()";"4";"240358";"240358";"0";"0"
"SCRIPT_API";"dw.catalog.Product#getPageTitle()";"2";"47641";"47641";"67";"67"
"SCRIPT_API";"dw.catalog.Product#getPriceModel()";"82";"54108663";"54108663";"39163463";"39163463"
"SCRIPT_API";"dw.catalog.Product#getPriceModel(dw.catalog.ProductOptionModel)";"52";"6102926";"6102926";"1109083";"1109083"
"SCRIPT_API";"dw.catalog.Product#getPrimaryCategory()";"6";"108318";"108318";"1357";"1357"
"SCRIPT_API";"dw.catalog.Product#getShortDescription()";"4";"70526";"70526";"0";"0"
"SCRIPT_API";"dw.catalog.Product#getStepQuantity()";"4";"29825";"29825";"29";"29"
"SCRIPT_API";"dw.catalog.Product#getTemplate()";"2";"7481";"7481";"272";"272"
"SCRIPT_API";"dw.catalog.Product#getVariationModel()";"76";"2286121";"2286121";"0";"0"
"SCRIPT_API";"dw.catalog.Product#isBundle()";"4";"18333";"18333";"296";"296"
"SCRIPT_API";"dw.catalog.Product#isMaster()";"202";"241360";"241360";"6330";"6330"
"SCRIPT_API";"dw.catalog.Product#isOnline()";"27";"2023019";"2023019";"0";"0"
"SCRIPT_API";"dw.catalog.Product#isVariant()";"62";"96454";"96454";"1563";"1563"
"SCRIPT_API";"dw.catalog.Product#isVariationGroup()";"100";"106479";"106479";"1768";"1768"
"SCRIPT_API";"dw.catalog.ProductAttributeModel#getVisibleAttributeGroups()";"4";"59519";"59519";"661";"661"
"SCRIPT_API";"dw.catalog.ProductAvailabilityLevels#getBackorder()";"52";"63146";"63146";"851";"851"
"SCRIPT_API";"dw.catalog.ProductAvailabilityLevels#getInStock()";"104";"89393";"89393";"2812";"2812"
"SCRIPT_API";"dw.catalog.ProductAvailabilityLevels#getNotAvailable()";"75";"97161";"97161";"1580";"1580"
"SCRIPT_API";"dw.catalog.ProductAvailabilityLevels#getPreorder()";"52";"71496";"71496";"1401";"1401"
"SCRIPT_API";"dw.catalog.ProductAvailabilityModel#getAvailabilityLevels(Number)";"75";"4680567";"4680567";"0";"0"
"SCRIPT_API";"dw.catalog.ProductAvailabilityModel#getInventoryRecord()";"152";"203368";"203368";"3206";"3206"
"SCRIPT_API";"dw.catalog.ProductAvailabilityModel#isOrderable(Number)";"100";"1860776";"1860776";"0";"0"
"SCRIPT_API";"dw.catalog.ProductInventoryRecord#getATS()";"50";"1244942";"1244942";"0";"0"
"SCRIPT_API";"dw.catalog.ProductInventoryRecord#getInStockDate()";"50";"103475";"103475";"1029";"1029"
"SCRIPT_API";"dw.catalog.ProductInventoryRecord#isPerpetual()";"50";"108008";"108008";"568";"568"
"SCRIPT_API";"dw.catalog.ProductMgr#getProduct(String)";"92";"995885";"995885";"1354";"1354"
"SCRIPT_API";"dw.catalog.ProductOptionModel#getOptions()";"118";"410064";"410064";"1753";"1753"
"SCRIPT_API";"dw.catalog.ProductPriceInfo#getPriceBook()";"120";"168267";"168267";"2394";"2394"
"SCRIPT_API";"dw.catalog.ProductPriceModel#getPrice()";"104";"815645";"815645";"2084";"2084"
"SCRIPT_API";"dw.catalog.ProductPriceModel#getPrice(dw.value.Quantity)";"46";"2598731";"2598731";"419254";"419254"
"SCRIPT_API";"dw.catalog.ProductPriceModel#getPriceBookPrice(String)";"52";"12364829";"12364829";"8625951";"8625951"
"SCRIPT_API";"dw.catalog.ProductPriceModel#getPriceInfo()";"154";"2393582";"2393582";"0";"0"
"SCRIPT_API";"dw.catalog.ProductPriceModel#getPriceTable()";"52";"4177874";"4177874";"2189612";"2189612"
"SCRIPT_API";"dw.catalog.ProductPriceModel#isPriceRange()";"2";"2668391";"2668391";"2014090";"2014090"
"SCRIPT_API";"dw.catalog.ProductPriceTable#getQuantities()";"52";"225372";"225372";"442";"442"
"SCRIPT_API";"dw.catalog.ProductSearchHit#getDiscountedPromotionIDs()";"34";"1843055";"1843055";"0";"0"
"SCRIPT_API";"dw.catalog.ProductSearchHit#getFirstRepresentedProduct()";"34";"2562186";"2562186";"1957943";"1957943"
"SCRIPT_API";"dw.catalog.ProductSearchHit#getFirstRepresentedProductID()";"8";"24654";"24654";"140";"140"
"SCRIPT_API";"dw.catalog.ProductSearchHit#getMaxPrice()";"72";"190062";"190062";"0";"0"
"SCRIPT_API";"dw.catalog.ProductSearchHit#getMinPrice()";"72";"472153";"472153";"988";"988"
"SCRIPT_API";"dw.catalog.ProductSearchHit#getProduct()";"4";"2178942";"2178942";"1966113";"1966113"
"SCRIPT_API";"dw.catalog.ProductSearchHit#getProductID()";"132";"93958";"93958";"3735";"3735"
"SCRIPT_API";"dw.catalog.ProductSearchHit#getRepresentedVariationValues(Object)";"34";"8745962";"8745962";"6009081";"6009081"
"SCRIPT_API";"dw.catalog.ProductSearchModel#getCategory()";"44";"41449";"41449";"1785";"1785"
"SCRIPT_API";"dw.catalog.ProductSearchModel#getPageMetaTags()";"4";"130236";"130236";"0";"0"
"SCRIPT_API";"dw.catalog.ProductSearchModel#getProductSearchHit(dw.catalog.Product)";"38";"16272959";"16272959";"0";"0"
"SCRIPT_API";"dw.catalog.ProductSearchModel#getProductSearchHits()";"16";"2438843";"2438843";"0";"0"
"SCRIPT_API";"dw.catalog.ProductSearchModel#getRefinements()";"8";"345397";"345397";"0";"0"
"SCRIPT_API";"dw.catalog.ProductSearchModel#getSearchPhraseSuggestions()";"4";"25595";"25595";"46";"46"
"SCRIPT_API";"dw.catalog.ProductSearchModel#isCategorySearch()";"8";"12011";"12011";"220";"220"
"SCRIPT_API";"dw.catalog.ProductSearchModel#isPersonalizedSort()";"2";"8128";"8128";"91";"91"
"SCRIPT_API";"dw.catalog.ProductSearchModel#isRefinedCategorySearch()";"4";"13969";"13969";"74";"74"
"SCRIPT_API";"dw.catalog.ProductSearchModel#search()";"42";"87417789";"87417789";"49467383";"49467383"
"SCRIPT_API";"dw.catalog.ProductSearchModel#setCategoryID(String)";"4";"18545";"18545";"16";"16"
"SCRIPT_API";"dw.catalog.ProductSearchModel#setPriceMax(Number)";"4";"7293";"7293";"32";"32"
"SCRIPT_API";"dw.catalog.ProductSearchModel#setPriceMin(Number)";"4";"10468";"10468";"126";"126"
"SCRIPT_API";"dw.catalog.ProductSearchModel#setRecursiveCategorySearch(Boolean)";"4";"9899";"9899";"201";"201"
"SCRIPT_API";"dw.catalog.ProductSearchModel#urlSortingRule(String,dw.catalog.SortingRule)";"32";"426488";"426488";"0";"0"
"SCRIPT_API";"dw.catalog.ProductSearchModel()";"42";"7123173";"7123173";"2787904";"2787904"
"SCRIPT_API";"dw.catalog.ProductVariationAttribute#getAttributeID()";"344";"552170";"552170";"62154";"62154"
"SCRIPT_API";"dw.catalog.ProductVariationAttribute#getDisplayName()";"112";"4209228";"4209228";"0";"0"
"SCRIPT_API";"dw.catalog.ProductVariationAttribute#getID()";"242";"234711";"234711";"4902";"4902"
"SCRIPT_API";"dw.catalog.ProductVariationAttributeValue#equals(Object)";"218";"317905";"317905";"8353";"8353"
"SCRIPT_API";"dw.catalog.ProductVariationAttributeValue#getDescription()";"266";"1396761";"1396761";"0";"0"
"SCRIPT_API";"dw.catalog.ProductVariationAttributeValue#getDisplayValue()";"486";"4415558";"4415558";"0";"0"
"SCRIPT_API";"dw.catalog.ProductVariationAttributeValue#getID()";"276";"316972";"316972";"0";"0"
"SCRIPT_API";"dw.catalog.ProductVariationAttributeValue#getImage(String,Number)";"42";"4357729";"4357729";"0";"0"
"SCRIPT_API";"dw.catalog.ProductVariationAttributeValue#getImages(String)";"56";"5971952";"5971952";"0";"0"
"SCRIPT_API";"dw.catalog.ProductVariationAttributeValue#getValue()";"315";"1230008";"1230008";"0";"0"
"SCRIPT_API";"dw.catalog.ProductVariationModel#getAllValues(dw.catalog.ProductVariationAttribute)";"126";"1088423";"1088423";"824";"824"
"SCRIPT_API";"dw.catalog.ProductVariationModel#getImages(String)";"8";"1802268";"1802268";"0";"0"
"SCRIPT_API";"dw.catalog.ProductVariationModel#getMaster()";"56";"132121";"132121";"1828";"1828"
"SCRIPT_API";"dw.catalog.ProductVariationModel#getProductVariationAttributes()";"64";"456954";"456954";"3366";"3366"
"SCRIPT_API";"dw.catalog.ProductVariationModel#getSelectedValue(dw.catalog.ProductVariationAttribute)";"112";"1969788";"1969788";"0";"0"
"SCRIPT_API";"dw.catalog.ProductVariationModel#getSelectedVariant()";"60";"249909";"249909";"2339";"2339"
"SCRIPT_API";"dw.catalog.ProductVariationModel#getVariants()";"4";"76967";"76967";"0";"0"
"SCRIPT_API";"dw.catalog.ProductVariationModel#hasOrderableVariants(dw.catalog.ProductVariationAttribute,dw.catalog.ProductVariationAttributeValue)";"224";"15188946";"15188946";"0";"0"
"SCRIPT_API";"dw.catalog.ProductVariationModel#setSelectedAttributeValue(String,String)";"6";"38014";"38014";"0";"0"
"SCRIPT_API";"dw.catalog.ProductVariationModel#url(String,Object[])";"4";"72219";"72219";"0";"0"
"SCRIPT_API";"dw.catalog.ProductVariationModel#urlSelectVariationValue(String,dw.catalog.ProductVariationAttribute,dw.catalog.ProductVariationAttributeValue)";"114";"3697198";"3697198";"0";"0"
"SCRIPT_API";"dw.catalog.ProductVariationModel#urlUnselectVariationValue(String,dw.catalog.ProductVariationAttribute)";"110";"5319511";"5319511";"0";"0"
"SCRIPT_API";"dw.catalog.SearchModel#getCount()";"50";"474256";"474256";"1166";"1166"
"SCRIPT_API";"dw.catalog.SearchModel#getSearchPhrase()";"4";"9979";"9979";"86";"86"
"SCRIPT_API";"dw.catalog.SearchModel#setSearchPhrase(String)";"38";"90530";"90530";"235";"235"
"SCRIPT_API";"dw.catalog.SearchModel#url(String)";"8";"75129";"75129";"24";"24"
"SCRIPT_API";"dw.catalog.SearchRefinements#getRefinementDefinitions()";"4";"44036";"44036";"0";"0"
"SCRIPT_API";"dw.catalog.SortingOption#getDisplayName()";"32";"323512";"323512";"0";"0"
"SCRIPT_API";"dw.catalog.SortingOption#getID()";"32";"37203";"37203";"269";"269"
"SCRIPT_API";"dw.catalog.SortingOption#getSortingRule()";"32";"199660";"199660";"14";"14"
"SCRIPT_API";"dw.catalog.SortingRule#getID()";"4";"12989";"12989";"66";"66"
"SCRIPT_API";"dw.catalog.Variant#getBrand()";"62";"260846";"260846";"472";"472"
"SCRIPT_API";"dw.catalog.Variant#getLongDescription()";"4";"178388";"178388";"0";"0"
"SCRIPT_API";"dw.catalog.Variant#getMasterProduct()";"2";"8614";"8614";"38";"38"
"SCRIPT_API";"dw.catalog.Variant#getName()";"62";"5274693";"5274693";"2356991";"2356991"
"SCRIPT_API";"dw.catalog.Variant#getPageDescription()";"2";"44490";"44490";"160";"160"
"SCRIPT_API";"dw.catalog.Variant#getPageKeywords()";"2";"40232";"40232";"0";"0"
"SCRIPT_API";"dw.catalog.Variant#getPageTitle()";"2";"81364";"81364";"0";"0"
"SCRIPT_API";"dw.catalog.Variant#getShortDescription()";"4";"120950";"120950";"0";"0"
"SCRIPT_API";"dw.catalog.Variant#getTemplate()";"2";"16209";"16209";"0";"0"
"SCRIPT_API";"dw.content.Content#getID()";"67";"136317";"136317";"1391";"1391"
"SCRIPT_API";"dw.content.Content#getName()";"67";"1106808";"1106808";"0";"0"
"SCRIPT_API";"dw.content.Content#getPageDescription()";"67";"615619";"615619";"0";"0"
"SCRIPT_API";"dw.content.Content#getPageKeywords()";"67";"606367";"606367";"0";"0"
"SCRIPT_API";"dw.content.Content#getPageMetaTags()";"67";"881659";"881659";"0";"0"
"SCRIPT_API";"dw.content.Content#getPageTitle()";"67";"665849";"665849";"0";"0"
"SCRIPT_API";"dw.content.Content#getTemplate()";"67";"83465";"83465";"1595";"1595"
"SCRIPT_API";"dw.content.Content#isOnline()";"89";"3672398";"3672398";"0";"0"
"SCRIPT_API";"dw.content.ContentMgr#getContent(String)";"102";"2561014";"2561014";"6415";"6415"
"SCRIPT_API";"dw.content.MarkupText#getMarkup()";"21";"269778";"269778";"755";"755"
"SCRIPT_API";"dw.content.MediaFile#getAbsURL()";"158";"1918866";"1918866";"0";"0"
"SCRIPT_API";"dw.content.MediaFile#getAlt()";"200";"234338";"234338";"6270";"6270"
"SCRIPT_API";"dw.content.MediaFile#getTitle()";"200";"208316";"208316";"5392";"5392"
"SCRIPT_API";"dw.content.MediaFile#getURL()";"200";"204778398";"204778398";"168798124";"168798124"
"SCRIPT_API";"dw.customer.AddressBook#getAddresses()";"105";"169985";"169985";"812";"812"
"SCRIPT_API";"dw.customer.AddressBook#getPreferredAddress()";"24";"235201";"235201";"0";"0"
"SCRIPT_API";"dw.customer.AuthenticationStatus#getStatus()";"2";"6137";"6137";"239";"239"
"SCRIPT_API";"dw.customer.Customer#getAddressBook()";"145";"222821";"222821";"1717";"1717"
"SCRIPT_API";"dw.customer.Customer#getExternalProfiles()";"4";"70751";"70751";"0";"0"
"SCRIPT_API";"dw.customer.Customer#getID()";"2";"6428";"6428";"55";"55"
"SCRIPT_API";"dw.customer.Customer#getOrderHistory()";"2";"8362";"8362";"36";"36"
"SCRIPT_API";"dw.customer.Customer#getProfile()";"208";"310556";"310556";"5674";"5674"
"SCRIPT_API";"dw.customer.Customer#isAuthenticated()";"42";"128378";"128378";"1751";"1751"
"SCRIPT_API";"dw.customer.Customer#isExternallyAuthenticated()";"16";"66360";"66360";"305";"305"
"SCRIPT_API";"dw.customer.Customer#isRegistered()";"3";"9933";"9933";"55";"55"
"SCRIPT_API";"dw.customer.CustomerAddress#getAddress1()";"48";"97498";"97498";"1455";"1455"
"SCRIPT_API";"dw.customer.CustomerAddress#getAddress2()";"48";"78577";"78577";"223";"223"
"SCRIPT_API";"dw.customer.CustomerAddress#getCity()";"48";"66858";"66858";"73";"73"
"SCRIPT_API";"dw.customer.CustomerAddress#getCompanyName()";"48";"56089";"56089";"292";"292"
"SCRIPT_API";"dw.customer.CustomerAddress#getCountryCode()";"96";"3705386";"3705386";"2202177";"2202177"
"SCRIPT_API";"dw.customer.CustomerAddress#getFirstName()";"48";"92936";"92936";"253";"253"
"SCRIPT_API";"dw.customer.CustomerAddress#getID()";"51";"69930";"69930";"109";"109"
"SCRIPT_API";"dw.customer.CustomerAddress#getLastName()";"48";"65519";"65519";"70";"70"
"SCRIPT_API";"dw.customer.CustomerAddress#getPhone()";"48";"64787";"64787";"437";"437"
"SCRIPT_API";"dw.customer.CustomerAddress#getPostBox()";"48";"58616";"58616";"0";"0"
"SCRIPT_API";"dw.customer.CustomerAddress#getPostalCode()";"48";"62833";"62833";"489";"489"
"SCRIPT_API";"dw.customer.CustomerAddress#getSalutation()";"48";"56678";"56678";"31";"31"
"SCRIPT_API";"dw.customer.CustomerAddress#getSecondName()";"48";"54050";"54050";"0";"0"
"SCRIPT_API";"dw.customer.CustomerAddress#getStateCode()";"48";"67943";"67943";"356";"356"
"SCRIPT_API";"dw.customer.CustomerAddress#getSuffix()";"48";"54416";"54416";"162";"162"
"SCRIPT_API";"dw.customer.CustomerAddress#getSuite()";"48";"53337";"53337";"207";"207"
"SCRIPT_API";"dw.customer.CustomerAddress#getTitle()";"48";"49626";"49626";"146";"146"
"SCRIPT_API";"dw.customer.CustomerAddress#isEquivalentAddress(Object)";"3";"111713";"111713";"0";"0"
"SCRIPT_API";"dw.customer.CustomerMgr#authenticateCustomer(String,String)";"1";"5590879";"5590879";"1178033";"1178033"
"SCRIPT_API";"dw.customer.CustomerMgr#loginCustomer(dw.customer.AuthenticationStatus,Boolean)";"1";"2594751";"2594751";"1572987";"1572987"
"SCRIPT_API";"dw.customer.CustomerPaymentInstrument#getCreditCardNumber()";"24";"241245";"241245";"0";"0"
"SCRIPT_API";"dw.customer.OrderHistory#getOrderCount()";"1";"2774";"2774";"16";"16"
"SCRIPT_API";"dw.customer.OrderHistory#getOrders(String,String,Object[])";"1";"4334550";"4334550";"3260189";"3260189"
"SCRIPT_API";"dw.customer.Profile#getCustomerNo()";"24";"42118";"42118";"108";"108"
"SCRIPT_API";"dw.customer.Profile#getEmail()";"24";"43819";"43819";"57";"57"
"SCRIPT_API";"dw.customer.Profile#getFirstName()";"24";"76299";"76299";"71";"71"
"SCRIPT_API";"dw.customer.Profile#getLastName()";"24";"108077";"108077";"157";"157"
"SCRIPT_API";"dw.customer.Profile#getPhoneHome()";"24";"46348";"46348";"126";"126"
"SCRIPT_API";"dw.customer.Profile#getWallet()";"24";"67638";"67638";"52";"52"
"SCRIPT_API";"dw.customer.Wallet#getPaymentInstruments()";"24";"1530666";"1530666";"1040167";"1040167"
"SCRIPT_API";"dw.experience.PageMgr#getPage(String)";"2";"89243";"89243";"0";"0"
"SCRIPT_API";"dw.experience.PageMgr#getPageByCategory(dw.catalog.Category,Boolean,String)";"4";"9479384";"9479384";"6404332";"6404332"
"SCRIPT_API";"dw.io.PrintWriter#print(String)";"23";"341830";"341830";"8159";"8159"
"SCRIPT_API";"dw.net.Mail#addTo(String)";"1";"3341";"3341";"27";"27"
"SCRIPT_API";"dw.net.Mail#send()";"1";"177952";"177952";"0";"0"
"SCRIPT_API";"dw.net.Mail#setContent(String,String,String)";"1";"4936";"4936";"11";"11"
"SCRIPT_API";"dw.net.Mail#setFrom(String)";"1";"1531";"1531";"17";"17"
"SCRIPT_API";"dw.net.Mail#setSubject(String)";"1";"2064";"2064";"10";"10"
"SCRIPT_API";"dw.net.Mail()";"1";"8715";"8715";"295";"295"
"SCRIPT_API";"dw.object.ExtensibleObject#getCustom()";"942";"6470270";"6470270";"3055138";"3055138"
"SCRIPT_API";"dw.object.ObjectAttributeDefinition#getDisplayName()";"34";"929610";"929610";"0";"0"
"SCRIPT_API";"dw.object.ObjectAttributeDefinition#getUnit()";"17";"278644";"278644";"1789";"1789"
"SCRIPT_API";"dw.object.PersistentObject#getCreationDate()";"19";"81546";"81546";"794";"794"
"SCRIPT_API";"dw.object.PersistentObject#getUUID()";"494";"962827";"962827";"32293";"32293"
"SCRIPT_API";"dw.order.BasketMgr#getCurrentBasket()";"95";"9425477";"9425477";"478139";"478139"
"SCRIPT_API";"dw.order.BasketMgr#getCurrentOrNewBasket()";"4";"1702796";"1702796";"10087";"10087"
"SCRIPT_API";"dw.order.LineItem#getBasePrice()";"1";"5662";"5662";"6";"6"
"SCRIPT_API";"dw.order.LineItem#getGrossPrice()";"1";"2650";"2650";"3";"3"
"SCRIPT_API";"dw.order.LineItem#getLineItemText()";"93";"130985";"130985";"2614";"2614"
"SCRIPT_API";"dw.order.LineItem#getNetPrice()";"1";"2764";"2764";"0";"0"
"SCRIPT_API";"dw.order.LineItem#getTax()";"1";"2784";"2784";"6";"6"
"SCRIPT_API";"dw.order.LineItem#getTaxClassID()";"141";"165814";"165814";"3235";"3235"
"SCRIPT_API";"dw.order.LineItem#getTaxRate()";"94";"133220";"133220";"757";"757"
"SCRIPT_API";"dw.order.LineItem#updateTax(Number)";"47";"3542991";"3542991";"405395";"405395"
"SCRIPT_API";"dw.order.LineItemCtnr#createBillingAddress()";"2";"128289";"128289";"0";"0"
"SCRIPT_API";"dw.order.LineItemCtnr#createPaymentInstrument(String,dw.value.Money)";"1";"123352";"123352";"0";"0"
"SCRIPT_API";"dw.order.LineItemCtnr#createProductLineItem(dw.catalog.Product,dw.catalog.ProductOptionModel,dw.order.Shipment)";"2";"5885106";"5885106";"1466070";"1466070"
"SCRIPT_API";"dw.order.LineItemCtnr#getAdjustedMerchandizeTotalGrossPrice()";"1";"3906";"3906";"16";"16"
"SCRIPT_API";"dw.order.LineItemCtnr#getAdjustedMerchandizeTotalNetPrice()";"1";"7063";"7063";"0";"0"
"SCRIPT_API";"dw.order.LineItemCtnr#getAdjustedMerchandizeTotalPrice(Boolean)";"97";"1255906";"1255906";"2652";"2652"
"SCRIPT_API";"dw.order.LineItemCtnr#getAdjustedMerchandizeTotalTax()";"1";"3750";"3750";"0";"0"
"SCRIPT_API";"dw.order.LineItemCtnr#getAdjustedShippingTotalGrossPrice()";"1";"3397";"3397";"6";"6"
"SCRIPT_API";"dw.order.LineItemCtnr#getAdjustedShippingTotalNetPrice()";"1";"4319";"4319";"0";"0"
"SCRIPT_API";"dw.order.LineItemCtnr#getAdjustedShippingTotalPrice()";"35";"338584";"338584";"0";"0"
"SCRIPT_API";"dw.order.LineItemCtnr#getAdjustedShippingTotalTax()";"1";"3833";"3833";"3";"3"
"SCRIPT_API";"dw.order.LineItemCtnr#getAllLineItems()";"34";"406301";"406301";"2107";"2107"
"SCRIPT_API";"dw.order.LineItemCtnr#getAllProductLineItems()";"48";"1140896";"1140896";"735117";"735117"
"SCRIPT_API";"dw.order.LineItemCtnr#getAllProductLineItems(String)";"1";"39640";"39640";"0";"0"
"SCRIPT_API";"dw.order.LineItemCtnr#getAllShippingPriceAdjustments()";"27";"119254";"119254";"0";"0"
"SCRIPT_API";"dw.order.LineItemCtnr#getBillingAddress()";"70";"487415";"487415";"958";"958"
"SCRIPT_API";"dw.order.LineItemCtnr#getBonusDiscountLineItems()";"52";"384847";"384847";"1214";"1214"
"SCRIPT_API";"dw.order.LineItemCtnr#getBonusLineItems()";"19";"131807";"131807";"0";"0"
"SCRIPT_API";"dw.order.LineItemCtnr#getCouponLineItems()";"37";"227289";"227289";"1145";"1145"
"SCRIPT_API";"dw.order.LineItemCtnr#getCurrencyCode()";"12";"51472";"51472";"1482";"1482"
"SCRIPT_API";"dw.order.LineItemCtnr#getCustomer()";"16";"139680";"139680";"440";"440"
"SCRIPT_API";"dw.order.LineItemCtnr#getCustomerEmail()";"22";"94676";"94676";"425";"425"
"SCRIPT_API";"dw.order.LineItemCtnr#getDefaultShipment()";"37";"372343";"372343";"371";"371"
"SCRIPT_API";"dw.order.LineItemCtnr#getGiftCertificateLineItems()";"24";"162637";"162637";"1";"1"
"SCRIPT_API";"dw.order.LineItemCtnr#getMerchandizeTotalGrossPrice()";"1";"4076";"4076";"0";"0"
"SCRIPT_API";"dw.order.LineItemCtnr#getMerchandizeTotalNetPrice()";"1";"7258";"7258";"2";"2"
"SCRIPT_API";"dw.order.LineItemCtnr#getMerchandizeTotalPrice()";"17";"342582";"342582";"0";"0"
"SCRIPT_API";"dw.order.LineItemCtnr#getMerchandizeTotalTax()";"1";"5818";"5818";"7";"7"
"SCRIPT_API";"dw.order.LineItemCtnr#getPaymentInstruments()";"22";"241407";"241407";"6";"6"
"SCRIPT_API";"dw.order.LineItemCtnr#getPaymentInstruments(String)";"1";"18903";"18903";"12";"12"
"SCRIPT_API";"dw.order.LineItemCtnr#getPriceAdjustments()";"60";"351139";"351139";"72";"72"
"SCRIPT_API";"dw.order.LineItemCtnr#getProductLineItems()";"82";"968625";"968625";"2706";"2706"
"SCRIPT_API";"dw.order.LineItemCtnr#getProductQuantities()";"48";"1233869";"1233869";"5821";"5821"
"SCRIPT_API";"dw.order.LineItemCtnr#getProductQuantityTotal()";"42";"294525";"294525";"647";"647"
"SCRIPT_API";"dw.order.LineItemCtnr#getShipments()";"172";"1086826";"1086826";"4255";"4255"
"SCRIPT_API";"dw.order.LineItemCtnr#getShippingPriceAdjustments()";"24";"120235";"120235";"0";"0"
"SCRIPT_API";"dw.order.LineItemCtnr#getShippingTotalGrossPrice()";"1";"7867";"7867";"0";"0"
"SCRIPT_API";"dw.order.LineItemCtnr#getShippingTotalNetPrice()";"1";"6543";"6543";"32";"32"
"SCRIPT_API";"dw.order.LineItemCtnr#getShippingTotalPrice()";"62";"506460";"506460";"5971";"5971"
"SCRIPT_API";"dw.order.LineItemCtnr#getShippingTotalTax()";"1";"12931";"12931";"0";"0"
"SCRIPT_API";"dw.order.LineItemCtnr#getTotalGrossPrice()";"50";"534504";"534504";"21651";"21651"
"SCRIPT_API";"dw.order.LineItemCtnr#getTotalNetPrice()";"2";"10265";"10265";"20";"20"
"SCRIPT_API";"dw.order.LineItemCtnr#getTotalTax()";"28";"292272";"292272";"78418";"78418"
"SCRIPT_API";"dw.order.LineItemCtnr#removeProductLineItem(dw.order.ProductLineItem)";"1";"1209542";"1209542";"0";"0"
"SCRIPT_API";"dw.order.LineItemCtnr#setCustomerEmail(String)";"2";"57624";"57624";"44";"44"
"SCRIPT_API";"dw.order.LineItemCtnr#updateTotals()";"24";"1242688";"1242688";"140587";"140587"
"SCRIPT_API";"dw.order.Order#getCreatedBy()";"1";"4445";"4445";"42";"42"
"SCRIPT_API";"dw.order.Order#getOrderNo()";"5";"25343";"25343";"294";"294"
"SCRIPT_API";"dw.order.Order#getOrderToken()";"1";"36908";"36908";"1";"1"
"SCRIPT_API";"dw.order.Order#getStatus()";"3";"183602";"183602";"0";"0"
"SCRIPT_API";"dw.order.Order#setConfirmationStatus(Number)";"1";"18967";"18967";"74";"74"
"SCRIPT_API";"dw.order.Order#setExportStatus(Number)";"1";"81210";"81210";"0";"0"
"SCRIPT_API";"dw.order.OrderAddress#getAddress1()";"55";"177979";"177979";"1496";"1496"
"SCRIPT_API";"dw.order.OrderAddress#getAddress2()";"36";"80140";"80140";"426";"426"
"SCRIPT_API";"dw.order.OrderAddress#getCity()";"36";"83961";"83961";"241";"241"
"SCRIPT_API";"dw.order.OrderAddress#getCompanyName()";"35";"60999";"60999";"355";"355"
"SCRIPT_API";"dw.order.OrderAddress#getCountryCode()";"71";"1128211";"1128211";"0";"0"
"SCRIPT_API";"dw.order.OrderAddress#getFirstName()";"56";"134422";"134422";"0";"0"
"SCRIPT_API";"dw.order.OrderAddress#getFullName()";"1";"6837";"6837";"21";"21"
"SCRIPT_API";"dw.order.OrderAddress#getJobTitle()";"35";"75172";"75172";"299";"299"
"SCRIPT_API";"dw.order.OrderAddress#getLastName()";"36";"80035";"80035";"259";"259"
"SCRIPT_API";"dw.order.OrderAddress#getPhone()";"38";"134504";"134504";"837";"837"
"SCRIPT_API";"dw.order.OrderAddress#getPostBox()";"35";"59678";"59678";"293";"293"
"SCRIPT_API";"dw.order.OrderAddress#getPostalCode()";"36";"67713";"67713";"355";"355"
"SCRIPT_API";"dw.order.OrderAddress#getSalutation()";"35";"59919";"59919";"326";"326"
"SCRIPT_API";"dw.order.OrderAddress#getSecondName()";"35";"63292";"63292";"337";"337"
"SCRIPT_API";"dw.order.OrderAddress#getStateCode()";"36";"76856";"76856";"377";"377"
"SCRIPT_API";"dw.order.OrderAddress#getSuffix()";"35";"76949";"76949";"308";"308"
"SCRIPT_API";"dw.order.OrderAddress#getSuite()";"35";"62765";"62765";"140";"140"
"SCRIPT_API";"dw.order.OrderAddress#getTitle()";"35";"75578";"75578";"301";"301"
"SCRIPT_API";"dw.order.OrderAddress#isEquivalentAddress(Object)";"15";"191606";"191606";"0";"0"
"SCRIPT_API";"dw.order.OrderAddress#setAddress1(String)";"13";"44190";"44190";"102";"102"
"SCRIPT_API";"dw.order.OrderAddress#setAddress2(String)";"13";"30491";"30491";"299";"299"
"SCRIPT_API";"dw.order.OrderAddress#setCity(String)";"13";"33939";"33939";"77";"77"
"SCRIPT_API";"dw.order.OrderAddress#setCountryCode(String)";"13";"33331";"33331";"403";"403"
"SCRIPT_API";"dw.order.OrderAddress#setFirstName(String)";"13";"122197";"122197";"138";"138"
"SCRIPT_API";"dw.order.OrderAddress#setLastName(String)";"13";"32031";"32031";"237";"237"
"SCRIPT_API";"dw.order.OrderAddress#setPhone(String)";"13";"32148";"32148";"90";"90"
"SCRIPT_API";"dw.order.OrderAddress#setPostalCode(String)";"13";"32444";"32444";"76";"76"
"SCRIPT_API";"dw.order.OrderAddress#setStateCode(String)";"13";"34253";"34253";"245";"245"
"SCRIPT_API";"dw.order.OrderMgr#createOrder(dw.order.Basket)";"1";"28722212";"28722212";"19432190";"19432190"
"SCRIPT_API";"dw.order.OrderMgr#getOrder(String,String)";"1";"135324";"135324";"0";"0"
"SCRIPT_API";"dw.order.OrderMgr#placeOrder(dw.order.Order)";"1";"304754335";"304754335";"294161524";"294161524"
"SCRIPT_API";"dw.order.OrderPaymentInstrument#getPaymentTransaction()";"8";"414439";"414439";"0";"0"
"SCRIPT_API";"dw.order.PaymentCard#getCardType()";"72";"115266";"115266";"2302";"2302"
"SCRIPT_API";"dw.order.PaymentCard#getName()";"72";"2177047";"2177047";"992725";"992725"
"SCRIPT_API";"dw.order.PaymentCard#verify(Number,Number,String,String)";"1";"27205";"27205";"0";"0"
"SCRIPT_API";"dw.order.PaymentInstrument#getCreditCardExpirationMonth()";"28";"72322";"72322";"368";"368"
"SCRIPT_API";"dw.order.PaymentInstrument#getCreditCardExpirationYear()";"28";"54362";"54362";"255";"255"
"SCRIPT_API";"dw.order.PaymentInstrument#getCreditCardHolder()";"28";"90049";"90049";"554";"554"
"SCRIPT_API";"dw.order.PaymentInstrument#getCreditCardNumberLastDigits()";"4";"48834051";"48834051";"1652983";"1652983"
"SCRIPT_API";"dw.order.PaymentInstrument#getCreditCardType()";"29";"67259";"67259";"263";"263"
"SCRIPT_API";"dw.order.PaymentInstrument#getMaskedCreditCardNumber()";"28";"1769534";"1769534";"0";"0"
"SCRIPT_API";"dw.order.PaymentInstrument#getPaymentMethod()";"12";"32752";"32752";"292";"292"
"SCRIPT_API";"dw.order.PaymentInstrument#setCreditCardExpirationMonth(Number)";"1";"5953";"5953";"0";"0"
"SCRIPT_API";"dw.order.PaymentInstrument#setCreditCardExpirationYear(Number)";"1";"4348";"4348";"4";"4"
"SCRIPT_API";"dw.order.PaymentInstrument#setCreditCardHolder(String)";"1";"24662";"24662";"0";"0"
"SCRIPT_API";"dw.order.PaymentInstrument#setCreditCardNumber(String)";"1";"191559";"191559";"0";"0"
"SCRIPT_API";"dw.order.PaymentInstrument#setCreditCardToken(String)";"1";"100377";"100377";"0";"0"
"SCRIPT_API";"dw.order.PaymentInstrument#setCreditCardType(String)";"1";"4952";"4952";"11";"11"
"SCRIPT_API";"dw.order.PaymentMethod#getApplicablePaymentCards(dw.customer.Customer,String,Number)";"20";"1292043";"1292043";"0";"0"
"SCRIPT_API";"dw.order.PaymentMethod#getID()";"18";"49715";"49715";"404";"404"
"SCRIPT_API";"dw.order.PaymentMethod#getName()";"18";"1958264";"1958264";"1067442";"1067442"
"SCRIPT_API";"dw.order.PaymentMethod#getPaymentProcessor()";"4";"63776";"63776";"0";"0"
"SCRIPT_API";"dw.order.PaymentMgr#getApplicablePaymentMethods(dw.customer.Customer,String,Number)";"19";"12413892";"12413892";"10208577";"10208577"
"SCRIPT_API";"dw.order.PaymentMgr#getPaymentCard(String)";"3";"41222";"41222";"964";"964"
"SCRIPT_API";"dw.order.PaymentMgr#getPaymentMethod(String)";"25";"277974";"277974";"237";"237"
"SCRIPT_API";"dw.order.PaymentProcessor#getID()";"8";"18460";"18460";"196";"196"
"SCRIPT_API";"dw.order.PaymentTransaction#getAmount()";"4";"39323";"39323";"39";"39"
"SCRIPT_API";"dw.order.PaymentTransaction#setAmount(dw.value.Money)";"2";"18360";"18360";"0";"0"
"SCRIPT_API";"dw.order.PaymentTransaction#setPaymentProcessor(dw.order.PaymentProcessor)";"1";"12438";"12438";"0";"0"
"SCRIPT_API";"dw.order.PaymentTransaction#setTransactionID(String)";"1";"19514";"19514";"0";"0"
"SCRIPT_API";"dw.order.ProductLineItem#getAdjustedGrossPrice()";"1";"3211";"3211";"19";"19"
"SCRIPT_API";"dw.order.ProductLineItem#getAdjustedNetPrice()";"1";"5087";"5087";"0";"0"
"SCRIPT_API";"dw.order.ProductLineItem#getAdjustedPrice()";"52";"499272";"499272";"0";"0"
"SCRIPT_API";"dw.order.ProductLineItem#getAdjustedTax()";"1";"3416";"3416";"0";"0"
"SCRIPT_API";"dw.order.ProductLineItem#getManufacturerName()";"1";"1984";"1984";"7";"7"
"SCRIPT_API";"dw.order.ProductLineItem#getOptionProductLineItems()";"156";"702198";"702198";"0";"0"
"SCRIPT_API";"dw.order.ProductLineItem#getPriceAdjustments()";"113";"783144";"783144";"3324";"3324"
"SCRIPT_API";"dw.order.ProductLineItem#getProduct()";"363";"7082126";"7082126";"0";"0"
"SCRIPT_API";"dw.order.ProductLineItem#getProductID()";"1";"3317";"3317";"40";"40"
"SCRIPT_API";"dw.order.ProductLineItem#getProductInventoryListID()";"48";"424234";"424234";"157618";"157618"
"SCRIPT_API";"dw.order.ProductLineItem#getProductName()";"1";"2624";"2624";"11";"11"
"SCRIPT_API";"dw.order.ProductLineItem#getQuantity()";"107";"316709";"316709";"1734";"1734"
"SCRIPT_API";"dw.order.ProductLineItem#getQuantityValue()";"23";"146896";"146896";"244";"244"
"SCRIPT_API";"dw.order.ProductLineItem#getShipment()";"53";"422895";"422895";"38874";"38874"
"SCRIPT_API";"dw.order.ProductLineItem#isBonusProductLineItem()";"151";"282813";"282813";"3737";"3737"
"SCRIPT_API";"dw.order.ProductLineItem#isBundledProductLineItem()";"46";"92010";"92010";"232";"232"
"SCRIPT_API";"dw.order.ProductLineItem#isCatalogProduct()";"46";"222678";"222678";"537";"537"
"SCRIPT_API";"dw.order.ProductLineItem#isGift()";"52";"260450";"260450";"2457";"2457"
"SCRIPT_API";"dw.order.ProductLineItem#isOptionProductLineItem()";"46";"108676";"108676";"748";"748"
"SCRIPT_API";"dw.order.ProductLineItem#setPriceValue(Number)";"46";"1002632";"1002632";"0";"0"
"SCRIPT_API";"dw.order.ProductLineItem#setQuantityValue(Number)";"2";"23948";"23948";"0";"0"
"SCRIPT_API";"dw.order.Shipment#createShippingAddress()";"2";"183041";"183041";"0";"0"
"SCRIPT_API";"dw.order.Shipment#getAllLineItems()";"24";"422597";"422597";"0";"0"
"SCRIPT_API";"dw.order.Shipment#getGiftMessage()";"27";"56842";"56842";"385";"385"
"SCRIPT_API";"dw.order.Shipment#getProductLineItems()";"41";"816445";"816445";"453505";"453505"
"SCRIPT_API";"dw.order.Shipment#getShippingAddress()";"186";"715167";"715167";"4383";"4383"
"SCRIPT_API";"dw.order.Shipment#getShippingMethod()";"160";"777958";"777958";"2585";"2585"
"SCRIPT_API";"dw.order.Shipment#getShippingPriceAdjustments()";"9";"63360";"63360";"521";"521"
"SCRIPT_API";"dw.order.Shipment#isDefault()";"1";"11989";"11989";"4";"4"
"SCRIPT_API";"dw.order.Shipment#isGift()";"27";"128162";"128162";"937";"937"
"SCRIPT_API";"dw.order.Shipment#setGift(Boolean)";"8";"583305";"583305";"0";"0"
"SCRIPT_API";"dw.order.Shipment#setGiftMessage(String)";"8";"297288";"297288";"0";"0"
"SCRIPT_API";"dw.order.Shipment#setShippingMethod(dw.order.ShippingMethod)";"10";"111985";"111985";"101";"101"
"SCRIPT_API";"dw.order.ShipmentShippingCost#getAmount()";"246";"194356";"194356";"7094";"7094"
"SCRIPT_API";"dw.order.ShipmentShippingModel#getApplicableShippingMethods()";"37";"22554888";"22554888";"11564672";"11564672"
"SCRIPT_API";"dw.order.ShipmentShippingModel#getShippingCost(dw.order.ShippingMethod)";"123";"10687640";"10687640";"205450";"205450"
"SCRIPT_API";"dw.order.ShippingLocation(dw.order.OrderAddress)";"18";"1456505";"1456505";"0";"0"
"SCRIPT_API";"dw.order.ShippingMethod#getDescription()";"123";"1174794";"1174794";"0";"0"
"SCRIPT_API";"dw.order.ShippingMethod#getDisplayName()";"123";"1914724";"1914724";"0";"0"
"SCRIPT_API";"dw.order.ShippingMethod#getID()";"387";"386997";"386997";"15771";"15771"
"SCRIPT_API";"dw.order.ShippingMethod#isDefaultMethod()";"123";"163176";"163176";"7758";"7758"
"SCRIPT_API";"dw.order.ShippingMgr#applyShippingCost(dw.order.LineItemCtnr)";"24";"6110665";"6110665";"0";"0"
"SCRIPT_API";"dw.order.ShippingMgr#getDefaultShippingMethod()";"10";"319373";"319373";"0";"0"
"SCRIPT_API";"dw.order.ShippingMgr#getShipmentShippingModel(dw.order.Shipment)";"160";"225845";"225845";"6756";"6756"
"SCRIPT_API";"dw.order.TaxMgr#getCustomRateTaxClassID()";"48";"76973";"76973";"1239";"1239"
"SCRIPT_API";"dw.order.TaxMgr#getDefaultTaxJurisdictionID()";"6";"131800";"131800";"0";"0"
"SCRIPT_API";"dw.order.TaxMgr#getTaxJurisdictionID(dw.order.ShippingLocation)";"18";"548761";"548761";"0";"0"
"SCRIPT_API";"dw.order.TaxMgr#getTaxRate(String,String)";"46";"802122";"802122";"0";"0"
"SCRIPT_API";"dw.system.HookMgr#callHook(String,String,Object[])";"115";"289540170";"5318351";"91791291";"5982"
"SCRIPT_API";"dw.system.HookMgr#hasHook(String)";"1311";"7737234";"7737234";"56173";"56173"
"SCRIPT_API";"dw.system.Logger#debug(String,Object[])";"93";"1191136";"1191136";"0";"0"
"SCRIPT_API";"dw.system.Logger#warn(String,Object[])";"9";"4271238";"4271238";"1940669";"1940669"
"SCRIPT_API";"dw.system.Request#getGeolocation()";"12";"24629";"24629";"89";"89"
"SCRIPT_API";"dw.system.Request#getHttpHeaders()";"1269";"22202920";"22202920";"0";"0"
"SCRIPT_API";"dw.system.Request#getHttpHost()";"1302";"1406884";"1406884";"24457";"24457"
"SCRIPT_API";"dw.system.Request#getHttpMethod()";"1269";"957690";"957690";"25010";"25010"
"SCRIPT_API";"dw.system.Request#getHttpParameterMap()";"35";"54721";"54721";"3610";"3610"
"SCRIPT_API";"dw.system.Request#getHttpPath()";"1269";"1880915";"1880915";"29593";"29593"
"SCRIPT_API";"dw.system.Request#getHttpQueryString()";"1803";"2224439";"2224439";"173112";"173112"
"SCRIPT_API";"dw.system.Request#getLocale()";"1588";"1458879";"1458879";"103935";"103935"
"SCRIPT_API";"dw.system.Request#getPageMetaData()";"28";"41517";"41517";"3764";"3764"
"SCRIPT_API";"dw.system.Request#getRequestID()";"34";"38360";"38360";"691";"691"
"SCRIPT_API";"dw.system.Request#isHttpSecure()";"1269";"1196091";"1196091";"34025";"34025"
"SCRIPT_API";"dw.system.Request#isIncludeRequest()";"2538";"1933458";"1933458";"61353";"61353"
"SCRIPT_API";"dw.system.Response#getWriter()";"23";"14785675";"14785675";"0";"0"
"SCRIPT_API";"dw.system.Response#setContentType(String)";"23";"144151";"144151";"6661";"6661"
"SCRIPT_API";"dw.system.Response#setExpires(Date)";"127";"444459";"444459";"17361";"17361"
"SCRIPT_API";"dw.system.Response#setHttpHeader(String,String)";"2538";"3424151";"3424151";"72197";"72197"
"SCRIPT_API";"dw.system.Response#setStatus(Number)";"3";"14074";"14074";"376";"376"
"SCRIPT_API";"dw.system.Response#setVaryBy(String)";"38";"59480";"59480";"645";"645"
"SCRIPT_API";"dw.system.Session#getClickStream()";"4";"22022";"22022";"208";"208"
"SCRIPT_API";"dw.system.Session#getCurrency()";"2305";"6970673";"6970673";"2141";"2141"
"SCRIPT_API";"dw.system.Session#getCustom()";"2";"11875";"11875";"18";"18"
"SCRIPT_API";"dw.system.Session#getForms()";"39";"243106";"243106";"5134";"5134"
"SCRIPT_API";"dw.system.Session#getPrivacy()";"188";"350802";"350802";"19662";"19662"
"SCRIPT_API";"dw.system.Session#setTrackingAllowed(Boolean)";"29";"280687";"280687";"243";"243"
"SCRIPT_API";"dw.system.Site#getAllowedLocales()";"18";"107950";"107950";"33";"33"
"SCRIPT_API";"dw.system.Site#getCalendar()";"3";"2829515";"2829515";"2405472";"2405472"
"SCRIPT_API";"dw.system.Site#getCurrent()";"34";"2347235";"2347235";"1155301";"1155301"
"SCRIPT_API";"dw.system.Site#getCustomPreferenceValue(String)";"1";"49440";"49440";"0";"0"
"SCRIPT_API";"dw.system.Site#getID()";"18";"30376";"30376";"619";"619"
"SCRIPT_API";"dw.system.Site#getPageMetaTags()";"2";"368611";"368611";"0";"0"
"SCRIPT_API";"dw.system.Site#getPreferences()";"13";"249148";"249148";"0";"0"
"SCRIPT_API";"dw.system.Status#isError()";"1";"3990";"3990";"15";"15"
"SCRIPT_API";"dw.system.Status(Number)";"72";"185812";"185812";"3415";"3415"
"SCRIPT_API";"dw.system.System#getInstanceType()";"22";"46188";"46188";"2513";"2513"
"SCRIPT_API";"dw.system.Transaction#begin()";"1";"8424";"8424";"99";"99"
"SCRIPT_API";"dw.system.Transaction#commit()";"1";"9229475";"9229475";"6991840";"6991840"
"SCRIPT_API";"dw.system.Transaction#wrap(Function)";"60";"347426049";"49763379";"147824087";"34843243"
"SCRIPT_API";"dw.template.ISML#renderTemplate(String,Object)";"213";"921768213";"24057082";"251346973";"7498"
"SCRIPT_API";"dw.util.ArrayList()";"34";"65326";"65326";"925";"925"
"SCRIPT_API";"dw.util.Calendar#getTime()";"3";"9933";"9933";"67";"67"
"SCRIPT_API";"dw.util.Calendar(Date)";"1";"7693";"7693";"32";"32"
"SCRIPT_API";"dw.util.Collection#contains(Object)";"3";"10987";"10987";"88";"88"
"SCRIPT_API";"dw.util.Collection#getLength()";"485";"792556";"792556";"12748";"12748"
"SCRIPT_API";"dw.util.Collection#isEmpty()";"49";"196093";"196093";"31801";"31801"
"SCRIPT_API";"dw.util.Collection#iterator()";"1417";"1929929";"1929929";"79267";"79267"
"SCRIPT_API";"dw.util.Collection#size()";"2";"7528";"7528";"4";"4"
"SCRIPT_API";"dw.util.Collection#toArray()";"2";"58783";"58783";"0";"0"
"SCRIPT_API";"dw.util.Currency#getCurrencyCode()";"1689";"957122";"957122";"14996";"14996"
"SCRIPT_API";"dw.util.Currency#getDefaultFractionDigits()";"1421";"873579";"873579";"21550";"21550"
"SCRIPT_API";"dw.util.Currency#getName()";"1421";"839236";"839236";"21349";"21349"
"SCRIPT_API";"dw.util.Currency#getSymbol()";"1421";"837863";"837863";"20338";"20338"
"SCRIPT_API";"dw.util.Decimal#get()";"88";"98519";"98519";"1770";"1770"
"SCRIPT_API";"dw.util.Decimal#toString()";"88";"121170";"121170";"1760";"1760"
"SCRIPT_API";"dw.util.Geolocation#getCountryCode()";"2";"7680";"7680";"15";"15"
"SCRIPT_API";"dw.util.Geolocation#getLatitude()";"2";"5466";"5466";"8";"8"
"SCRIPT_API";"dw.util.Geolocation#getLongitude()";"2";"2704";"2704";"15";"15"
"SCRIPT_API";"dw.util.HashMap()";"203";"477962";"477962";"10517";"10517"
"SCRIPT_API";"dw.util.Iterator#hasNext()";"2914";"2736784";"2736784";"94950";"94950"
"SCRIPT_API";"dw.util.Iterator#next()";"1613";"3353792";"3353792";"17545";"17545"
"SCRIPT_API";"dw.util.List#get(Number)";"4";"27226";"27226";"21";"21"
"SCRIPT_API";"dw.util.List#indexOf(Object)";"244";"210892";"210892";"7021";"7021"
"SCRIPT_API";"dw.util.List#size()";"32";"85020";"85020";"1394";"1394"
"SCRIPT_API";"dw.util.Locale#getCountry()";"36";"70392";"70392";"1170";"1170"
"SCRIPT_API";"dw.util.Locale#getDisplayCountry()";"18";"149970";"149970";"0";"0"
"SCRIPT_API";"dw.util.Locale#getDisplayLanguage()";"18";"26851";"26851";"279";"279"
"SCRIPT_API";"dw.util.Locale#getDisplayName()";"18";"289703";"289703";"0";"0"
"SCRIPT_API";"dw.util.Locale#getID()";"1752";"1073895";"1073895";"39249";"39249"
"SCRIPT_API";"dw.util.Locale#getLanguage()";"31";"51650";"51650";"514";"514"
"SCRIPT_API";"dw.util.Locale#getLocale(String)";"319";"1123697";"1123697";"1288";"1288"
"SCRIPT_API";"dw.util.Map#get(Object)";"95";"315424";"315424";"2109";"2109"
"SCRIPT_API";"dw.util.Map#keySet()";"48";"291767";"291767";"5739";"5739"
"SCRIPT_API";"dw.util.Map#put(Object,Object)";"206";"458346";"458346";"12469";"12469"
"SCRIPT_API";"dw.util.SecureEncoder#forHtmlInDoubleQuoteAttribute(String)";"135";"159179";"159179";"1893";"1893"
"SCRIPT_API";"dw.util.SeekableIterator#first()";"1";"120240";"120240";"0";"0"
"SCRIPT_API";"dw.util.StringUtils#formatCalendar(dw.util.Calendar,String)";"1";"37790";"37790";"0";"0"
"SCRIPT_API";"dw.util.StringUtils#formatInteger(Number)";"69";"823342";"823342";"6708";"6708"
"SCRIPT_API";"dw.util.StringUtils#formatMoney(dw.value.Money)";"425";"5878724";"5878724";"0";"0"
"SCRIPT_API";"dw.util.StringUtils#formatNumber(Number,String,String)";"76";"1178055";"1178055";"0";"0"
"SCRIPT_API";"dw.util.Template#render(dw.util.Map)";"142";"67137023";"16413291";"935198";"0"
"SCRIPT_API";"dw.util.Template(String)";"142";"291185";"291185";"3391";"3391"
"SCRIPT_API";"dw.value.EnumValue#getDisplayValue()";"83";"103951";"103951";"1809";"1809"
"SCRIPT_API";"dw.value.EnumValue#getValue()";"84";"101200";"101200";"1347";"1347"
"SCRIPT_API";"dw.value.MimeEncodedText#getText()";"142";"195795";"195795";"3912";"3912"
"SCRIPT_API";"dw.value.Money#getCurrencyCode()";"211";"225032";"225032";"5170";"5170"
"SCRIPT_API";"dw.value.Money#getDecimalValue()";"176";"219180";"219180";"5398";"5398"
"SCRIPT_API";"dw.value.Money#getValue()";"520";"430468";"430468";"12382";"12382"
"SCRIPT_API";"dw.value.Money#getValueOrNull()";"184";"245150";"245150";"3170";"3170"
"SCRIPT_API";"dw.value.Money#isAvailable()";"493";"396824";"396824";"13219";"13219"
"SCRIPT_API";"dw.value.Money#subtract(dw.value.Money)";"54";"102592";"102592";"1238";"1238"
"SCRIPT_API";"dw.value.Money(Number,String)";"123";"347470";"347470";"3978";"3978"
"SCRIPT_API";"dw.value.Quantity#getValue()";"550";"486247";"486247";"12246";"12246"
"SCRIPT_API";"dw.web.CSRFProtection#generateToken()";"62";"2341826";"2341826";"0";"0"
"SCRIPT_API";"dw.web.CSRFProtection#getTokenName()";"62";"186168";"186168";"9114";"9114"
"SCRIPT_API";"dw.web.CSRFProtection#validateRequest()";"11";"727222";"727222";"3653";"3653"
"SCRIPT_API";"dw.web.ClickStream#getClicks()";"2";"9254";"9254";"34";"34"
"SCRIPT_API";"dw.web.ClickStream#isPartial()";"2";"7655";"7655";"3";"3"
"SCRIPT_API";"dw.web.ClickStreamEntry#getHost()";"102";"59002";"59002";"2576";"2576"
"SCRIPT_API";"dw.web.ClickStreamEntry#getLocale()";"102";"48839";"48839";"1167";"1167"
"SCRIPT_API";"dw.web.ClickStreamEntry#getPath()";"102";"365192";"365192";"283923";"283923"
"SCRIPT_API";"dw.web.ClickStreamEntry#getPipelineName()";"102";"65100";"65100";"1834";"1834"
"SCRIPT_API";"dw.web.ClickStreamEntry#getQueryString()";"102";"281373";"281373";"17350";"17350"
"SCRIPT_API";"dw.web.ClickStreamEntry#getReferer()";"102";"61193";"61193";"515";"515"
"SCRIPT_API";"dw.web.ClickStreamEntry#getRemoteAddress()";"102";"59224";"59224";"848";"848"
"SCRIPT_API";"dw.web.ClickStreamEntry#getTimestamp()";"102";"65474";"65474";"746";"746"
"SCRIPT_API";"dw.web.ClickStreamEntry#getUrl()";"102";"89120";"89120";"776";"776"
"SCRIPT_API";"dw.web.ClickStreamEntry#getUserAgent()";"102";"60768";"60768";"859";"859"
"SCRIPT_API";"dw.web.FormAction#getDescription()";"98";"125845";"125845";"4329";"4329"
"SCRIPT_API";"dw.web.FormAction#getLabel()";"98";"91041";"91041";"1418";"1418"
"SCRIPT_API";"dw.web.FormAction#isSubmitted()";"98";"103522";"103522";"1122";"1122"
"SCRIPT_API";"dw.web.FormAction#isTriggered()";"98";"91078";"91078";"2243";"2243"
"SCRIPT_API";"dw.web.FormElement#clearFormElement()";"18";"297141";"297141";"7825";"7825"
"SCRIPT_API";"dw.web.FormElement#getDynamicHtmlName()";"904";"1598725";"1598725";"0";"0"
"SCRIPT_API";"dw.web.FormElement#getHtmlName()";"1266";"1149384";"1149384";"10457";"10457"
"SCRIPT_API";"dw.web.FormElement#isValid()";"904";"4585909";"4585909";"3545293";"3545293"
"SCRIPT_API";"dw.web.FormField#getDescription()";"769";"1217585";"1217585";"14213";"14213"
"SCRIPT_API";"dw.web.FormField#getError()";"723";"470014";"470014";"20059";"20059"
"SCRIPT_API";"dw.web.FormField#getHtmlValue()";"1006";"803887";"803887";"50240";"50240"
"SCRIPT_API";"dw.web.FormField#getLabel()";"1338";"1119447";"1119447";"29761";"29761"
"SCRIPT_API";"dw.web.FormField#getMaxLength()";"593";"441178";"441178";"21703";"21703"
"SCRIPT_API";"dw.web.FormField#getMaxValue()";"20";"58586";"58586";"543";"543"
"SCRIPT_API";"dw.web.FormField#getMinLength()";"593";"376466";"376466";"13918";"13918"
"SCRIPT_API";"dw.web.FormField#getMinValue()";"20";"27049";"27049";"259";"259"
"SCRIPT_API";"dw.web.FormField#getOptions()";"18980";"9376316";"9376316";"336972";"336972"
"SCRIPT_API";"dw.web.FormField#getRegEx()";"593";"387587";"387587";"13025";"13025"
"SCRIPT_API";"dw.web.FormField#getSelectedOption()";"139";"876406";"876406";"0";"0"
"SCRIPT_API";"dw.web.FormField#getType()";"1581";"1013365";"1013365";"95601";"95601"
"SCRIPT_API";"dw.web.FormField#getValue()";"114";"172460";"172460";"6640";"6640"
"SCRIPT_API";"dw.web.FormField#isChecked()";"110";"137592";"137592";"4095";"4095"
"SCRIPT_API";"dw.web.FormField#isMandatory()";"833";"574464";"574464";"20835";"20835"
"SCRIPT_API";"dw.web.FormField#isSelected()";"110";"105970";"105970";"2826";"2826"
"SCRIPT_API";"dw.web.FormField#setValue(Object)";"13";"93504";"93504";"691";"691"
"SCRIPT_API";"dw.web.FormFieldOption#getHtmlValue()";"2444";"4396186";"4396186";"67054";"67054"
"SCRIPT_API";"dw.web.FormFieldOption#getLabel()";"4888";"3437354";"3437354";"99783";"99783"
"SCRIPT_API";"dw.web.FormFieldOption#getOptionId()";"2491";"1252460";"1252460";"77858";"77858"
"SCRIPT_API";"dw.web.FormFieldOption#getValue()";"2444";"1390387";"1390387";"48864";"48864"
"SCRIPT_API";"dw.web.FormFieldOption#isChecked()";"2444";"1348389";"1348389";"84819";"84819"
"SCRIPT_API";"dw.web.FormFieldOption#isSelected()";"2444";"1267016";"1267016";"67129";"67129"
"SCRIPT_API";"dw.web.FormFieldOptions#getOptionsCount()";"982";"602259";"602259";"17065";"17065"
"SCRIPT_API";"dw.web.FormGroup#getError()";"181";"234632";"234632";"3057";"3057"
"SCRIPT_API";"dw.web.HttpParameter#getDoubleValue()";"8";"30986";"30986";"298";"298"
"SCRIPT_API";"dw.web.HttpParameter#getRawValue()";"369";"195025";"195025";"6263";"6263"
"SCRIPT_API";"dw.web.HttpParameterMap#get(Object)";"192";"129874";"129874";"3132";"3132"
"SCRIPT_API";"dw.web.HttpParameterMap#getParameterNames()";"62";"51092";"51092";"1539";"1539"
"SCRIPT_API";"dw.web.LoopIterator#getCount()";"88";"95692";"95692";"8421";"8421"
"SCRIPT_API";"dw.web.LoopIterator#getIndex()";"132";"87630";"87630";"6497";"6497"
"SCRIPT_API";"dw.web.LoopIterator#isFirst()";"8";"31548";"31548";"978";"978"
"SCRIPT_API";"dw.web.LoopIterator#isLast()";"6";"42667";"42667";"21350";"21350"
"SCRIPT_API";"dw.web.PageMetaData#addPageMetaTags(Array)";"4";"58147";"58147";"126";"126"
"SCRIPT_API";"dw.web.PageMetaData#getDescription()";"37";"30791";"30791";"811";"811"
"SCRIPT_API";"dw.web.PageMetaData#getKeywords()";"37";"33228";"33228";"657";"657"
"SCRIPT_API";"dw.web.PageMetaData#getPageMetaTags()";"37";"113110";"113110";"195";"195"
"SCRIPT_API";"dw.web.PageMetaData#getTitle()";"37";"39201";"39201";"1386";"1386"
"SCRIPT_API";"dw.web.PageMetaTag#getContent()";"6";"9573";"9573";"399";"399"
"SCRIPT_API";"dw.web.PageMetaTag#getID()";"8";"13348";"13348";"365";"365"
"SCRIPT_API";"dw.web.PageMetaTag#isName()";"12";"20488";"20488";"680";"680"
"SCRIPT_API";"dw.web.PageMetaTag#isProperty()";"2";"9122";"9122";"155";"155"
"SCRIPT_API";"dw.web.PageMetaTag#isTitle()";"6";"14149";"14149";"232";"232"
"SCRIPT_API";"dw.web.PagingModel#appendPaging(dw.web.URL)";"4";"33428";"33428";"26";"26"
"SCRIPT_API";"dw.web.PagingModel#getCurrentPage()";"4";"9683";"9683";"193";"193"
"SCRIPT_API";"dw.web.PagingModel#getEnd()";"36";"30715";"30715";"1503";"1503"
"SCRIPT_API";"dw.web.PagingModel#getPageElements()";"4";"25783";"25783";"80";"80"
"SCRIPT_API";"dw.web.PagingModel#setPageSize(Number)";"8";"11443";"11443";"107";"107"
"SCRIPT_API";"dw.web.PagingModel#setStart(Number)";"12";"21482";"21482";"0";"0"
"SCRIPT_API";"dw.web.PagingModel(dw.util.Iterator,Number)";"8";"38328";"38328";"1077";"1077"
"SCRIPT_API";"dw.web.Resource#msg(String,String,String)";"4638";"118369347";"118369347";"1029229";"1029229"
"SCRIPT_API";"dw.web.Resource#msgf(String,String,String,Object[])";"182";"12677925";"12677925";"0";"0"
"SCRIPT_API";"dw.web.URL#append(String,String)";"2";"7872";"7872";"14";"14"
"SCRIPT_API";"dw.web.URL#relative()";"80";"198116";"198116";"805";"805"
"SCRIPT_API";"dw.web.URL#toString()";"639";"37222341";"37222341";"23836101";"23836101"
"SCRIPT_API";"dw.web.URLUtils#abs(String,String[])";"24";"125752";"125752";"835";"835"
"SCRIPT_API";"dw.web.URLUtils#home()";"2";"47037";"47037";"0";"0"
"SCRIPT_API";"dw.web.URLUtils#https(String,String[])";"77";"503696";"503696";"6906";"6906"
"SCRIPT_API";"dw.web.URLUtils#staticURL(String)";"173";"112620145";"112620145";"90697136";"90697136"
"SCRIPT_API";"dw.web.URLUtils#url(String,String[])";"543";"2274300";"2274300";"50249";"50249"
"SCRIPT_CONTROLLER";"app_storefront_base/cartridge/controllers/Account.js#Header";"18";"81664084";"59325991";"7001";"0"
"SCRIPT_CONTROLLER";"app_storefront_base/cartridge/controllers/Account.js#Login";"1";"29676203";"11436044";"10177231";"0"
"SCRIPT_CONTROLLER";"app_storefront_base/cartridge/controllers/Account.js#Show";"1";"206017000";"19259419";"27576692";"0"
"SCRIPT_CONTROLLER";"app_storefront_base/cartridge/controllers/Cart.js#AddProduct";"2";"112673722";"38174976";"25795078";"0"
"SCRIPT_CONTROLLER";"app_storefront_base/cartridge/controllers/Cart.js#MiniCart";"9";"43118806";"32949872";"260670";"210544"
"SCRIPT_CONTROLLER";"app_storefront_base/cartridge/controllers/Cart.js#MiniCartShow";"4";"147310231";"42788041";"22471220";"0"
"SCRIPT_CONTROLLER";"app_storefront_base/cartridge/controllers/Cart.js#RemoveProductLineItem";"1";"19508493";"9332220";"302";"2360"
"SCRIPT_CONTROLLER";"app_storefront_base/cartridge/controllers/Cart.js#Show";"2";"84829830";"24339411";"13378154";"475134"
"SCRIPT_CONTROLLER";"app_storefront_base/cartridge/controllers/Checkout.js#Begin";"4";"696387208";"261978854";"78382277";"13817582"
"SCRIPT_CONTROLLER";"app_storefront_base/cartridge/controllers/CheckoutServices.js#PlaceOrder";"1";"12830964293";"12393504537";"12713561765";"12370799914"
"SCRIPT_CONTROLLER";"app_storefront_base/cartridge/controllers/CheckoutServices.js#SubmitCustomer";"1";"41580102";"22583873";"6352676";"463764"
"SCRIPT_CONTROLLER";"app_storefront_base/cartridge/controllers/CheckoutServices.js#SubmitPayment";"4";"103470219";"53088985";"34119742";"15347233"
"SCRIPT_CONTROLLER";"app_storefront_base/cartridge/controllers/CheckoutShippingServices.js#SubmitShipping";"8";"40282305725";"40009361297";"39859485956";"39770999787"
"SCRIPT_CONTROLLER";"app_storefront_base/cartridge/controllers/CheckoutShippingServices.js#UpdateShippingMethodsList";"1";"37771772";"15533869";"2588074";"0"
"SCRIPT_CONTROLLER";"app_storefront_base/cartridge/controllers/ConsentTracking.js#Check";"13";"32725428";"22165132";"5132";"0"
"SCRIPT_CONTROLLER";"app_storefront_base/cartridge/controllers/Error.js#Start";"3";"15274782";"9440082";"3002";"0"
"SCRIPT_CONTROLLER";"app_storefront_base/cartridge/controllers/Home.js#Show";"2";"62470883";"10869707";"22821192";"0"
"SCRIPT_CONTROLLER";"app_storefront_base/cartridge/controllers/Login.js#Show";"1";"30362891";"9285208";"7549337";"0"
"SCRIPT_CONTROLLER";"app_storefront_base/cartridge/controllers/Order.js#Confirm";"1";"62798778";"27827904";"9317972";"11889"
"SCRIPT_CONTROLLER";"app_storefront_base/cartridge/controllers/Page.js#Include";"76";"213058146";"156834659";"18025623";"14706581"
"SCRIPT_CONTROLLER";"app_storefront_base/cartridge/controllers/Page.js#IncludeHeaderMenu";"9";"135545292";"23295122";"86915571";"0"
"SCRIPT_CONTROLLER";"app_storefront_base/cartridge/controllers/Page.js#Locale";"18";"43185889";"33459832";"23505";"0"
"SCRIPT_CONTROLLER";"app_storefront_base/cartridge/controllers/Product.js#ShowQuickView";"2";"66720177";"23967912";"17220531";"6977"
"SCRIPT_CONTROLLER";"app_storefront_base/cartridge/controllers/Product.js#Variation";"2";"44636859";"17073200";"10614423";"37088"
"SCRIPT_CONTROLLER";"app_storefront_base/cartridge/controllers/ReportingEvent.js#MiniCart";"2";"9670167";"5794845";"461512";"0"
"SCRIPT_CONTROLLER";"app_storefront_base/cartridge/controllers/ReportingEvent.js#Start";"15";"25377518";"21161879";"13077";"0"
"SCRIPT_CONTROLLER";"app_storefront_base/cartridge/controllers/Search.js#Refinebar";"2";"12586621";"6278499";"592";"0"
"SCRIPT_CONTROLLER";"app_storefront_base/cartridge/controllers/Search.js#Show";"2";"372020763";"33687881";"233544425";"368203"
"SCRIPT_CONTROLLER";"app_storefront_base/cartridge/controllers/Tile.js#Show";"34";"416078509";"115061467";"142230641";"415953"
"SCRIPT_HOOK";"app_storefront_base/cartridge/scripts/hooks/cart/calculate.js#calculate";"24";"234648653";"16502013";"81946771";"293253"
"SCRIPT_HOOK";"app_storefront_base/cartridge/scripts/hooks/cart/calculate.js#calculateShipping";"24";"7590623";"1384043";"7361";"16006"
"SCRIPT_HOOK";"app_storefront_base/cartridge/scripts/hooks/cart/calculate.js#calculateTax";"24";"26837245";"16035579";"493147";"28896"
"SCRIPT_HOOK";"app_storefront_base/cartridge/scripts/hooks/payment/processor/basic_credit#Authorize";"1";"4039143";"176661";"3623936";"0"
"SCRIPT_HOOK";"app_storefront_base/cartridge/scripts/hooks/payment/processor/basic_credit#Handle";"1";"8578959";"884771";"5714097";"0"
"SCRIPT_HOOK";"app_storefront_base/cartridge/scripts/hooks/payment/processor/basic_credit_form_processor#processForm";"1";"2480919";"2071065";"0";"0"
"SCRIPT_HOOK";"app_storefront_base/cartridge/scripts/hooks/payment/processor/basic_credit_form_processor#savePaymentInformation";"1";"46277";"41775";"10";"0"
"SF_PAGE";"/Sites-RefArch-Site/en_US/Account-Header";"18";"84864715";"3200631";"17663";"10662"
"SF_PAGE";"/Sites-RefArch-Site/en_US/Account-Login";"1";"34871783";"5195580";"12948077";"2770846"
"SF_PAGE";"/Sites-RefArch-Site/en_US/Account-Show";"1";"213241063";"7224063";"33630614";"6053922"
"SF_PAGE";"/Sites-RefArch-Site/en_US/Cart-AddProduct";"2";"127657622";"14983900";"37796267";"12001189"
"SF_PAGE";"/Sites-RefArch-Site/en_US/Cart-MiniCart";"9";"44645106";"1526300";"265855";"5185"
"SF_PAGE";"/Sites-RefArch-Site/en_US/Cart-MiniCartShow";"4";"148287233";"977002";"22473650";"2430"
"SF_PAGE";"/Sites-RefArch-Site/en_US/Cart-RemoveProductLineItem";"1";"25981195";"6472702";"5310488";"5310186"
"SF_PAGE";"/Sites-RefArch-Site/en_US/Cart-Show";"2";"85484943";"655113";"13379313";"1159"
"SF_PAGE";"/Sites-RefArch-Site/en_US/Checkout-Begin";"4";"703025061";"6637853";"82948144";"4565867"
"SF_PAGE";"/Sites-RefArch-Site/en_US/CheckoutServices-PlaceOrder";"1";"12835714752";"4750459";"12717128156";"3566391"
"SF_PAGE";"/Sites-RefArch-Site/en_US/CheckoutServices-SubmitCustomer";"1";"46541428";"4961326";"9867065";"3514389"
"SF_PAGE";"/Sites-RefArch-Site/en_US/CheckoutServices-SubmitPayment";"4";"132742980";"13997979";"40051529";"5928785"
"SF_PAGE";"/Sites-RefArch-Site/en_US/CheckoutShippingServices-SubmitShipping";"8";"40292471022";"10165297";"39862718788";"3232832"
"SF_PAGE";"/Sites-RefArch-Site/en_US/CheckoutShippingServices-UpdateShippingMethodsList";"1";"43311531";"5539759";"6734668";"4146594"
"SF_PAGE";"/Sites-RefArch-Site/en_US/ConsentTracking-Check";"13";"35130658";"2405230";"12685";"7553"
"SF_PAGE";"/Sites-RefArch-Site/en_US/Home-Show";"2";"63454962";"984079";"22821451";"259"
"SF_PAGE";"/Sites-RefArch-Site/en_US/Login-Show";"1";"30616307";"253416";"7550806";"1469"
"SF_PAGE";"/Sites-RefArch-Site/en_US/Order-Confirm";"1";"73251800";"10453022";"18133752";"8815780"
"SF_PAGE";"/Sites-RefArch-Site/en_US/Page-Include";"76";"224881021";"11822875";"18074760";"49137"
"SF_PAGE";"/Sites-RefArch-Site/en_US/Page-IncludeHeaderMenu";"9";"136918642";"1373350";"86921062";"5491"
"SF_PAGE";"/Sites-RefArch-Site/en_US/Page-Locale";"18";"46299408";"3113519";"34759";"11254"
"SF_PAGE";"/Sites-RefArch-Site/en_US/Product-ShowQuickView";"2";"67469278";"749101";"17221370";"839"
"SF_PAGE";"/Sites-RefArch-Site/en_US/Product-Variation";"2";"45447826";"810967";"10600158";"0"
"SF_PAGE";"/Sites-RefArch-Site/en_US/ReportingEvent-MiniCart";"2";"10241367";"571200";"462723";"1211"
"SF_PAGE";"/Sites-RefArch-Site/en_US/ReportingEvent-Start";"15";"29673985";"4296467";"1202336";"1189259"
"SF_PAGE";"/Sites-RefArch-Site/en_US/Search-Refinebar";"2";"12875854";"289233";"2132";"1540"
"SF_PAGE";"/Sites-RefArch-Site/en_US/Search-Show";"2";"372610158";"589395";"233545494";"1069"
"SF_PAGE";"/Sites-RefArch-Site/en_US/Tile-Show";"34";"421434271";"5355762";"142250375";"19734"
"SF_PAGE";"/Sites-RefArch-Site/en_US/__SYSTEM__Slot-Render";"34";"103248731";"32222817";"52540534";"14678452"
"SF_PAGE";"/Sites-RefArch-Site/en_US/__SYSTEM__Slot-Request";"36";"174276928";"174276928";"125529686";"125529686"
"SF_PAGE";"/Sites-RefArch-Site/en_US/__SYSTEM__StorefrontToolkit-Start";"13";"11007237";"11007237";"9996";"9996"
