"Type";"Name";"Count";"TotalTime";"OwnTime";"TotalWaitTime";"OwnWaitTime"
"ISML";"app_storefront_base/default//account/login";"1";"38452137";"4110097";"23878791";"1711807"
"ISML";"app_storefront_base/default//common/consent";"7";"2583927";"2252252";"1934";"488"
"ISML";"app_storefront_base/default//common/htmlHead";"7";"63348461";"7404480";"43477821";"14666"
"ISML";"app_storefront_base/default//common/scripts";"14";"1376947";"1018490";"0";"0"
"ISML";"app_storefront_base/default//components/content/contentAsset";"43";"1663869";"1563844";"1227";"947"
"ISML";"app_storefront_base/default//components/content/offlineContent";"6";"182006";"182006";"1467";"1467"
"ISML";"app_storefront_base/default//components/footer/pageFooter";"7";"3174524";"1721182";"2330";"0"
"ISML";"app_storefront_base/default//components/header/countrySelector";"6";"851678";"851678";"1728";"1728"
"ISML";"app_storefront_base/default//components/header/menu";"6";"3626045";"2913563";"1211";"0"
"ISML";"app_storefront_base/default//components/header/miniCart";"6";"2130662";"1767361";"1848";"656"
"ISML";"app_storefront_base/default//components/header/mobileCountrySelector";"6";"779587";"779587";"1457";"1457"
"ISML";"app_storefront_base/default//components/header/pageHeader";"6";"21020957";"3546222";"12168945";"0"
"ISML";"app_storefront_base/default//components/header/pageHeaderNomenu";"1";"335265";"203751";"522";"182"
"ISML";"app_storefront_base/default//components/header/skipNav";"7";"568316";"378575";"1501";"987"
"ISML";"app_storefront_base/default//components/modules";"9";"131539";"131539";"1928";"1928"
"ISML";"app_storefront_base/default//components/schema";"6";"308448";"308448";"4578";"4578"
"ISML";"app_storefront_base/default//product/components/pricing/default";"60";"6055224";"5010850";"7105";"2332"
"ISML";"app_storefront_base/default//product/components/pricing/formatted";"60";"1044374";"1044374";"4773";"4773"
"ISML";"app_storefront_base/default//product/components/pricing/main";"4";"387765";"153272";"548";"446"
"ISML";"app_storefront_base/default//reporting/reporting";"7";"233785";"233785";"843";"843"
"ISML";"app_storefront_base/default/account/accountDashboard";"1";"19058779";"997694";"7539236";"0"
"ISML";"app_storefront_base/default/account/addressBookCard";"1";"273478";"222974";"1121";"366"
"ISML";"app_storefront_base/default/account/components/loginForm";"1";"343257";"291281";"401";"0"
"ISML";"app_storefront_base/default/account/components/navTabs";"1";"147139";"118045";"404";"329"
"ISML";"app_storefront_base/default/account/components/oauth";"1";"230758";"198078";"476";"269"
"ISML";"app_storefront_base/default/account/components/registerForm";"1";"2756696";"720756";"246607";"0"
"ISML";"app_storefront_base/default/account/components/trackOrderForm";"1";"468460";"372209";"539";"0"
"ISML";"app_storefront_base/default/account/components/trackOrderFormBillingZipCode";"1";"59692";"50539";"441";"320"
"ISML";"app_storefront_base/default/account/dashboardProfileCards";"1";"5026180";"1422134";"954";"0"
"ISML";"app_storefront_base/default/account/header";"6";"5165853";"1553759";"1712";"2186"
"ISML";"app_storefront_base/default/account/mobileHeader";"6";"1487322";"1298564";"1927";"660"
"ISML";"app_storefront_base/default/account/password/passwordResetForm";"1";"173446";"144577";"317";"136"
"ISML";"app_storefront_base/default/account/password/requestPasswordResetModal";"1";"722775";"536613";"252271";"251832"
"ISML";"app_storefront_base/default/account/passwordCard";"1";"267666";"213834";"1195";"100"
"ISML";"app_storefront_base/default/account/paymentCard";"1";"2635886";"193066";"1008";"1689"
"ISML";"app_storefront_base/default/account/profileCard";"1";"427016";"349944";"524";"0"
"ISML";"app_storefront_base/default/cart/cart";"1";"18839248";"3420858";"9167920";"1376587"
"ISML";"app_storefront_base/default/cart/cartApproachingDiscount";"1";"56511";"55043";"752";"723"
"ISML";"app_storefront_base/default/cart/cartCouponDisplay";"26";"2306950";"2306950";"3378";"3378"
"ISML";"app_storefront_base/default/cart/cartPromoCode";"1";"172721";"139991";"466";"143"
"ISML";"app_storefront_base/default/cart/cartRemoveCouponModal";"1";"107198";"84828";"441";"231"
"ISML";"app_storefront_base/default/cart/cartRemoveProductModal";"3";"227504";"163182";"573";"365"
"ISML";"app_storefront_base/default/cart/cartShippingMethodSelection";"1";"168028";"157308";"532";"421"
"ISML";"app_storefront_base/default/cart/cartTotals";"1";"188904";"159275";"542";"310"
"ISML";"app_storefront_base/default/cart/checkoutButtons";"3";"294495";"252325";"854";"751"
"ISML";"app_storefront_base/default/cart/productCard/cartProductCard";"1";"1975744";"838962";"589";"0"
"ISML";"app_storefront_base/default/cart/productCard/cartProductCardAvailability";"4";"170769";"170769";"513";"513"
"ISML";"app_storefront_base/default/cart/productCard/cartProductCardEdit";"1";"147439";"116554";"583";"124"
"ISML";"app_storefront_base/default/cart/productCard/cartProductCardHeader";"1";"317151";"233319";"919";"250"
"ISML";"app_storefront_base/default/cart/productCard/cartProductCardProductPrice";"1";"588860";"190764";"392";"0"
"ISML";"app_storefront_base/default/checkout/addressSummary";"6";"475572";"475572";"363";"363"
"ISML";"app_storefront_base/default/checkout/billing/addressSelector";"1";"515949";"336811";"518";"82"
"ISML";"app_storefront_base/default/checkout/billing/addressSelectorShipping";"1";"163041";"153441";"369";"373"
"ISML";"app_storefront_base/default/checkout/billing/billing";"1";"7139554";"923966";"1284088";"0"
"ISML";"app_storefront_base/default/checkout/billing/billingAddress";"1";"1697644";"1596088";"388";"0"
"ISML";"app_storefront_base/default/checkout/billing/billingSummary";"2";"1450462";"646886";"947";"0"
"ISML";"app_storefront_base/default/checkout/billing/creditCardForm";"1";"974044";"910589";"350";"0"
"ISML";"app_storefront_base/default/checkout/billing/paymentOptions";"1";"3933068";"424604";"1284010";"0"
"ISML";"app_storefront_base/default/checkout/billing/paymentOptions/creditCardContent";"1";"1284058";"310014";"443";"93"
"ISML";"app_storefront_base/default/checkout/billing/paymentOptions/creditCardSummary";"2";"183049";"148733";"913";"746"
"ISML";"app_storefront_base/default/checkout/billing/paymentOptions/creditCardTab";"1";"1712933";"122124";"1283783";"632"
"ISML";"app_storefront_base/default/checkout/billing/paymentOptions/paymentOptionsContent";"1";"1548512";"264454";"603";"160"
"ISML";"app_storefront_base/default/checkout/billing/paymentOptions/paymentOptionsSummary";"2";"663597";"480548";"805";"0"
"ISML";"app_storefront_base/default/checkout/billing/paymentOptions/paymentOptionsTabs";"1";"1959952";"247019";"1284056";"273"
"ISML";"app_storefront_base/default/checkout/cart/miniCart";"2";"4839390";"1520098";"677";"0"
"ISML";"app_storefront_base/default/checkout/checkout";"1";"33755247";"3041727";"1283871";"0"
"ISML";"app_storefront_base/default/checkout/confirmation/confirmation";"1";"26892766";"4581693";"8777110";"1093369"
"ISML";"app_storefront_base/default/checkout/confirmation/confirmationCreateAccount";"1";"1061292";"961475";"317293";"315946"
"ISML";"app_storefront_base/default/checkout/confirmation/confirmationCreateAccountExtension";"1";"23591";"23591";"677";"677"
"ISML";"app_storefront_base/default/checkout/confirmation/confirmationDetails";"1";"3713806";"851201";"424";"0"
"ISML";"app_storefront_base/default/checkout/confirmation/confirmationEmail";"1";"3666893";"1504468";"502";"0"
"ISML";"app_storefront_base/default/checkout/confirmation/confirmationOrderTotal";"1";"200191";"170758";"442";"174"
"ISML";"app_storefront_base/default/checkout/confirmation/confirmationPaymentInfo";"1";"143602";"127002";"162";"7"
"ISML";"app_storefront_base/default/checkout/confirmation/shippingTitle";"1";"74219";"61013";"335";"148"
"ISML";"app_storefront_base/default/checkout/customer/customer";"1";"3237687";"498321";"549";"0"
"ISML";"app_storefront_base/default/checkout/customer/customerCard";"1";"479691";"410401";"326";"0"
"ISML";"app_storefront_base/default/checkout/customer/customerOAuthCard";"1";"2243976";"237291";"448";"985"
"ISML";"app_storefront_base/default/checkout/customer/customerSummary";"1";"106444";"93833";"541";"461"
"ISML";"app_storefront_base/default/checkout/orderProductSummary";"2";"2086927";"510016";"1019";"749"
"ISML";"app_storefront_base/default/checkout/orderTotalSummary";"2";"435433";"363276";"1056";"862"
"ISML";"app_storefront_base/default/checkout/productCard/productCard";"4";"4172848";"2511307";"1263";"0"
"ISML";"app_storefront_base/default/checkout/productCard/productCardProductName";"3";"68657";"68657";"768";"768"
"ISML";"app_storefront_base/default/checkout/productCard/productCardProductNameAndRemove";"2";"196837";"165804";"603";"674"
"ISML";"app_storefront_base/default/checkout/productCard/productCardProductPromotions";"3";"63294";"63294";"426";"426"
"ISML";"app_storefront_base/default/checkout/productCard/productCardProductRenderedTotalPrice";"50";"8277343";"6287372";"5584";"5991"
"ISML";"app_storefront_base/default/checkout/productCard/productCardProductTotalPrice";"55";"2114322";"2114322";"0";"0"
"ISML";"app_storefront_base/default/checkout/productCard/productCardQuantityDisplay";"2";"175842";"148478";"881";"838"
"ISML";"app_storefront_base/default/checkout/productCard/productCardQuantitySelector";"3";"836303";"571553";"801";"0"
"ISML";"app_storefront_base/default/checkout/productCard/productShippingCard";"1";"264183";"236435";"324";"77"
"ISML";"app_storefront_base/default/checkout/shipping/giftMessageSummary";"4";"218899";"180818";"1389";"1066"
"ISML";"app_storefront_base/default/checkout/shipping/isGift";"2";"345436";"286717";"347";"0"
"ISML";"app_storefront_base/default/checkout/shipping/multiShipCheckbox";"1";"52597";"52597";"406";"406"
"ISML";"app_storefront_base/default/checkout/shipping/multiShippingButtons";"2";"184404";"135428";"425";"157"
"ISML";"app_storefront_base/default/checkout/shipping/selectedShippingMethod";"6";"207041";"207041";"522";"522"
"ISML";"app_storefront_base/default/checkout/shipping/shipmentCard";"2";"11717781";"1806608";"305";"0"
"ISML";"app_storefront_base/default/checkout/shipping/shipmentSelector";"2";"2256280";"437223";"431";"0"
"ISML";"app_storefront_base/default/checkout/shipping/shipmentSelectorOptions";"2";"1737282";"1710641";"453";"314"
"ISML";"app_storefront_base/default/checkout/shipping/shipping";"1";"12769399";"717992";"583";"0"
"ISML";"app_storefront_base/default/checkout/shipping/shippingAddress";"2";"4211144";"2431443";"668";"0"
"ISML";"app_storefront_base/default/checkout/shipping/shippingAddressTemplate";"1";"69899";"50601";"678";"612"
"ISML";"app_storefront_base/default/checkout/shipping/shippingCard";"2";"1950783";"616337";"730";"610"
"ISML";"app_storefront_base/default/checkout/shipping/shippingCardShippingAddress";"2";"1209856";"1209856";"0";"0"
"ISML";"app_storefront_base/default/checkout/shipping/shippingMethod";"2";"931176";"708730";"614";"0"
"ISML";"app_storefront_base/default/checkout/shipping/shippingSummary";"2";"3176919";"1197853";"1007";"0"
"ISML";"app_storefront_base/default/checkout/shipping/shippingTitle";"2";"111506";"88317";"703";"643"
"ISML";"app_storefront_base/default/common/layout/checkout";"1";"2649036";"1119094";"0";"0"
"ISML";"app_storefront_base/default/common/layout/page";"6";"98087154";"9454075";"55640995";"0"
"ISML";"app_storefront_base/default/components/breadcrumbs/pageBreadcrumbs";"2";"398666";"392156";"733";"486"
"ISML";"app_storefront_base/default/components/content/contentAssetInc";"37";"10705591";"10705591";"0";"0"
"ISML";"app_storefront_base/default/components/deleteButton";"2";"132488";"103151";"742";"756"
"ISML";"app_storefront_base/default/components/header/menuItem";"6";"394786";"394786";"1819";"1819"
"ISML";"app_storefront_base/default/components/header/search";"12";"1623553";"1318700";"2943";"708"
"ISML";"app_storefront_base/default/home/homePage";"2";"48211873";"3569395";"22904968";"177640"
"ISML";"app_storefront_base/default/product/components/pricing/ajaxMain";"46";"16293148";"8105778";"6715";"2533"
"ISML";"app_storefront_base/default/product/components/pricing/main";"56";"9761502";"3940771";"5256";"0"
"ISML";"app_storefront_base/default/product/components/productRating";"10";"527261";"527261";"0";"0"
"ISML";"app_storefront_base/default/product/components/productTileImage";"10";"1281367";"964751";"1284";"1546"
"ISML";"app_storefront_base/default/product/components/productTileName";"10";"332306";"332306";"1288";"1288"
"ISML";"app_storefront_base/default/product/components/productTileSwatch";"10";"5274182";"1262946";"1060";"1321"
"ISML";"app_storefront_base/default/product/components/ratings";"10";"1286666";"759405";"1414";"1714"
"ISML";"app_storefront_base/default/product/gridTile";"10";"16276807";"2228218";"1080";"0"
"ISML";"app_storefront_base/default/product/productTile";"10";"14048589";"3293178";"1868";"0"
"ISML";"app_storefront_base/default/product/productTileFooter";"10";"2293424";"765724";"866";"0"
"ISML";"app_storefront_base/default/reporting/reportingUrls";"5";"605267";"605267";"216";"216"
"ISML";"app_storefront_base/default/slots/content/contentAssetBody";"13";"54514932";"54319169";"36255843";"36255564"
"ISML";"app_storefront_base/default/slots/content/htmlSlotContainer";"7";"4107385";"949663";"5681";"2920"
"ISML";"app_storefront_base/default/slots/htmlSlotContainer";"7";"3157722";"3013156";"2761";"2552"
"ISML";"app_storefront_base/default/slots/product/homePageProductSlot";"2";"1662743";"1432729";"2031";"38"
"ONREQUEST";"/Sites-RefArch-Site/en_US/Account-Login";"1";"817563";"817563";"71";"71"
"ONREQUEST";"/Sites-RefArch-Site/en_US/Account-Show";"1";"674938";"674938";"134";"134"
"ONREQUEST";"/Sites-RefArch-Site/en_US/Cart-MiniCartShow";"2";"1307193";"1307193";"776";"776"
"ONREQUEST";"/Sites-RefArch-Site/en_US/Cart-Show";"1";"932764";"932764";"0";"0"
"ONREQUEST";"/Sites-RefArch-Site/en_US/Checkout-Begin";"1";"806933";"806933";"788";"788"
"ONREQUEST";"/Sites-RefArch-Site/en_US/CheckoutServices-PlaceOrder";"5";"4280004";"4280004";"1249";"1249"
"ONREQUEST";"/Sites-RefArch-Site/en_US/CheckoutServices-SubmitCustomer";"11";"59737752";"59737752";"31968487";"31968487"
"ONREQUEST";"/Sites-RefArch-Site/en_US/CheckoutServices-SubmitPayment";"5";"5304329";"5304329";"1141";"1141"
"ONREQUEST";"/Sites-RefArch-Site/en_US/CheckoutShippingServices-SelectShippingMethod";"1";"847002";"847002";"0";"0"
"ONREQUEST";"/Sites-RefArch-Site/en_US/CheckoutShippingServices-SubmitShipping";"5";"4196857";"4196857";"734";"734"
"ONREQUEST";"/Sites-RefArch-Site/en_US/Home-Show";"2";"36804336";"36804336";"27430967";"27430967"
"ONREQUEST";"/Sites-RefArch-Site/en_US/Login-Show";"1";"2765660";"2765660";"1525";"1525"
"ONREQUEST";"/Sites-RefArch-Site/en_US/Order-Confirm";"1";"798857";"798857";"0";"0"
"ONREQUEST";"/Sites-RefArch-Site/en_US/__Analytics-Start";"14";"17030480";"17030480";"19225";"19225"
"ONREQUEST";"/Sites-RefArch-Site/en_US/__SYSTEM__StorefrontToolkit-Start";"7";"7244044";"7244044";"6677";"6677"
"PIPELINE_NODE";"bc_api:Assign";"6";"4046129";"4046129";"0";"0"
"SCRIPT_API";"dw.campaign.DiscountPlan#getApproachingOrderDiscounts()";"3";"13621";"13621";"80";"80"
"SCRIPT_API";"dw.campaign.DiscountPlan#getApproachingShippingDiscounts(dw.order.Shipment)";"3";"23394";"23394";"0";"0"
"SCRIPT_API";"dw.campaign.Promotion#getID()";"8";"8293";"8293";"247";"247"
"SCRIPT_API";"dw.campaign.PromotionMgr#applyDiscounts(dw.order.LineItemCtnr)";"32";"65402776";"65402776";"21154452";"21154452"
"SCRIPT_API";"dw.campaign.PromotionMgr#getActiveCustomerPromotions()";"52";"7341089";"7341089";"0";"0"
"SCRIPT_API";"dw.campaign.PromotionMgr#getDiscounts(dw.order.LineItemCtnr)";"3";"3115150";"3115150";"0";"0"
"SCRIPT_API";"dw.campaign.PromotionPlan#getProductPromotions()";"2";"167954";"167954";"0";"0"
"SCRIPT_API";"dw.campaign.PromotionPlan#getProductPromotions(dw.catalog.Product)";"50";"10417231";"10417231";"504859";"504859"
"SCRIPT_API";"dw.campaign.SlotContent#getContent()";"22";"100298";"100298";"0";"0"
"SCRIPT_API";"dw.catalog.Catalog#getRoot()";"6";"105593";"105593";"0";"0"
"SCRIPT_API";"dw.catalog.CatalogMgr#getSiteCatalog()";"6";"126997";"126997";"4345";"4345"
"SCRIPT_API";"dw.catalog.Category#getDisplayName()";"12";"249361";"249361";"0";"0"
"SCRIPT_API";"dw.catalog.Category#getID()";"24";"28383";"28383";"1125";"1125"
"SCRIPT_API";"dw.catalog.Category#getOnlineSubCategories()";"18";"5786637";"5786637";"4210770";"4210770"
"SCRIPT_API";"dw.catalog.Category#hasOnlineProducts()";"48";"52952819";"52952819";"46855476";"46855476"
"SCRIPT_API";"dw.catalog.Category#hasOnlineSubCategories()";"42";"487738";"487738";"0";"0"
"SCRIPT_API";"dw.catalog.PriceBook#getID()";"66";"79121";"79121";"1520";"1520"
"SCRIPT_API";"dw.catalog.PriceBook#getParentPriceBook()";"60";"107422";"107422";"1852";"1852"
"SCRIPT_API";"dw.catalog.PriceBookMgr#getApplicablePriceBooks()";"2";"15660";"15660";"0";"0"
"SCRIPT_API";"dw.catalog.PriceBookMgr#setApplicablePriceBooks(dw.catalog.PriceBook[])";"4";"31509";"31509";"22";"22"
"SCRIPT_API";"dw.catalog.Product#getAvailabilityModel()";"204";"2408694";"2408694";"0";"0"
"SCRIPT_API";"dw.catalog.Product#getBrand()";"2";"4102";"4102";"60";"60"
"SCRIPT_API";"dw.catalog.Product#getID()";"140";"187375";"187375";"4099";"4099"
"SCRIPT_API";"dw.catalog.Product#getImages(String)";"60";"14179356";"14179356";"0";"0"
"SCRIPT_API";"dw.catalog.Product#getMinOrderQuantity()";"92";"183535";"183535";"3297";"3297"
"SCRIPT_API";"dw.catalog.Product#getName()";"2";"40785";"40785";"0";"0"
"SCRIPT_API";"dw.catalog.Product#getOptionModel()";"50";"538509";"538509";"0";"0"
"SCRIPT_API";"dw.catalog.Product#getPriceModel()";"42";"12055273";"12055273";"6261175";"6261175"
"SCRIPT_API";"dw.catalog.Product#getPriceModel(dw.catalog.ProductOptionModel)";"46";"6079339";"6079339";"1699229";"1699229"
"SCRIPT_API";"dw.catalog.Product#getVariationModel()";"50";"2086810";"2086810";"0";"0"
"SCRIPT_API";"dw.catalog.Product#isMaster()";"152";"187268";"187268";"13792";"13792"
"SCRIPT_API";"dw.catalog.Product#isOnline()";"20";"1645596";"1645596";"0";"0"
"SCRIPT_API";"dw.catalog.Product#isVariant()";"58";"85018";"85018";"1350";"1350"
"SCRIPT_API";"dw.catalog.Product#isVariationGroup()";"92";"91694";"91694";"1620";"1620"
"SCRIPT_API";"dw.catalog.ProductAvailabilityLevels#getBackorder()";"46";"54062";"54062";"954";"954"
"SCRIPT_API";"dw.catalog.ProductAvailabilityLevels#getInStock()";"92";"80223";"80223";"2235";"2235"
"SCRIPT_API";"dw.catalog.ProductAvailabilityLevels#getNotAvailable()";"66";"80431";"80431";"1550";"1550"
"SCRIPT_API";"dw.catalog.ProductAvailabilityLevels#getPreorder()";"46";"60123";"60123";"996";"996"
"SCRIPT_API";"dw.catalog.ProductAvailabilityModel#getAvailabilityLevels(Number)";"66";"2896170";"2896170";"0";"0"
"SCRIPT_API";"dw.catalog.ProductAvailabilityModel#getInventoryRecord()";"138";"171712";"171712";"2684";"2684"
"SCRIPT_API";"dw.catalog.ProductAvailabilityModel#isOrderable(Number)";"92";"1629342";"1629342";"0";"0"
"SCRIPT_API";"dw.catalog.ProductInventoryRecord#getATS()";"46";"886362";"886362";"0";"0"
"SCRIPT_API";"dw.catalog.ProductInventoryRecord#getInStockDate()";"46";"109289";"109289";"713";"713"
"SCRIPT_API";"dw.catalog.ProductInventoryRecord#isPerpetual()";"46";"61817";"61817";"553";"553"
"SCRIPT_API";"dw.catalog.ProductMgr#getProduct(String)";"60";"406258";"406258";"1401";"1401"
"SCRIPT_API";"dw.catalog.ProductOptionModel#getOptions()";"100";"278581";"278581";"1288";"1288"
"SCRIPT_API";"dw.catalog.ProductPriceInfo#getPriceBook()";"66";"105380";"105380";"1183";"1183"
"SCRIPT_API";"dw.catalog.ProductPriceModel#getPrice()";"92";"472828";"472828";"1993";"1993"
"SCRIPT_API";"dw.catalog.ProductPriceModel#getPrice(dw.value.Quantity)";"32";"1196716";"1196716";"0";"0"
"SCRIPT_API";"dw.catalog.ProductPriceModel#getPriceBookPrice(String)";"46";"4047975";"4047975";"2570113";"2570113"
"SCRIPT_API";"dw.catalog.ProductPriceModel#getPriceInfo()";"76";"885124";"885124";"0";"0"
"SCRIPT_API";"dw.catalog.ProductPriceModel#getPriceTable()";"46";"1114538";"1114538";"0";"0"
"SCRIPT_API";"dw.catalog.ProductPriceTable#getQuantities()";"46";"194120";"194120";"476";"476"
"SCRIPT_API";"dw.catalog.ProductSearchHit#getDiscountedPromotionIDs()";"10";"589197";"589197";"213";"213"
"SCRIPT_API";"dw.catalog.ProductSearchHit#getFirstRepresentedProduct()";"10";"106956";"106956";"460";"460"
"SCRIPT_API";"dw.catalog.ProductSearchHit#getFirstRepresentedProductID()";"8";"44329";"44329";"34";"34"
"SCRIPT_API";"dw.catalog.ProductSearchHit#getMaxPrice()";"22";"55800";"55800";"0";"0"
"SCRIPT_API";"dw.catalog.ProductSearchHit#getMinPrice()";"22";"130517";"130517";"581";"581"
"SCRIPT_API";"dw.catalog.ProductSearchHit#getProduct()";"2";"14652";"14652";"0";"0"
"SCRIPT_API";"dw.catalog.ProductSearchHit#getProductID()";"36";"28007";"28007";"1054";"1054"
"SCRIPT_API";"dw.catalog.ProductSearchHit#getRepresentedVariationValues(Object)";"10";"520665";"520665";"708";"708"
"SCRIPT_API";"dw.catalog.ProductSearchModel#getProductSearchHit(dw.catalog.Product)";"12";"4097878";"4097878";"0";"0"
"SCRIPT_API";"dw.catalog.ProductSearchModel#getProductSearchHits()";"8";"52777";"52777";"135";"135"
"SCRIPT_API";"dw.catalog.ProductSearchModel#search()";"12";"17327522";"17327522";"7075437";"7075437"
"SCRIPT_API";"dw.catalog.ProductSearchModel()";"12";"1331640";"1331640";"0";"0"
"SCRIPT_API";"dw.catalog.ProductVariationAttribute#getAttributeID()";"300";"428885";"428885";"42074";"42074"
"SCRIPT_API";"dw.catalog.ProductVariationAttribute#getDisplayName()";"100";"3524358";"3524358";"0";"0"
"SCRIPT_API";"dw.catalog.ProductVariationAttribute#getID()";"200";"185882";"185882";"3927";"3927"
"SCRIPT_API";"dw.catalog.ProductVariationAttributeValue#equals(Object)";"200";"276556";"276556";"6602";"6602"
"SCRIPT_API";"dw.catalog.ProductVariationAttributeValue#getDescription()";"218";"1119818";"1119818";"0";"0"
"SCRIPT_API";"dw.catalog.ProductVariationAttributeValue#getDisplayValue()";"418";"3497027";"3497027";"0";"0"
"SCRIPT_API";"dw.catalog.ProductVariationAttributeValue#getID()";"218";"229530";"229530";"4934";"4934"
"SCRIPT_API";"dw.catalog.ProductVariationAttributeValue#getImage(String,Number)";"18";"1767411";"1767411";"0";"0"
"SCRIPT_API";"dw.catalog.ProductVariationAttributeValue#getImages(String)";"50";"5268299";"5268299";"3601";"3601"
"SCRIPT_API";"dw.catalog.ProductVariationAttributeValue#getValue()";"236";"823484";"823484";"0";"0"
"SCRIPT_API";"dw.catalog.ProductVariationModel#getAllValues(dw.catalog.ProductVariationAttribute)";"100";"550355";"550355";"1161";"1161"
"SCRIPT_API";"dw.catalog.ProductVariationModel#getMaster()";"50";"98780";"98780";"1759";"1759"
"SCRIPT_API";"dw.catalog.ProductVariationModel#getProductVariationAttributes()";"50";"166633";"166633";"3284";"3284"
"SCRIPT_API";"dw.catalog.ProductVariationModel#getSelectedValue(dw.catalog.ProductVariationAttribute)";"100";"1729899";"1729899";"0";"0"
"SCRIPT_API";"dw.catalog.ProductVariationModel#getSelectedVariant()";"50";"158932";"158932";"1319";"1319"
"SCRIPT_API";"dw.catalog.ProductVariationModel#hasOrderableVariants(dw.catalog.ProductVariationAttribute,dw.catalog.ProductVariationAttributeValue)";"200";"12425492";"12425492";"0";"0"
"SCRIPT_API";"dw.catalog.ProductVariationModel#urlSelectVariationValue(String,dw.catalog.ProductVariationAttribute,dw.catalog.ProductVariationAttributeValue)";"100";"2965597";"2965597";"0";"0"
"SCRIPT_API";"dw.catalog.ProductVariationModel#urlUnselectVariationValue(String,dw.catalog.ProductVariationAttribute)";"100";"4615259";"4615259";"0";"0"
"SCRIPT_API";"dw.catalog.SearchModel#getCount()";"12";"163104";"163104";"269";"269"
"SCRIPT_API";"dw.catalog.SearchModel#setSearchPhrase(String)";"12";"35185";"35185";"132";"132"
"SCRIPT_API";"dw.catalog.Variant#getBrand()";"58";"255054";"255054";"182";"182"
"SCRIPT_API";"dw.catalog.Variant#getName()";"58";"1952731";"1952731";"0";"0"
"SCRIPT_API";"dw.content.Content#getID()";"37";"74068";"74068";"643";"643"
"SCRIPT_API";"dw.content.Content#getName()";"37";"607539";"607539";"9702";"9702"
"SCRIPT_API";"dw.content.Content#getPageDescription()";"37";"342277";"342277";"0";"0"
"SCRIPT_API";"dw.content.Content#getPageKeywords()";"37";"332595";"332595";"0";"0"
"SCRIPT_API";"dw.content.Content#getPageMetaTags()";"37";"486066";"486066";"0";"0"
"SCRIPT_API";"dw.content.Content#getPageTitle()";"37";"369669";"369669";"0";"0"
"SCRIPT_API";"dw.content.Content#getTemplate()";"37";"49365";"49365";"690";"690"
"SCRIPT_API";"dw.content.Content#isOnline()";"50";"1949947";"1949947";"0";"0"
"SCRIPT_API";"dw.content.ContentMgr#getContent(String)";"57";"1386619";"1386619";"2535";"2535"
"SCRIPT_API";"dw.content.MarkupText#getMarkup()";"7";"111250";"111250";"306";"306"
"SCRIPT_API";"dw.content.MediaFile#getAbsURL()";"110";"1285761";"1285761";"0";"0"
"SCRIPT_API";"dw.content.MediaFile#getAlt()";"128";"175697";"175697";"4285";"4285"
"SCRIPT_API";"dw.content.MediaFile#getTitle()";"128";"134914";"134914";"3066";"3066"
"SCRIPT_API";"dw.content.MediaFile#getURL()";"128";"116090086";"116090086";"97149033";"97149033"
"SCRIPT_API";"dw.customer.AddressBook#getAddresses()";"18";"38862";"38862";"229";"229"
"SCRIPT_API";"dw.customer.AddressBook#getPreferredAddress()";"9";"13675";"13675";"195";"195"
"SCRIPT_API";"dw.customer.AuthenticationStatus#getStatus()";"2";"6006";"6006";"242";"242"
"SCRIPT_API";"dw.customer.Customer#getAddressBook()";"49";"99785";"99785";"750";"750"
"SCRIPT_API";"dw.customer.Customer#getExternalProfiles()";"22";"540129";"540129";"0";"0"
"SCRIPT_API";"dw.customer.Customer#getID()";"2";"231148";"231148";"0";"0"
"SCRIPT_API";"dw.customer.Customer#getOrderHistory()";"2";"11191";"11191";"202";"202"
"SCRIPT_API";"dw.customer.Customer#getProfile()";"119";"206516";"206516";"10068";"10068"
"SCRIPT_API";"dw.customer.Customer#isAuthenticated()";"40";"119720";"119720";"2359";"2359"
"SCRIPT_API";"dw.customer.Customer#isExternallyAuthenticated()";"21";"84738";"84738";"473";"473"
"SCRIPT_API";"dw.customer.Customer#isRegistered()";"1";"4296";"4296";"113";"113"
"SCRIPT_API";"dw.customer.CustomerMgr#authenticateCustomer(String,String)";"1";"5545811";"5545811";"1136080";"1136080"
"SCRIPT_API";"dw.customer.CustomerMgr#createCustomer(String,String)";"3";"27752303";"27752303";"13181475";"13181475"
"SCRIPT_API";"dw.customer.CustomerMgr#loginCustomer(dw.customer.AuthenticationStatus,Boolean)";"1";"2393219";"2393219";"1542973";"1542973"
"SCRIPT_API";"dw.customer.OrderHistory#getOrderCount()";"1";"2776";"2776";"0";"0"
"SCRIPT_API";"dw.customer.OrderHistory#getOrders(String,String,Object[])";"1";"2250144";"2250144";"1076701";"1076701"
"SCRIPT_API";"dw.customer.Profile#getCustomerNo()";"9";"10054";"10054";"184";"184"
"SCRIPT_API";"dw.customer.Profile#getEmail()";"9";"9450";"9450";"99";"99"
"SCRIPT_API";"dw.customer.Profile#getFirstName()";"9";"13796";"13796";"44";"44"
"SCRIPT_API";"dw.customer.Profile#getLastName()";"9";"18640";"18640";"64";"64"
"SCRIPT_API";"dw.customer.Profile#getPhoneHome()";"9";"16321";"16321";"25";"25"
"SCRIPT_API";"dw.customer.Profile#getWallet()";"9";"20550";"20550";"0";"0"
"SCRIPT_API";"dw.customer.Profile#setEmail(String)";"1";"12856";"12856";"0";"0"
"SCRIPT_API";"dw.customer.Profile#setFirstName(String)";"1";"27985";"27985";"0";"0"
"SCRIPT_API";"dw.customer.Profile#setLastName(String)";"1";"15146";"15146";"18";"18"
"SCRIPT_API";"dw.customer.Profile#setPhoneHome(String)";"1";"12718";"12718";"14";"14"
"SCRIPT_API";"dw.customer.Wallet#getPaymentInstruments()";"9";"1399360";"1399360";"1120007";"1120007"
"SCRIPT_API";"dw.experience.PageMgr#getPage(String)";"2";"77719";"77719";"0";"0"
"SCRIPT_API";"dw.io.PrintWriter#print(String)";"28";"359333";"359333";"9457";"9457"
"SCRIPT_API";"dw.net.Mail#addTo(String)";"1";"3377";"3377";"139";"139"
"SCRIPT_API";"dw.net.Mail#send()";"1";"203356";"203356";"0";"0"
"SCRIPT_API";"dw.net.Mail#setContent(String,String,String)";"1";"4364";"4364";"0";"0"
"SCRIPT_API";"dw.net.Mail#setFrom(String)";"1";"1722";"1722";"11";"11"
"SCRIPT_API";"dw.net.Mail#setSubject(String)";"1";"1649";"1649";"19";"19"
"SCRIPT_API";"dw.net.Mail()";"1";"6448";"6448";"126";"126"
"SCRIPT_API";"dw.object.ExtensibleObject#getCustom()";"709";"2147716";"2147716";"19662";"19662"
"SCRIPT_API";"dw.object.ObjectAttributeDefinition#getDisplayName()";"68";"1478411";"1478411";"0";"0"
"SCRIPT_API";"dw.object.ObjectAttributeDefinition#getUnit()";"34";"77299";"77299";"506";"506"
"SCRIPT_API";"dw.object.PersistentObject#getCreationDate()";"23";"102390";"102390";"728";"728"
"SCRIPT_API";"dw.object.PersistentObject#getUUID()";"366";"642556";"642556";"21262";"21262"
"SCRIPT_API";"dw.order.BasketMgr#getCurrentBasket()";"91";"12690151";"12690151";"4128510";"4128510"
"SCRIPT_API";"dw.order.LineItem#getBasePrice()";"1";"4297";"4297";"9";"9"
"SCRIPT_API";"dw.order.LineItem#getGrossPrice()";"1";"2991";"2991";"17";"17"
"SCRIPT_API";"dw.order.LineItem#getLineItemText()";"64";"89043";"89043";"1845";"1845"
"SCRIPT_API";"dw.order.LineItem#getNetPrice()";"1";"3121";"3121";"4";"4"
"SCRIPT_API";"dw.order.LineItem#getTax()";"1";"2727";"2727";"0";"0"
"SCRIPT_API";"dw.order.LineItem#getTaxClassID()";"96";"114324";"114324";"2061";"2061"
"SCRIPT_API";"dw.order.LineItem#getTaxRate()";"64";"89604";"89604";"554";"554"
"SCRIPT_API";"dw.order.LineItem#updateTax(Number)";"32";"1717958";"1717958";"0";"0"
"SCRIPT_API";"dw.order.LineItemCtnr#createPaymentInstrument(String,dw.value.Money)";"5";"785636";"785636";"0";"0"
"SCRIPT_API";"dw.order.LineItemCtnr#getAdjustedMerchandizeTotalGrossPrice()";"1";"3074";"3074";"0";"0"
"SCRIPT_API";"dw.order.LineItemCtnr#getAdjustedMerchandizeTotalNetPrice()";"1";"5759";"5759";"0";"0"
"SCRIPT_API";"dw.order.LineItemCtnr#getAdjustedMerchandizeTotalPrice(Boolean)";"81";"907166";"907166";"0";"0"
"SCRIPT_API";"dw.order.LineItemCtnr#getAdjustedMerchandizeTotalTax()";"1";"3719";"3719";"0";"0"
"SCRIPT_API";"dw.order.LineItemCtnr#getAdjustedShippingTotalGrossPrice()";"1";"3332";"3332";"0";"0"
"SCRIPT_API";"dw.order.LineItemCtnr#getAdjustedShippingTotalNetPrice()";"1";"3624";"3624";"0";"0"
"SCRIPT_API";"dw.order.LineItemCtnr#getAdjustedShippingTotalPrice()";"28";"333332";"333332";"0";"0"
"SCRIPT_API";"dw.order.LineItemCtnr#getAdjustedShippingTotalTax()";"1";"3530";"3530";"0";"0"
"SCRIPT_API";"dw.order.LineItemCtnr#getAllLineItems()";"19";"235527";"235527";"146";"146"
"SCRIPT_API";"dw.order.LineItemCtnr#getAllProductLineItems()";"32";"230226";"230226";"0";"0"
"SCRIPT_API";"dw.order.LineItemCtnr#getAllShippingPriceAdjustments()";"25";"111246";"111246";"54";"54"
"SCRIPT_API";"dw.order.LineItemCtnr#getBillingAddress()";"85";"482222";"482222";"1466";"1466"
"SCRIPT_API";"dw.order.LineItemCtnr#getBonusDiscountLineItems()";"46";"284584";"284584";"809";"809"
"SCRIPT_API";"dw.order.LineItemCtnr#getBonusLineItems()";"6";"45542";"45542";"100";"100"
"SCRIPT_API";"dw.order.LineItemCtnr#getCouponLineItems()";"31";"117702";"117702";"980";"980"
"SCRIPT_API";"dw.order.LineItemCtnr#getCurrencyCode()";"6";"25370";"25370";"545";"545"
"SCRIPT_API";"dw.order.LineItemCtnr#getCustomer()";"23";"164716";"164716";"1071";"1071"
"SCRIPT_API";"dw.order.LineItemCtnr#getCustomerEmail()";"30";"123232";"123232";"617";"617"
"SCRIPT_API";"dw.order.LineItemCtnr#getDefaultShipment()";"21";"189826";"189826";"198";"198"
"SCRIPT_API";"dw.order.LineItemCtnr#getGiftCertificateLineItems()";"16";"105287";"105287";"10";"10"
"SCRIPT_API";"dw.order.LineItemCtnr#getMerchandizeTotalGrossPrice()";"1";"4118";"4118";"6";"6"
"SCRIPT_API";"dw.order.LineItemCtnr#getMerchandizeTotalNetPrice()";"1";"6421";"6421";"0";"0"
"SCRIPT_API";"dw.order.LineItemCtnr#getMerchandizeTotalPrice()";"9";"195757";"195757";"0";"0"
"SCRIPT_API";"dw.order.LineItemCtnr#getMerchandizeTotalTax()";"1";"5715";"5715";"14";"14"
"SCRIPT_API";"dw.order.LineItemCtnr#getPaymentInstruments()";"30";"414818";"414818";"0";"0"
"SCRIPT_API";"dw.order.LineItemCtnr#getPaymentInstruments(String)";"5";"641594";"641594";"0";"0"
"SCRIPT_API";"dw.order.LineItemCtnr#getPriceAdjustments()";"45";"238554";"238554";"0";"0"
"SCRIPT_API";"dw.order.LineItemCtnr#getProductLineItems()";"57";"694675";"694675";"2396";"2396"
"SCRIPT_API";"dw.order.LineItemCtnr#getProductQuantities()";"32";"814390";"814390";"4214";"4214"
"SCRIPT_API";"dw.order.LineItemCtnr#getProductQuantityTotal()";"46";"245735";"245735";"501";"501"
"SCRIPT_API";"dw.order.LineItemCtnr#getShipments()";"168";"973171";"973171";"3074";"3074"
"SCRIPT_API";"dw.order.LineItemCtnr#getShippingPriceAdjustments()";"16";"90634";"90634";"0";"0"
"SCRIPT_API";"dw.order.LineItemCtnr#getShippingTotalGrossPrice()";"1";"3667";"3667";"4";"4"
"SCRIPT_API";"dw.order.LineItemCtnr#getShippingTotalNetPrice()";"1";"6406";"6406";"11";"11"
"SCRIPT_API";"dw.order.LineItemCtnr#getShippingTotalPrice()";"53";"387220";"387220";"0";"0"
"SCRIPT_API";"dw.order.LineItemCtnr#getShippingTotalTax()";"1";"3068";"3068";"14";"14"
"SCRIPT_API";"dw.order.LineItemCtnr#getTotalGrossPrice()";"60";"255900";"255900";"1158";"1158"
"SCRIPT_API";"dw.order.LineItemCtnr#getTotalNetPrice()";"2";"18418";"18418";"107";"107"
"SCRIPT_API";"dw.order.LineItemCtnr#getTotalTax()";"26";"186180";"186180";"170";"170"
"SCRIPT_API";"dw.order.LineItemCtnr#removePaymentInstrument(dw.order.PaymentInstrument)";"5";"568970";"568970";"0";"0"
"SCRIPT_API";"dw.order.LineItemCtnr#setCustomerEmail(String)";"8";"147312";"147312";"276";"276"
"SCRIPT_API";"dw.order.LineItemCtnr#updateTotals()";"16";"699844";"699844";"0";"0"
"SCRIPT_API";"dw.order.Order#getCreatedBy()";"1";"4885";"4885";"19";"19"
"SCRIPT_API";"dw.order.Order#getOrderNo()";"4";"20204";"20204";"218";"218"
"SCRIPT_API";"dw.order.Order#getOrderToken()";"1";"27604";"27604";"0";"0"
"SCRIPT_API";"dw.order.Order#getStatus()";"2";"109995";"109995";"0";"0"
"SCRIPT_API";"dw.order.Order#setConfirmationStatus(Number)";"1";"19073";"19073";"0";"0"
"SCRIPT_API";"dw.order.Order#setExportStatus(Number)";"1";"1254103";"1254103";"610028";"610028"
"SCRIPT_API";"dw.order.OrderAddress#getAddress1()";"73";"143581";"143581";"2496";"2496"
"SCRIPT_API";"dw.order.OrderAddress#getAddress2()";"47";"108497";"108497";"644";"644"
"SCRIPT_API";"dw.order.OrderAddress#getCity()";"47";"98736";"98736";"460";"460"
"SCRIPT_API";"dw.order.OrderAddress#getCompanyName()";"47";"77532";"77532";"364";"364"
"SCRIPT_API";"dw.order.OrderAddress#getCountryCode()";"94";"1524369";"1524369";"0";"0"
"SCRIPT_API";"dw.order.OrderAddress#getFirstName()";"72";"127394";"127394";"1043";"1043"
"SCRIPT_API";"dw.order.OrderAddress#getFullName()";"5";"440047";"440047";"0";"0"
"SCRIPT_API";"dw.order.OrderAddress#getJobTitle()";"47";"150421";"150421";"423";"423"
"SCRIPT_API";"dw.order.OrderAddress#getLastName()";"47";"131532";"131532";"466";"466"
"SCRIPT_API";"dw.order.OrderAddress#getPhone()";"47";"103668";"103668";"1215";"1215"
"SCRIPT_API";"dw.order.OrderAddress#getPostBox()";"47";"81861";"81861";"514";"514"
"SCRIPT_API";"dw.order.OrderAddress#getPostalCode()";"47";"93462";"93462";"713";"713"
"SCRIPT_API";"dw.order.OrderAddress#getSalutation()";"47";"105487";"105487";"252";"252"
"SCRIPT_API";"dw.order.OrderAddress#getSecondName()";"47";"127162";"127162";"178";"178"
"SCRIPT_API";"dw.order.OrderAddress#getStateCode()";"47";"94898";"94898";"476";"476"
"SCRIPT_API";"dw.order.OrderAddress#getSuffix()";"47";"93659";"93659";"0";"0"
"SCRIPT_API";"dw.order.OrderAddress#getSuite()";"47";"80817";"80817";"363";"363"
"SCRIPT_API";"dw.order.OrderAddress#getTitle()";"47";"88990";"88990";"208";"208"
"SCRIPT_API";"dw.order.OrderAddress#isEquivalentAddress(Object)";"22";"334848";"334848";"0";"0"
"SCRIPT_API";"dw.order.OrderAddress#setAddress1(String)";"11";"40666";"40666";"145";"145"
"SCRIPT_API";"dw.order.OrderAddress#setAddress2(String)";"11";"29382";"29382";"183";"183"
"SCRIPT_API";"dw.order.OrderAddress#setCity(String)";"11";"26864";"26864";"162";"162"
"SCRIPT_API";"dw.order.OrderAddress#setCountryCode(String)";"11";"26136";"26136";"104";"104"
"SCRIPT_API";"dw.order.OrderAddress#setFirstName(String)";"11";"119209";"119209";"230";"230"
"SCRIPT_API";"dw.order.OrderAddress#setLastName(String)";"11";"25831";"25831";"251";"251"
"SCRIPT_API";"dw.order.OrderAddress#setPhone(String)";"11";"26346";"26346";"168";"168"
"SCRIPT_API";"dw.order.OrderAddress#setPostalCode(String)";"11";"27239";"27239";"0";"0"
"SCRIPT_API";"dw.order.OrderAddress#setStateCode(String)";"11";"30073";"30073";"370";"370"
"SCRIPT_API";"dw.order.OrderMgr#createOrder(dw.order.Basket)";"1";"16760987";"16760987";"9766033";"9766033"
"SCRIPT_API";"dw.order.OrderMgr#getOrder(String,String)";"1";"102668";"102668";"0";"0"
"SCRIPT_API";"dw.order.OrderMgr#placeOrder(dw.order.Order)";"1";"308130884";"308130884";"296836913";"296836913"
"SCRIPT_API";"dw.order.OrderPaymentInstrument#getPaymentTransaction()";"30";"647585";"647585";"0";"0"
"SCRIPT_API";"dw.order.PaymentCard#getCardType()";"88";"100308";"100308";"3041";"3041"
"SCRIPT_API";"dw.order.PaymentCard#getName()";"88";"1224128";"1224128";"0";"0"
"SCRIPT_API";"dw.order.PaymentCard#verify(Number,Number,String,String)";"5";"163840";"163840";"0";"0"
"SCRIPT_API";"dw.order.PaymentInstrument#getCreditCardExpirationMonth()";"22";"85828";"85828";"0";"0"
"SCRIPT_API";"dw.order.PaymentInstrument#getCreditCardExpirationYear()";"22";"138088";"138088";"231";"231"
"SCRIPT_API";"dw.order.PaymentInstrument#getCreditCardHolder()";"22";"128997";"128997";"882";"882"
"SCRIPT_API";"dw.order.PaymentInstrument#getCreditCardNumberLastDigits()";"22";"6894861";"6894861";"0";"0"
"SCRIPT_API";"dw.order.PaymentInstrument#getCreditCardType()";"23";"88576";"88576";"595";"595"
"SCRIPT_API";"dw.order.PaymentInstrument#getMaskedCreditCardNumber()";"22";"2901970";"2901970";"0";"0"
"SCRIPT_API";"dw.order.PaymentInstrument#getPaymentMethod()";"48";"115179";"115179";"1192";"1192"
"SCRIPT_API";"dw.order.PaymentInstrument#setCreditCardExpirationMonth(Number)";"5";"260504";"260504";"0";"0"
"SCRIPT_API";"dw.order.PaymentInstrument#setCreditCardExpirationYear(Number)";"5";"196099";"196099";"0";"0"
"SCRIPT_API";"dw.order.PaymentInstrument#setCreditCardHolder(String)";"5";"708926";"708926";"0";"0"
"SCRIPT_API";"dw.order.PaymentInstrument#setCreditCardNumber(String)";"5";"1161051";"1161051";"0";"0"
"SCRIPT_API";"dw.order.PaymentInstrument#setCreditCardToken(String)";"5";"605970";"605970";"0";"0"
"SCRIPT_API";"dw.order.PaymentInstrument#setCreditCardType(String)";"5";"350162";"350162";"0";"0"
"SCRIPT_API";"dw.order.PaymentMethod#getApplicablePaymentCards(dw.customer.Customer,String,Number)";"28";"1620901";"1620901";"0";"0"
"SCRIPT_API";"dw.order.PaymentMethod#getID()";"22";"60231";"60231";"337";"337"
"SCRIPT_API";"dw.order.PaymentMethod#getName()";"22";"829074";"829074";"0";"0"
"SCRIPT_API";"dw.order.PaymentMethod#getPaymentProcessor()";"16";"261345";"261345";"0";"0"
"SCRIPT_API";"dw.order.PaymentMgr#getApplicablePaymentMethods(dw.customer.Customer,String,Number)";"23";"6279178";"6279178";"4468025";"4468025"
"SCRIPT_API";"dw.order.PaymentMgr#getPaymentCard(String)";"11";"147007";"147007";"4043";"4043"
"SCRIPT_API";"dw.order.PaymentMgr#getPaymentMethod(String)";"45";"475770";"475770";"267";"267"
"SCRIPT_API";"dw.order.PaymentProcessor#getID()";"32";"79689";"79689";"638";"638"
"SCRIPT_API";"dw.order.PaymentTransaction#getAmount()";"22";"141882";"141882";"15";"15"
"SCRIPT_API";"dw.order.PaymentTransaction#setAmount(dw.value.Money)";"6";"52240";"52240";"0";"0"
"SCRIPT_API";"dw.order.PaymentTransaction#setPaymentProcessor(dw.order.PaymentProcessor)";"1";"15255";"15255";"0";"0"
"SCRIPT_API";"dw.order.PaymentTransaction#setTransactionID(String)";"1";"30319";"30319";"0";"0"
"SCRIPT_API";"dw.order.ProductLineItem#getAdjustedGrossPrice()";"1";"3099";"3099";"2";"2"
"SCRIPT_API";"dw.order.ProductLineItem#getAdjustedNetPrice()";"1";"4392";"4392";"0";"0"
"SCRIPT_API";"dw.order.ProductLineItem#getAdjustedPrice()";"50";"352342";"352342";"0";"0"
"SCRIPT_API";"dw.order.ProductLineItem#getAdjustedTax()";"1";"3586";"3586";"2";"2"
"SCRIPT_API";"dw.order.ProductLineItem#getManufacturerName()";"1";"2687";"2687";"17";"17"
"SCRIPT_API";"dw.order.ProductLineItem#getOptionProductLineItems()";"150";"636573";"636573";"253";"253"
"SCRIPT_API";"dw.order.ProductLineItem#getPriceAdjustments()";"104";"660322";"660322";"2834";"2834"
"SCRIPT_API";"dw.order.ProductLineItem#getProduct()";"330";"5983947";"5983947";"0";"0"
"SCRIPT_API";"dw.order.ProductLineItem#getProductID()";"1";"3015";"3015";"28";"28"
"SCRIPT_API";"dw.order.ProductLineItem#getProductInventoryListID()";"46";"106281";"106281";"1068";"1068"
"SCRIPT_API";"dw.order.ProductLineItem#getProductName()";"1";"2787";"2787";"26";"26"
"SCRIPT_API";"dw.order.ProductLineItem#getQuantity()";"101";"280174";"280174";"1656";"1656"
"SCRIPT_API";"dw.order.ProductLineItem#getQuantityValue()";"20";"143476";"143476";"150";"150"
"SCRIPT_API";"dw.order.ProductLineItem#getShipment()";"50";"199472";"199472";"1464";"1464"
"SCRIPT_API";"dw.order.ProductLineItem#isBonusProductLineItem()";"133";"234386";"234386";"3577";"3577"
"SCRIPT_API";"dw.order.ProductLineItem#isBundledProductLineItem()";"32";"59542";"59542";"665";"665"
"SCRIPT_API";"dw.order.ProductLineItem#isCatalogProduct()";"32";"144501";"144501";"531";"531"
"SCRIPT_API";"dw.order.ProductLineItem#isGift()";"50";"179874";"179874";"2496";"2496"
"SCRIPT_API";"dw.order.ProductLineItem#isOptionProductLineItem()";"32";"69394";"69394";"294";"294"
"SCRIPT_API";"dw.order.ProductLineItem#setPriceValue(Number)";"32";"580109";"580109";"0";"0"
"SCRIPT_API";"dw.order.Shipment#getAllLineItems()";"16";"234535";"234535";"0";"0"
"SCRIPT_API";"dw.order.Shipment#getGiftMessage()";"25";"51580";"51580";"525";"525"
"SCRIPT_API";"dw.order.Shipment#getProductLineItems()";"30";"309609";"309609";"0";"0"
"SCRIPT_API";"dw.order.Shipment#getShippingAddress()";"189";"698377";"698377";"3537";"3537"
"SCRIPT_API";"dw.order.Shipment#getShippingMethod()";"128";"540895";"540895";"510";"510"
"SCRIPT_API";"dw.order.Shipment#getShippingPriceAdjustments()";"4";"33360";"33360";"106";"106"
"SCRIPT_API";"dw.order.Shipment#isGift()";"25";"114630";"114630";"897";"897"
"SCRIPT_API";"dw.order.Shipment#setGift(Boolean)";"6";"28208";"28208";"145";"145"
"SCRIPT_API";"dw.order.Shipment#setGiftMessage(String)";"6";"13805";"13805";"0";"0"
"SCRIPT_API";"dw.order.Shipment#setShippingMethod(dw.order.ShippingMethod)";"6";"74045";"74045";"0";"0"
"SCRIPT_API";"dw.order.ShipmentShippingCost#getAmount()";"200";"146787";"146787";"5400";"5400"
"SCRIPT_API";"dw.order.ShipmentShippingModel#getApplicableShippingMethods()";"31";"12185032";"12185032";"4597345";"4597345"
"SCRIPT_API";"dw.order.ShipmentShippingModel#getShippingCost(dw.order.ShippingMethod)";"100";"7907065";"7907065";"0";"0"
"SCRIPT_API";"dw.order.ShippingLocation(dw.order.OrderAddress)";"16";"1245928";"1245928";"0";"0"
"SCRIPT_API";"dw.order.ShippingMethod#getDescription()";"100";"904611";"904611";"0";"0"
"SCRIPT_API";"dw.order.ShippingMethod#getDisplayName()";"100";"1495590";"1495590";"0";"0"
"SCRIPT_API";"dw.order.ShippingMethod#getID()";"309";"291385";"291385";"11718";"11718"
"SCRIPT_API";"dw.order.ShippingMethod#isDefaultMethod()";"100";"134344";"134344";"7087";"7087"
"SCRIPT_API";"dw.order.ShippingMgr#applyShippingCost(dw.order.LineItemCtnr)";"16";"3635972";"3635972";"0";"0"
"SCRIPT_API";"dw.order.ShippingMgr#getDefaultShippingMethod()";"6";"191661";"191661";"0";"0"
"SCRIPT_API";"dw.order.ShippingMgr#getShipmentShippingModel(dw.order.Shipment)";"131";"173432";"173432";"6409";"6409"
"SCRIPT_API";"dw.order.TaxMgr#getCustomRateTaxClassID()";"32";"35193";"35193";"841";"841"
"SCRIPT_API";"dw.order.TaxMgr#getTaxJurisdictionID(dw.order.ShippingLocation)";"16";"513072";"513072";"542";"542"
"SCRIPT_API";"dw.order.TaxMgr#getTaxRate(String,String)";"32";"358877";"358877";"0";"0"
"SCRIPT_API";"dw.system.HookMgr#callHook(String,String,Object[])";"85";"232317477";"3091101";"68059942";"0"
"SCRIPT_API";"dw.system.HookMgr#hasHook(String)";"861";"5008949";"5008949";"44919";"44919"
"SCRIPT_API";"dw.system.Logger#debug(String,Object[])";"64";"600907";"600907";"0";"0"
"SCRIPT_API";"dw.system.Logger#warn(String,Object[])";"6";"3444446";"3444446";"1707400";"1707400"
"SCRIPT_API";"dw.system.Request#getGeolocation()";"36";"96727";"96727";"42";"42"
"SCRIPT_API";"dw.system.Request#getHttpHeaders()";"815";"13745843";"13745843";"0";"0"
"SCRIPT_API";"dw.system.Request#getHttpHost()";"838";"858168";"858168";"14216";"14216"
"SCRIPT_API";"dw.system.Request#getHttpMethod()";"815";"628553";"628553";"15699";"15699"
"SCRIPT_API";"dw.system.Request#getHttpParameterMap()";"31";"60788";"60788";"6260";"6260"
"SCRIPT_API";"dw.system.Request#getHttpPath()";"815";"1130426";"1130426";"10164";"10164"
"SCRIPT_API";"dw.system.Request#getHttpQueryString()";"1049";"1166711";"1166711";"81749";"81749"
"SCRIPT_API";"dw.system.Request#getLocale()";"1080";"983141";"983141";"62017";"62017"
"SCRIPT_API";"dw.system.Request#getPageMetaData()";"10";"21291";"21291";"2703";"2703"
"SCRIPT_API";"dw.system.Request#getRequestID()";"10";"14352";"14352";"226";"226"
"SCRIPT_API";"dw.system.Request#isHttpSecure()";"815";"743318";"743318";"18528";"18528"
"SCRIPT_API";"dw.system.Request#isIncludeRequest()";"1630";"1173665";"1173665";"38940";"38940"
"SCRIPT_API";"dw.system.Response#getWriter()";"28";"15472718";"15472718";"0";"0"
"SCRIPT_API";"dw.system.Response#setContentType(String)";"28";"128701";"128701";"4121";"4121"
"SCRIPT_API";"dw.system.Response#setExpires(Date)";"61";"214314";"214314";"7789";"7789"
"SCRIPT_API";"dw.system.Response#setHttpHeader(String,String)";"1630";"2089637";"2089637";"28434";"28434"
"SCRIPT_API";"dw.system.Response#setStatus(Number)";"7";"44809";"44809";"612";"612"
"SCRIPT_API";"dw.system.Response#setVaryBy(String)";"10";"27064";"27064";"108";"108"
"SCRIPT_API";"dw.system.Session#getCurrency()";"1633";"4365468";"4365468";"11027";"11027"
"SCRIPT_API";"dw.system.Session#getCustom()";"2";"11295";"11295";"0";"0"
"SCRIPT_API";"dw.system.Session#getForms()";"49";"162636";"162636";"18502";"18502"
"SCRIPT_API";"dw.system.Session#getPrivacy()";"109";"222380";"222380";"10000";"10000"
"SCRIPT_API";"dw.system.Session#setTrackingAllowed(Boolean)";"21";"215814";"215814";"126";"126"
"SCRIPT_API";"dw.system.Site#getAllowedLocales()";"12";"69486";"69486";"0";"0"
"SCRIPT_API";"dw.system.Site#getCalendar()";"5";"331993";"331993";"0";"0"
"SCRIPT_API";"dw.system.Site#getCurrent()";"22";"699347";"699347";"7087";"7087"
"SCRIPT_API";"dw.system.Site#getCustomPreferenceValue(String)";"1";"45928";"45928";"0";"0"
"SCRIPT_API";"dw.system.Site#getID()";"12";"20568";"20568";"407";"407"
"SCRIPT_API";"dw.system.Site#getPageMetaTags()";"2";"323287";"323287";"0";"0"
"SCRIPT_API";"dw.system.Site#getPreferences()";"7";"101391";"101391";"0";"0"
"SCRIPT_API";"dw.system.Status#isError()";"5";"24353";"24353";"24";"24"
"SCRIPT_API";"dw.system.Status(Number)";"48";"101700";"101700";"2086";"2086"
"SCRIPT_API";"dw.system.System#getInstanceType()";"28";"51880";"51880";"2529";"2529"
"SCRIPT_API";"dw.system.Transaction#begin()";"1";"13583";"13583";"69";"69"
"SCRIPT_API";"dw.system.Transaction#commit()";"1";"8405644";"8405644";"6978448";"6978448"
"SCRIPT_API";"dw.system.Transaction#wrap(Function)";"61";"284137634";"102549655";"130396418";"82138741"
"SCRIPT_API";"dw.template.ISML#renderTemplate(String,Object)";"112";"249997423";"15924720";"74148035";"591938"
"SCRIPT_API";"dw.util.ArrayList()";"10";"16436";"16436";"261";"261"
"SCRIPT_API";"dw.util.Calendar#getTime()";"5";"13640";"13640";"89";"89"
"SCRIPT_API";"dw.util.Calendar(Date)";"1";"6534";"6534";"33";"33"
"SCRIPT_API";"dw.util.Collection#contains(Object)";"7";"28851";"28851";"88";"88"
"SCRIPT_API";"dw.util.Collection#getLength()";"339";"580014";"580014";"8321";"8321"
"SCRIPT_API";"dw.util.Collection#isEmpty()";"32";"40293";"40293";"722";"722"
"SCRIPT_API";"dw.util.Collection#iterator()";"1126";"1436484";"1436484";"60487";"60487"
"SCRIPT_API";"dw.util.Collection#size()";"11";"25464";"25464";"134";"134"
"SCRIPT_API";"dw.util.Currency#getCurrencyCode()";"1154";"641624";"641624";"23627";"23627"
"SCRIPT_API";"dw.util.Currency#getDefaultFractionDigits()";"936";"587932";"587932";"16045";"16045"
"SCRIPT_API";"dw.util.Currency#getName()";"936";"545548";"545548";"12125";"12125"
"SCRIPT_API";"dw.util.Currency#getSymbol()";"936";"541018";"541018";"1508";"1508"
"SCRIPT_API";"dw.util.Decimal#get()";"56";"76784";"76784";"3706";"3706"
"SCRIPT_API";"dw.util.Decimal#toString()";"56";"85666";"85666";"1242";"1242"
"SCRIPT_API";"dw.util.Geolocation#getCountryCode()";"6";"18377";"18377";"73";"73"
"SCRIPT_API";"dw.util.Geolocation#getLatitude()";"6";"16568";"16568";"73";"73"
"SCRIPT_API";"dw.util.Geolocation#getLongitude()";"6";"10316";"10316";"96";"96"
"SCRIPT_API";"dw.util.HashMap()";"161";"283037";"283037";"7639";"7639"
"SCRIPT_API";"dw.util.Iterator#hasNext()";"2505";"2156800";"2156800";"73671";"73671"
"SCRIPT_API";"dw.util.Iterator#next()";"1454";"2516961";"2516961";"18122";"18122"
"SCRIPT_API";"dw.util.List#indexOf(Object)";"112";"104159";"104159";"3004";"3004"
"SCRIPT_API";"dw.util.List#size()";"23";"59426";"59426";"1283";"1283"
"SCRIPT_API";"dw.util.Locale#getCountry()";"34";"69015";"69015";"1003";"1003"
"SCRIPT_API";"dw.util.Locale#getDisplayCountry()";"12";"101955";"101955";"78";"78"
"SCRIPT_API";"dw.util.Locale#getDisplayLanguage()";"12";"18738";"18738";"79";"79"
"SCRIPT_API";"dw.util.Locale#getDisplayName()";"12";"193138";"193138";"0";"0"
"SCRIPT_API";"dw.util.Locale#getID()";"1404";"917770";"917770";"54693";"54693"
"SCRIPT_API";"dw.util.Locale#getLanguage()";"19";"30630";"30630";"313";"313"
"SCRIPT_API";"dw.util.Locale#getLocale(String)";"265";"915553";"915553";"945";"945"
"SCRIPT_API";"dw.util.Map#get(Object)";"71";"220519";"220519";"1704";"1704"
"SCRIPT_API";"dw.util.Map#keySet()";"32";"71310";"71310";"1124";"1124"
"SCRIPT_API";"dw.util.Map#put(Object,Object)";"154";"324525";"324525";"7560";"7560"
"SCRIPT_API";"dw.util.SecureEncoder#forHtmlInDoubleQuoteAttribute(String)";"42";"45860";"45860";"593";"593"
"SCRIPT_API";"dw.util.SeekableIterator#first()";"1";"7814";"7814";"52";"52"
"SCRIPT_API";"dw.util.StringUtils#formatCalendar(dw.util.Calendar,String)";"1";"40395";"40395";"0";"0"
"SCRIPT_API";"dw.util.StringUtils#formatInteger(Number)";"3";"181848";"181848";"0";"0"
"SCRIPT_API";"dw.util.StringUtils#formatMoney(dw.value.Money)";"356";"3926944";"3926944";"0";"0"
"SCRIPT_API";"dw.util.StringUtils#formatNumber(Number,String,String)";"43";"491811";"491811";"0";"0"
"SCRIPT_API";"dw.util.Template#render(dw.util.Map)";"122";"41192481";"10677988";"0";"0"
"SCRIPT_API";"dw.util.Template(String)";"122";"221366";"221366";"2706";"2706"
"SCRIPT_API";"dw.value.EnumValue#getDisplayValue()";"47";"74398";"74398";"922";"922"
"SCRIPT_API";"dw.value.EnumValue#getValue()";"47";"55402";"55402";"722";"722"
"SCRIPT_API";"dw.value.MimeEncodedText#getText()";"122";"155591";"155591";"3171";"3171"
"SCRIPT_API";"dw.value.Money#getCurrencyCode()";"156";"146139";"146139";"2678";"2678"
"SCRIPT_API";"dw.value.Money#getDecimalValue()";"112";"142267";"142267";"2479";"2479"
"SCRIPT_API";"dw.value.Money#getValue()";"386";"273201";"273201";"9527";"9527"
"SCRIPT_API";"dw.value.Money#getValueOrNull()";"134";"172649";"172649";"3364";"3364"
"SCRIPT_API";"dw.value.Money#isAvailable()";"370";"263056";"263056";"12238";"12238"
"SCRIPT_API";"dw.value.Money#subtract(dw.value.Money)";"50";"75500";"75500";"1297";"1297"
"SCRIPT_API";"dw.value.Money(Number,String)";"100";"247059";"247059";"2611";"2611"
"SCRIPT_API";"dw.value.Quantity#getValue()";"489";"402992";"402992";"10949";"10949"
"SCRIPT_API";"dw.web.CSRFProtection#generateToken()";"44";"1556868";"1556868";"0";"0"
"SCRIPT_API";"dw.web.CSRFProtection#getTokenName()";"44";"122283";"122283";"4706";"4706"
"SCRIPT_API";"dw.web.CSRFProtection#validateRequest()";"19";"1241310";"1241310";"3803";"3803"
"SCRIPT_API";"dw.web.FormAction#getDescription()";"75";"79630";"79630";"2982";"2982"
"SCRIPT_API";"dw.web.FormAction#getLabel()";"75";"71319";"71319";"1317";"1317"
"SCRIPT_API";"dw.web.FormAction#isSubmitted()";"75";"74255";"74255";"847";"847"
"SCRIPT_API";"dw.web.FormAction#isTriggered()";"75";"68290";"68290";"991";"991"
"SCRIPT_API";"dw.web.FormElement#clearFormElement()";"6";"70584";"70584";"100";"100"
"SCRIPT_API";"dw.web.FormElement#getDynamicHtmlName()";"775";"1314344";"1314344";"14355";"14355"
"SCRIPT_API";"dw.web.FormElement#getHtmlName()";"1095";"997189";"997189";"25438";"25438"
"SCRIPT_API";"dw.web.FormElement#isValid()";"775";"4121478";"4121478";"3250006";"3250006"
"SCRIPT_API";"dw.web.FormField#getDescription()";"656";"698088";"698088";"12991";"12991"
"SCRIPT_API";"dw.web.FormField#getError()";"615";"344730";"344730";"20138";"20138"
"SCRIPT_API";"dw.web.FormField#getHtmlValue()";"699";"531325";"531325";"19226";"19226"
"SCRIPT_API";"dw.web.FormField#getLabel()";"1143";"984183";"984183";"69837";"69837"
"SCRIPT_API";"dw.web.FormField#getMaxLength()";"502";"300653";"300653";"17643";"17643"
"SCRIPT_API";"dw.web.FormField#getMaxValue()";"24";"28090";"28090";"1072";"1072"
"SCRIPT_API";"dw.web.FormField#getMinLength()";"502";"376933";"376933";"14399";"14399"
"SCRIPT_API";"dw.web.FormField#getMinValue()";"24";"25334";"25334";"764";"764"
"SCRIPT_API";"dw.web.FormField#getOptions()";"15580";"7711548";"7711548";"311973";"311973"
"SCRIPT_API";"dw.web.FormField#getRegEx()";"502";"352866";"352866";"14848";"14848"
"SCRIPT_API";"dw.web.FormField#getSelectedOption()";"147";"761076";"761076";"0";"0"
"SCRIPT_API";"dw.web.FormField#getType()";"1272";"771388";"771388";"46173";"46173"
"SCRIPT_API";"dw.web.FormField#getValue()";"153";"186365";"186365";"19743";"19743"
"SCRIPT_API";"dw.web.FormField#isChecked()";"89";"119715";"119715";"2892";"2892"
"SCRIPT_API";"dw.web.FormField#isMandatory()";"704";"427574";"427574";"28620";"28620"
"SCRIPT_API";"dw.web.FormField#isSelected()";"89";"94310";"94310";"1839";"1839"
"SCRIPT_API";"dw.web.FormFieldOption#getHtmlValue()";"2024";"4177755";"4177755";"45360";"45360"
"SCRIPT_API";"dw.web.FormFieldOption#getLabel()";"4048";"2768624";"2768624";"80129";"80129"
"SCRIPT_API";"dw.web.FormFieldOption#getOptionId()";"2089";"1048038";"1048038";"38309";"38309"
"SCRIPT_API";"dw.web.FormFieldOption#getValue()";"2024";"1142226";"1142226";"47595";"47595"
"SCRIPT_API";"dw.web.FormFieldOption#isChecked()";"2024";"1086333";"1086333";"54371";"54371"
"SCRIPT_API";"dw.web.FormFieldOption#isSelected()";"2024";"1061991";"1061991";"54094";"54094"
"SCRIPT_API";"dw.web.FormFieldOptions#getOptionsCount()";"747";"437776";"437776";"264";"264"
"SCRIPT_API";"dw.web.FormGroup#getError()";"160";"215828";"215828";"2532";"2532"
"SCRIPT_API";"dw.web.HttpParameter#getRawValue()";"723";"363975";"363975";"11050";"11050"
"SCRIPT_API";"dw.web.HttpParameterMap#get(Object)";"382";"232142";"232142";"6768";"6768"
"SCRIPT_API";"dw.web.HttpParameterMap#getParameterNames()";"62";"57175";"57175";"1538";"1538"
"SCRIPT_API";"dw.web.LoopIterator#getCount()";"40";"41511";"41511";"2894";"2894"
"SCRIPT_API";"dw.web.LoopIterator#getIndex()";"60";"34421";"34421";"1626";"1626"
"SCRIPT_API";"dw.web.LoopIterator#isFirst()";"2";"9644";"9644";"175";"175"
"SCRIPT_API";"dw.web.LoopIterator#isLast()";"2";"6510";"6510";"247";"247"
"SCRIPT_API";"dw.web.PageMetaData#addPageMetaTags(Array)";"2";"32002";"32002";"84";"84"
"SCRIPT_API";"dw.web.PageMetaData#getDescription()";"15";"14282";"14282";"332";"332"
"SCRIPT_API";"dw.web.PageMetaData#getKeywords()";"15";"15793";"15793";"281";"281"
"SCRIPT_API";"dw.web.PageMetaData#getPageMetaTags()";"15";"66706";"66706";"50";"50"
"SCRIPT_API";"dw.web.PageMetaData#getTitle()";"15";"18854";"18854";"561";"561"
"SCRIPT_API";"dw.web.PageMetaTag#getContent()";"6";"9002";"9002";"190";"190"
"SCRIPT_API";"dw.web.PageMetaTag#getID()";"8";"31808";"31808";"143";"143"
"SCRIPT_API";"dw.web.PageMetaTag#isName()";"12";"17143";"17143";"542";"542"
"SCRIPT_API";"dw.web.PageMetaTag#isProperty()";"2";"7283";"7283";"42";"42"
"SCRIPT_API";"dw.web.PageMetaTag#isTitle()";"6";"14085";"14085";"253";"253"
"SCRIPT_API";"dw.web.Resource#msg(String,String,String)";"3523";"133530535";"133530535";"13558823";"13558823"
"SCRIPT_API";"dw.web.Resource#msgf(String,String,String,Object[])";"68";"8577821";"8577821";"0";"0"
"SCRIPT_API";"dw.web.URL#relative()";"22";"62293";"62293";"136";"136"
"SCRIPT_API";"dw.web.URL#toString()";"322";"3586049";"3586049";"0";"0"
"SCRIPT_API";"dw.web.URLUtils#home()";"2";"53495";"53495";"0";"0"
"SCRIPT_API";"dw.web.URLUtils#https(String,String[])";"35";"261044";"261044";"2565";"2565"
"SCRIPT_API";"dw.web.URLUtils#staticURL(String)";"90";"68251379";"68251379";"56910593";"56910593"
"SCRIPT_API";"dw.web.URLUtils#url(String,String[])";"255";"946900";"946900";"7078";"7078"
"SCRIPT_CONTROLLER";"app_storefront_base/cartridge/controllers/Account.js#Header";"12";"60008816";"46332827";"3234";"0"
"SCRIPT_CONTROLLER";"app_storefront_base/cartridge/controllers/Account.js#Login";"1";"27587191";"10002547";"9571209";"0"
"SCRIPT_CONTROLLER";"app_storefront_base/cartridge/controllers/Account.js#Show";"1";"40383810";"13170178";"9919166";"174369"
"SCRIPT_CONTROLLER";"app_storefront_base/cartridge/controllers/Cart.js#MiniCart";"6";"39049064";"32545990";"2274";"0"
"SCRIPT_CONTROLLER";"app_storefront_base/cartridge/controllers/Cart.js#MiniCartShow";"2";"91149190";"35842036";"16399993";"14297"
"SCRIPT_CONTROLLER";"app_storefront_base/cartridge/controllers/Cart.js#Show";"1";"59920379";"12647553";"22858721";"12176"
"SCRIPT_CONTROLLER";"app_storefront_base/cartridge/controllers/Checkout.js#Begin";"1";"95951273";"30287852";"5776280";"51119"
"SCRIPT_CONTROLLER";"app_storefront_base/cartridge/controllers/CheckoutServices.js#PlaceOrder";"5";"34910555135";"34467148493";"34757024581";"34391092144"
"SCRIPT_CONTROLLER";"app_storefront_base/cartridge/controllers/CheckoutServices.js#SubmitCustomer";"11";"553828326";"401287528";"64286566";"23810557"
"SCRIPT_CONTROLLER";"app_storefront_base/cartridge/controllers/CheckoutServices.js#SubmitPayment";"5";"335086776";"127996145";"56849722";"0"
"SCRIPT_CONTROLLER";"app_storefront_base/cartridge/controllers/CheckoutShippingServices.js#SelectShippingMethod";"1";"58272178";"19421026";"13367726";"0"
"SCRIPT_CONTROLLER";"app_storefront_base/cartridge/controllers/CheckoutShippingServices.js#SubmitShipping";"5";"234914439";"131723971";"26724729";"19661105"
"SCRIPT_CONTROLLER";"app_storefront_base/cartridge/controllers/ConsentTracking.js#Check";"7";"21240675";"15462547";"2752";"0"
"SCRIPT_CONTROLLER";"app_storefront_base/cartridge/controllers/Error.js#Start";"7";"29786226";"17809171";"561864";"16296"
"SCRIPT_CONTROLLER";"app_storefront_base/cartridge/controllers/Home.js#Show";"2";"66668932";"16632149";"22912197";"1030"
"SCRIPT_CONTROLLER";"app_storefront_base/cartridge/controllers/Login.js#Show";"1";"50893451";"10086316";"24475923";"0"
"SCRIPT_CONTROLLER";"app_storefront_base/cartridge/controllers/Order.js#Confirm";"1";"62675050";"26001792";"8815977";"40338"
"SCRIPT_CONTROLLER";"app_storefront_base/cartridge/controllers/Page.js#Include";"43";"108369182";"76462271";"1741302";"0"
"SCRIPT_CONTROLLER";"app_storefront_base/cartridge/controllers/Page.js#IncludeHeaderMenu";"6";"84759882";"18056233";"51071144";"0"
"SCRIPT_CONTROLLER";"app_storefront_base/cartridge/controllers/Page.js#Locale";"12";"41139744";"34074783";"206973";"172649"
"SCRIPT_CONTROLLER";"app_storefront_base/cartridge/controllers/ReportingEvent.js#Start";"7";"13332499";"11580616";"2349";"0"
"SCRIPT_CONTROLLER";"app_storefront_base/cartridge/controllers/Tile.js#Show";"10";"141070723";"46026261";"41304076";"544929"
"SCRIPT_HOOK";"app_storefront_base/cartridge/scripts/hooks/cart/calculate.js#calculate";"16";"119255710";"15451236";"22640963";"238121"
"SCRIPT_HOOK";"app_storefront_base/cartridge/scripts/hooks/cart/calculate.js#calculateShipping";"16";"4467001";"777839";"53";"9586"
"SCRIPT_HOOK";"app_storefront_base/cartridge/scripts/hooks/cart/calculate.js#calculateTax";"16";"21452535";"15092494";"74";"0"
"SCRIPT_HOOK";"app_storefront_base/cartridge/scripts/hooks/payment/processor/basic_credit#Authorize";"1";"4063767";"178139";"3564144";"0"
"SCRIPT_HOOK";"app_storefront_base/cartridge/scripts/hooks/payment/processor/basic_credit#Handle";"5";"57696674";"8354198";"36924821";"107878"
"SCRIPT_HOOK";"app_storefront_base/cartridge/scripts/hooks/payment/processor/basic_credit_form_processor#processForm";"5";"22074689";"15250687";"4931075";"773309"
"SCRIPT_HOOK";"app_storefront_base/cartridge/scripts/hooks/payment/processor/basic_credit_form_processor#savePaymentInformation";"5";"216000";"196072";"192";"0"
"SF_PAGE";"/Sites-RefArch-Site/en_US/Account-Header";"12";"62056149";"2047333";"10862";"7628"
"SF_PAGE";"/Sites-RefArch-Site/en_US/Account-Login";"1";"34337828";"6750637";"14814100";"5242891"
"SF_PAGE";"/Sites-RefArch-Site/en_US/Account-Show";"1";"40636563";"252753";"9919817";"651"
"SF_PAGE";"/Sites-RefArch-Site/en_US/Cart-MiniCart";"6";"40081534";"1032470";"4900";"2626"
"SF_PAGE";"/Sites-RefArch-Site/en_US/Cart-MiniCartShow";"2";"91595176";"445986";"16401579";"1586"
"SF_PAGE";"/Sites-RefArch-Site/en_US/Cart-Show";"1";"60145999";"225620";"22859477";"756"
"SF_PAGE";"/Sites-RefArch-Site/en_US/Checkout-Begin";"1";"96268994";"317721";"5776601";"321"
"SF_PAGE";"/Sites-RefArch-Site/en_US/CheckoutServices-PlaceOrder";"5";"34959568009";"32336813";"34772506980";"14923839"
"SF_PAGE";"/Sites-RefArch-Site/en_US/CheckoutServices-SubmitCustomer";"11";"586435177";"19496686";"70662064";"6372194"
"SF_PAGE";"/Sites-RefArch-Site/en_US/CheckoutServices-SubmitPayment";"5";"373038044";"37951268";"82706831";"25857109"
"SF_PAGE";"/Sites-RefArch-Site/en_US/CheckoutShippingServices-SelectShippingMethod";"1";"62019276";"3747098";"16299364";"2931638"
"SF_PAGE";"/Sites-RefArch-Site/en_US/CheckoutShippingServices-SubmitShipping";"5";"246460534";"11546095";"30287005";"3562276"
"SF_PAGE";"/Sites-RefArch-Site/en_US/ConsentTracking-Check";"7";"22394869";"1154194";"5880";"3128"
"SF_PAGE";"/Sites-RefArch-Site/en_US/Home-Show";"2";"67464043";"795111";"22913166";"969"
"SF_PAGE";"/Sites-RefArch-Site/en_US/Login-Show";"1";"51304388";"410937";"24476549";"626"
"SF_PAGE";"/Sites-RefArch-Site/en_US/Order-Confirm";"1";"68634827";"5959777";"13271498";"4455521"
"SF_PAGE";"/Sites-RefArch-Site/en_US/Page-Include";"43";"114430209";"6061027";"1768718";"27416"
"SF_PAGE";"/Sites-RefArch-Site/en_US/Page-IncludeHeaderMenu";"6";"85734993";"975111";"51074151";"3007"
"SF_PAGE";"/Sites-RefArch-Site/en_US/Page-Locale";"12";"43296183";"2156439";"223283";"16310"
"SF_PAGE";"/Sites-RefArch-Site/en_US/ReportingEvent-Start";"7";"14550247";"1217748";"6243";"3894"
"SF_PAGE";"/Sites-RefArch-Site/en_US/Tile-Show";"10";"142855293";"1784570";"41310238";"6162"
"SF_PAGE";"/Sites-RefArch-Site/en_US/__SYSTEM__Slot-Render";"22";"73025039";"12739979";"38394216";"2130661"
"SF_PAGE";"/Sites-RefArch-Site/en_US/__SYSTEM__Slot-Request";"23";"78646584";"78646584";"51529698";"51529698"
"SF_PAGE";"/Sites-RefArch-Site/en_US/__SYSTEM__StorefrontToolkit-Start";"7";"6147150";"6147150";"5185";"5185"
