"Type";"Name";"Count";"TotalTime";"OwnTime";"TotalWaitTime";"OwnWaitTime"
"ISML";"bm_mailchimp/default/displayCustomers";"34";"796054421";"792183991";"26706096";"26638510"
"SCRIPT_API";"dw.customer.Customer#getExternalProfiles()";"4";"39994";"39994";"0";"0"
"SCRIPT_API";"dw.customer.CustomerMgr#searchProfiles(String,String,Object[])";"34";"64495486";"64495486";"38227874";"38227874"
"SCRIPT_API";"dw.customer.Profile#getCustomerNo()";"12";"24488";"24488";"2783";"2783"
"SCRIPT_API";"dw.customer.Profile#getEmail()";"124";"384181";"384181";"44992";"44992"
"SCRIPT_API";"dw.object.ExtensibleObject#getCustom()";"128";"1108907";"1108907";"2610";"2610"
"SCRIPT_API";"dw.object.ObjectAttributeDefinition#getDisplayName()";"68";"1240451";"1240451";"0";"0"
"SCRIPT_API";"dw.object.ObjectAttributeDefinition#getUnit()";"34";"65870";"65870";"892";"892"
"SCRIPT_API";"dw.system.Request#getHttpHost()";"46";"113311";"113311";"976";"976"
"SCRIPT_API";"dw.system.Request#getHttpParameterMap()";"1";"4203";"4203";"20";"20"
"SCRIPT_API";"dw.template.ISML#renderTemplate(String,Object)";"34";"813049925";"16995504";"26703118";"0"
"SCRIPT_API";"dw.util.Collection#size()";"2";"6234";"6234";"0";"0"
"SCRIPT_API";"dw.util.List#size()";"46";"111236";"111236";"2216";"2216"
"SCRIPT_API";"dw.util.SeekableIterator#asList(Number,Number)";"34";"3141941";"3141941";"5598";"5598"
"SCRIPT_API";"dw.web.CSRFProtection#generateToken()";"46";"1689996";"1689996";"0";"0"
"SCRIPT_API";"dw.web.CSRFProtection#getTokenName()";"46";"150404";"150404";"5665";"5665"
"SCRIPT_API";"dw.web.HttpParameterMap#getParameterCount()";"1";"7617";"7617";"10";"10"
"SCRIPT_API";"dw.web.HttpParameterMap#getParameterNames()";"1";"6780";"6780";"945";"945"
"SCRIPT_API";"dw.web.HttpParameterMap#getRequestBodyAsString()";"1";"30293";"30293";"0";"0"
"SCRIPT_API";"dw.web.URLUtils#staticURL(String)";"32";"1522337";"1522337";"0";"0"
"SCRIPT_API";"dw.web.URLUtils#url(String,String[])";"248";"830517";"830517";"18219";"18219"
"SCRIPT_API";"java.lang.Object#getClass()";"1";"3068";"3068";"10";"10"
"SCRIPT_CONTROLLER";"bm_mailchimp/cartridge/controllers/changeStatus.js#updateCustomer";"5";"20843230171";"20843178210";"20831961339";"20831960378"
"SCRIPT_CONTROLLER";"bm_mailchimp/cartridge/controllers/customerInfo.js#start";"34";"1080205517";"199518165";"90304875";"25368285"
