"Type";"Name";"Count";"TotalTime";"OwnTime";"TotalWaitTime";"OwnWaitTime"
"SCRIPT_API";"dw.system.HookMgr#hasHook(String)";"2";"120470";"120470";"0";"0"
"SCRIPT_API";"dw.system.Request#getHttpHeaders()";"3";"56503";"56503";"0";"0"
"SCRIPT_API";"dw.system.Request#getHttpHost()";"3";"7490";"7490";"84";"84"
"SCRIPT_API";"dw.system.Request#getHttpMethod()";"3";"4700";"4700";"69";"69"
"SCRIPT_API";"dw.system.Request#getHttpPath()";"3";"13443";"13443";"1";"1"
"SCRIPT_API";"dw.system.Request#getHttpQueryString()";"2";"4146";"4146";"163";"163"
"SCRIPT_API";"dw.system.Request#getLocale()";"5";"8177";"8177";"525";"525"
"SCRIPT_API";"dw.system.Request#isHttpSecure()";"3";"5037";"5037";"80";"80"
"SCRIPT_API";"dw.system.Request#isIncludeRequest()";"6";"8700";"8700";"133";"133"
"SCRIPT_API";"dw.system.Response#setHttpHeader(String,String)";"6";"18559";"18559";"69";"69"
"SCRIPT_API";"dw.system.Session#getCurrency()";"8";"43069";"43069";"10";"10"
"SCRIPT_API";"dw.util.Currency#getCurrencyCode()";"5";"3746";"3746";"97";"97"
"SCRIPT_API";"dw.util.Currency#getDefaultFractionDigits()";"2";"2087";"2087";"20";"20"
"SCRIPT_API";"dw.util.Currency#getName()";"2";"1586";"1586";"38";"38"
"SCRIPT_API";"dw.util.Currency#getSymbol()";"2";"1685";"1685";"30";"30"
"SCRIPT_API";"dw.util.Locale#getID()";"18";"12913";"12913";"363";"363"
"SCRIPT_API";"dw.util.Locale#getLocale(String)";"3";"15927";"15927";"7";"7"
"SCRIPT_CONTROLLER";"app_storefront_base/cartridge/controllers/Error.js#Start";"1";"1309807";"1246148";"618";"285"
"SCRIPT_CONTROLLER";"app_storefront_base/cartridge/controllers/RedirectURL.js#Start";"1";"4691552";"4426973";"1233216";"1231955"
"SF_PAGE";"/Sites-RefArch-Site/en_US/RedirectURL-Start";"1";"23542983";"17541624";"8430031";"7196197"
