"Type";"Name";"Count";"TotalTime";"OwnTime";"TotalWaitTime";"OwnWaitTime"
"ISML";"app_storefront_base/default//common/consent";"4";"1601240";"1348250";"271";"0"
"ISML";"app_storefront_base/default//common/htmlHead";"4";"1031126539";"4923194";"1016435220";"11286"
"ISML";"app_storefront_base/default//common/scripts";"8";"768968";"554451";"0";"0"
"ISML";"app_storefront_base/default//components/content/contentAsset";"24";"974346";"919327";"867";"785"
"ISML";"app_storefront_base/default//components/content/offlineContent";"3";"110730";"110730";"833";"833"
"ISML";"app_storefront_base/default//components/footer/pageFooter";"4";"1757754";"906980";"1084";"0"
"ISML";"app_storefront_base/default//components/header/countrySelector";"3";"513862";"513862";"623";"623"
"ISML";"app_storefront_base/default//components/header/menu";"3";"2079211";"1682083";"484";"0"
"ISML";"app_storefront_base/default//components/header/miniCart";"3";"1220747";"1002092";"662";"69"
"ISML";"app_storefront_base/default//components/header/mobileCountrySelector";"3";"396544";"396544";"657";"657"
"ISML";"app_storefront_base/default//components/header/pageHeader";"3";"13335797";"1828039";"8443158";"227"
"ISML";"app_storefront_base/default//components/header/pageHeaderNomenu";"1";"319581";"191471";"557";"226"
"ISML";"app_storefront_base/default//components/header/skipNav";"4";"423232";"284629";"1143";"397"
"ISML";"app_storefront_base/default//components/modules";"5";"70252";"70252";"455";"455"
"ISML";"app_storefront_base/default//components/schema";"3";"325096";"325096";"2406";"2406"
"ISML";"app_storefront_base/default//product/components/pricing/default";"42";"6205360";"3380443";"3165";"798"
"ISML";"app_storefront_base/default//product/components/pricing/formatted";"43";"730687";"730687";"3404";"3404"
"ISML";"app_storefront_base/default//product/components/pricing/main";"3";"335741";"125556";"350";"64"
"ISML";"app_storefront_base/default//reporting/reporting";"4";"141484";"141484";"337";"337"
"ISML";"app_storefront_base/default//reporting/reportingUrls";"1";"322482";"322482";"98";"98"
"ISML";"app_storefront_base/default//search/searchRefineBar";"1";"707146";"294357";"758";"381"
"ISML";"app_storefront_base/default/account/header";"3";"4023125";"818098";"1075695";"711"
"ISML";"app_storefront_base/default/account/mobileHeader";"3";"765828";"655741";"839";"287"
"ISML";"app_storefront_base/default/cart/cart";"1";"16737448";"2030843";"7129044";"0"
"ISML";"app_storefront_base/default/cart/cartApproachingDiscount";"1";"55471";"54108";"461";"423"
"ISML";"app_storefront_base/default/cart/cartCouponDisplay";"10";"848515";"848515";"1916";"1916"
"ISML";"app_storefront_base/default/cart/cartPromoCode";"1";"159446";"129245";"343";"257"
"ISML";"app_storefront_base/default/cart/cartRemoveCouponModal";"1";"110129";"86926";"773";"646"
"ISML";"app_storefront_base/default/cart/cartRemoveProductModal";"2";"166886";"122199";"341";"88"
"ISML";"app_storefront_base/default/cart/cartShippingMethodSelection";"1";"216949";"206722";"410";"330"
"ISML";"app_storefront_base/default/cart/cartTotals";"1";"193093";"161693";"452";"347"
"ISML";"app_storefront_base/default/cart/checkoutButtons";"2";"213276";"183118";"549";"449"
"ISML";"app_storefront_base/default/cart/productCard/cartProductCard";"1";"1945496";"813684";"681";"0"
"ISML";"app_storefront_base/default/cart/productCard/cartProductCardAvailability";"3";"151081";"151081";"459";"459"
"ISML";"app_storefront_base/default/cart/productCard/cartProductCardEdit";"1";"156592";"125588";"388";"210"
"ISML";"app_storefront_base/default/cart/productCard/cartProductCardHeader";"1";"299915";"216493";"820";"124"
"ISML";"app_storefront_base/default/cart/productCard/cartProductCardProductPrice";"1";"587092";"163359";"491";"189"
"ISML";"app_storefront_base/default/checkout/addressSummary";"2";"125388";"125388";"0";"0"
"ISML";"app_storefront_base/default/checkout/billing/addressSelector";"1";"379642";"325462";"342";"0"
"ISML";"app_storefront_base/default/checkout/billing/addressSelectorShipping";"1";"38829";"38829";"347";"347"
"ISML";"app_storefront_base/default/checkout/billing/billing";"1";"6702860";"901773";"1388354";"0"
"ISML";"app_storefront_base/default/checkout/billing/billingAddress";"1";"1413432";"1320138";"391";"0"
"ISML";"app_storefront_base/default/checkout/billing/billingSummary";"1";"420286";"307583";"432";"0"
"ISML";"app_storefront_base/default/checkout/billing/creditCardForm";"1";"894109";"831737";"239";"0"
"ISML";"app_storefront_base/default/checkout/billing/paymentOptions";"1";"3940769";"458652";"1388567";"0"
"ISML";"app_storefront_base/default/checkout/billing/paymentOptions/creditCardContent";"1";"1179090";"284981";"379";"140"
"ISML";"app_storefront_base/default/checkout/billing/paymentOptions/creditCardTab";"1";"1812371";"86787";"1388592";"730"
"ISML";"app_storefront_base/default/checkout/billing/paymentOptions/paymentOptionsContent";"1";"1417008";"237918";"325";"0"
"ISML";"app_storefront_base/default/checkout/billing/paymentOptions/paymentOptionsSummary";"1";"55848";"55848";"344";"344"
"ISML";"app_storefront_base/default/checkout/billing/paymentOptions/paymentOptionsTabs";"1";"2065109";"252738";"1388544";"0"
"ISML";"app_storefront_base/default/checkout/cart/miniCart";"1";"3646230";"1213924";"586";"0"
"ISML";"app_storefront_base/default/checkout/checkout";"1";"29907938";"3073267";"1388040";"0"
"ISML";"app_storefront_base/default/checkout/customer/customer";"1";"3127436";"495503";"529";"0"
"ISML";"app_storefront_base/default/checkout/customer/customerCard";"1";"487757";"414992";"442";"0"
"ISML";"app_storefront_base/default/checkout/customer/customerOAuthCard";"1";"2128257";"219460";"432";"949"
"ISML";"app_storefront_base/default/checkout/customer/customerSummary";"1";"117292";"105495";"402";"300"
"ISML";"app_storefront_base/default/checkout/orderProductSummary";"1";"909769";"166811";"319";"267"
"ISML";"app_storefront_base/default/checkout/orderTotalSummary";"1";"226450";"188840";"620";"419"
"ISML";"app_storefront_base/default/checkout/productCard/productCard";"2";"2766466";"1702586";"859";"0"
"ISML";"app_storefront_base/default/checkout/productCard/productCardProductName";"2";"39950";"39950";"314";"314"
"ISML";"app_storefront_base/default/checkout/productCard/productCardProductNameAndRemove";"1";"151689";"131725";"504";"492"
"ISML";"app_storefront_base/default/checkout/productCard/productCardProductPromotions";"2";"49226";"49226";"253";"253"
"ISML";"app_storefront_base/default/checkout/productCard/productCardProductRenderedTotalPrice";"18";"3658860";"2922575";"2393";"1649"
"ISML";"app_storefront_base/default/checkout/productCard/productCardProductTotalPrice";"21";"818183";"818183";"972";"972"
"ISML";"app_storefront_base/default/checkout/productCard/productCardQuantityDisplay";"1";"82941";"72022";"326";"330"
"ISML";"app_storefront_base/default/checkout/productCard/productCardQuantitySelector";"2";"600246";"432060";"536";"0"
"ISML";"app_storefront_base/default/checkout/productCard/productShippingCard";"1";"276017";"250684";"341";"65"
"ISML";"app_storefront_base/default/checkout/shipping/giftMessageSummary";"3";"130861";"106183";"429";"275"
"ISML";"app_storefront_base/default/checkout/shipping/isGift";"2";"372912";"309339";"236";"0"
"ISML";"app_storefront_base/default/checkout/shipping/multiShipCheckbox";"1";"51928";"51928";"607";"607"
"ISML";"app_storefront_base/default/checkout/shipping/multiShippingButtons";"2";"182095";"129403";"333";"120"
"ISML";"app_storefront_base/default/checkout/shipping/selectedShippingMethod";"10";"292364";"292364";"241";"241"
"ISML";"app_storefront_base/default/checkout/shipping/shipmentCard";"2";"8664788";"1768714";"216";"0"
"ISML";"app_storefront_base/default/checkout/shipping/shipmentSelector";"2";"594527";"410163";"373";"0"
"ISML";"app_storefront_base/default/checkout/shipping/shipmentSelectorOptions";"2";"132475";"115644";"388";"274"
"ISML";"app_storefront_base/default/checkout/shipping/shipping";"1";"9734755";"725533";"219";"0"
"ISML";"app_storefront_base/default/checkout/shipping/shippingAddress";"2";"4165185";"2473088";"381";"0"
"ISML";"app_storefront_base/default/checkout/shipping/shippingAddressTemplate";"1";"80473";"61028";"353";"84"
"ISML";"app_storefront_base/default/checkout/shipping/shippingCard";"2";"426715";"328068";"383";"68"
"ISML";"app_storefront_base/default/checkout/shipping/shippingMethod";"2";"1124738";"818369";"550";"111"
"ISML";"app_storefront_base/default/checkout/shipping/shippingSummary";"1";"2331729";"539463";"436";"896"
"ISML";"app_storefront_base/default/checkout/shipping/shippingTitle";"1";"56395";"44884";"300";"244"
"ISML";"app_storefront_base/default/common/layout/checkout";"1";"2679437";"1130294";"0";"0"
"ISML";"app_storefront_base/default/common/layout/page";"3";"1051074831";"4647806";"1024875618";"0"
"ISML";"app_storefront_base/default/components/content/contentAssetInc";"22";"7810642";"7810642";"1020177";"1020177"
"ISML";"app_storefront_base/default/components/deleteButton";"2";"131431";"102390";"770";"793"
"ISML";"app_storefront_base/default/components/header/menuItem";"3";"222484";"222484";"318";"318"
"ISML";"app_storefront_base/default/components/header/search";"6";"3401680";"3240783";"2282319";"2281399"
"ISML";"app_storefront_base/default/home/homePage";"1";"1031753128";"2965565";"1010212974";"0"
"ISML";"app_storefront_base/default/product/components/addToCartGlobal";"1";"128201";"116843";"310";"45"
"ISML";"app_storefront_base/default/product/components/attributes";"1";"62786";"62786";"457";"457"
"ISML";"app_storefront_base/default/product/components/attributesPre";"1";"365431";"302645";"772";"315"
"ISML";"app_storefront_base/default/product/components/availability";"2";"147371";"113811";"600";"94"
"ISML";"app_storefront_base/default/product/components/imageCarousel";"1";"312627";"275586";"639";"112"
"ISML";"app_storefront_base/default/product/components/mainAttributes";"1";"53501";"53501";"246";"246"
"ISML";"app_storefront_base/default/product/components/options";"1";"112033";"112033";"457";"457"
"ISML";"app_storefront_base/default/product/components/pricing/ajaxMain";"21";"8629541";"4886810";"3452";"1310"
"ISML";"app_storefront_base/default/product/components/pricing/main";"39";"8426630";"2431455";"3598";"719"
"ISML";"app_storefront_base/default/product/components/productRating";"17";"886826";"886826";"0";"0"
"ISML";"app_storefront_base/default/product/components/productTileImage";"17";"2355752";"1653490";"1694";"2730"
"ISML";"app_storefront_base/default/product/components/productTileName";"17";"494963";"494963";"752";"752"
"ISML";"app_storefront_base/default/product/components/productTileSwatch";"17";"4266522";"2025353";"1047";"0"
"ISML";"app_storefront_base/default/product/components/promotions";"2";"136169";"136169";"205";"205"
"ISML";"app_storefront_base/default/product/components/quantity";"2";"421548";"403170";"324";"174"
"ISML";"app_storefront_base/default/product/components/ratings";"17";"1834726";"947900";"1349";"2736"
"ISML";"app_storefront_base/default/product/components/variationAttribute";"2";"416953";"379498";"319";"0"
"ISML";"app_storefront_base/default/product/gridTile";"17";"23205758";"4314112";"1933";"0"
"ISML";"app_storefront_base/default/product/productTile";"17";"18891646";"3879326";"2144";"0"
"ISML";"app_storefront_base/default/product/productTileFooter";"17";"3311309";"926610";"942";"497"
"ISML";"app_storefront_base/default/product/quickView";"1";"3469778";"1814738";"503";"0"
"ISML";"app_storefront_base/default/reporting/reportingUrls";"3";"314528";"314528";"0";"0"
"ISML";"app_storefront_base/default/search/components/productTiles";"1";"178756503";"178545115";"131804555";"131788448"
"ISML";"app_storefront_base/default/search/filterBar";"1";"307353";"272568";"571";"430"
"ISML";"app_storefront_base/default/search/productGrid";"1";"179342670";"552160";"131804896";"264"
"ISML";"app_storefront_base/default/search/resultsCount";"2";"8890417";"6268523";"4630469";"4631560"
"ISML";"app_storefront_base/default/search/searchResults";"1";"204220613";"988910";"143970348";"0"
"ISML";"app_storefront_base/default/search/searchResultsNoDecorator";"1";"189861919";"1184747";"136435095";"0"
"ISML";"app_storefront_base/default/search/sortOrderMenu";"1";"340020";"321246";"327";"249"
"ISML";"app_storefront_base/default/slots/content/contentAssetBody";"7";"43795655";"43683426";"31675137";"31674484"
"ISML";"app_storefront_base/default/slots/content/htmlSlotContainer";"4";"2799438";"437092";"3115";"2030"
"ISML";"app_storefront_base/default/slots/htmlSlotContainer";"4";"2362346";"2278987";"1085";"915"
"ISML";"app_storefront_base/default/slots/product/homePageProductSlot";"1";"1212869";"1073580";"1084";"0"
"ISML";"bm_mailchimp/default/displayCustomers";"44";"261498596";"235705923";"14525668";"12915554"
"ONREQUEST";"/Sites-RefArch-Site/en_US/Cart-AddProduct";"1";"803128";"803128";"30";"30"
"ONREQUEST";"/Sites-RefArch-Site/en_US/Cart-MiniCartShow";"1";"760713";"760713";"0";"0"
"ONREQUEST";"/Sites-RefArch-Site/en_US/Cart-Show";"1";"20363109";"20363109";"19401101";"19401101"
"ONREQUEST";"/Sites-RefArch-Site/en_US/Checkout-Begin";"1";"686871";"686871";"731";"731"
"ONREQUEST";"/Sites-RefArch-Site/en_US/CheckoutServices-PlaceOrder";"1";"2539929";"2539929";"1523";"1523"
"ONREQUEST";"/Sites-RefArch-Site/en_US/CheckoutServices-SubmitCustomer";"1";"997516";"997516";"635";"635"
"ONREQUEST";"/Sites-RefArch-Site/en_US/CheckoutServices-SubmitPayment";"1";"3330397";"3330397";"920";"920"
"ONREQUEST";"/Sites-RefArch-Site/en_US/CheckoutShippingServices-SubmitShipping";"2";"4211147";"4211147";"1298";"1298"
"ONREQUEST";"/Sites-RefArch-Site/en_US/CheckoutShippingServices-UpdateShippingMethodsList";"1";"934917";"934917";"898";"898"
"ONREQUEST";"/Sites-RefArch-Site/en_US/ConsentTracking-GetContent";"1";"902282";"902282";"252";"252"
"ONREQUEST";"/Sites-RefArch-Site/en_US/ConsentTracking-SetConsent";"1";"688752";"688752";"579";"579"
"ONREQUEST";"/Sites-RefArch-Site/en_US/Home-Show";"1";"48874834";"48874834";"34139217";"34139217"
"ONREQUEST";"/Sites-RefArch-Site/en_US/Product-ShowQuickView";"1";"809626";"809626";"0";"0"
"ONREQUEST";"/Sites-RefArch-Site/en_US/Product-Variation";"1";"977180";"977180";"879";"879"
"ONREQUEST";"/Sites-RefArch-Site/en_US/ReportingEvent-MiniCart";"1";"811278";"811278";"133";"133"
"ONREQUEST";"/Sites-RefArch-Site/en_US/Search-Show";"1";"890351";"890351";"220";"220"
"ONREQUEST";"/Sites-RefArch-Site/en_US/__Analytics-Start";"8";"28334064";"28334064";"18485253";"18485253"
"ONREQUEST";"/Sites-RefArch-Site/en_US/__SYSTEM__StorefrontToolkit-Start";"4";"2199150";"2199150";"2361";"2361"
"SCRIPT_API";"dw.campaign.DiscountPlan#getApproachingOrderDiscounts()";"3";"15754";"15754";"41";"41"
"SCRIPT_API";"dw.campaign.DiscountPlan#getApproachingShippingDiscounts(dw.order.Shipment)";"3";"26567";"26567";"0";"0"
"SCRIPT_API";"dw.campaign.Promotion#getID()";"8";"9664";"9664";"148";"148"
"SCRIPT_API";"dw.campaign.PromotionMgr#applyDiscounts(dw.order.LineItemCtnr)";"16";"40264574";"40264574";"15888992";"15888992"
"SCRIPT_API";"dw.campaign.PromotionMgr#getActiveCustomerPromotions()";"22";"3549336";"3549336";"0";"0"
"SCRIPT_API";"dw.campaign.PromotionMgr#getDiscounts(dw.order.LineItemCtnr)";"3";"3116826";"3116826";"0";"0"
"SCRIPT_API";"dw.campaign.PromotionPlan#getProductPromotions()";"2";"358031";"358031";"2677";"2677"
"SCRIPT_API";"dw.campaign.PromotionPlan#getProductPromotions(dw.catalog.Product)";"20";"9354816";"9354816";"3975087";"3975087"
"SCRIPT_API";"dw.campaign.SlotContent#getContent()";"12";"66614";"66614";"37";"37"
"SCRIPT_API";"dw.catalog.Catalog#getRoot()";"5";"1531292";"1531292";"1155730";"1155730"
"SCRIPT_API";"dw.catalog.CatalogMgr#getCategory(String)";"3";"103547";"103547";"1632";"1632"
"SCRIPT_API";"dw.catalog.CatalogMgr#getSiteCatalog()";"5";"133045";"133045";"2407";"2407"
"SCRIPT_API";"dw.catalog.CatalogMgr#getSortingOptions()";"2";"1369974";"1369974";"1067811";"1067811"
"SCRIPT_API";"dw.catalog.Category#getDefaultSortingRule()";"4";"272727";"272727";"0";"0"
"SCRIPT_API";"dw.catalog.Category#getDisplayName()";"8";"247090";"247090";"0";"0"
"SCRIPT_API";"dw.catalog.Category#getID()";"16";"24268";"24268";"603";"603"
"SCRIPT_API";"dw.catalog.Category#getImage()";"2";"7934";"7934";"182";"182"
"SCRIPT_API";"dw.catalog.Category#getOnlineSubCategories()";"9";"5843416";"5843416";"4401839";"4401839"
"SCRIPT_API";"dw.catalog.Category#getPageDescription()";"2";"26952";"26952";"0";"0"
"SCRIPT_API";"dw.catalog.Category#getPageKeywords()";"2";"25319";"25319";"0";"0"
"SCRIPT_API";"dw.catalog.Category#getPageTitle()";"2";"55311";"55311";"0";"0"
"SCRIPT_API";"dw.catalog.Category#getTemplate()";"1";"5497";"5497";"4";"4"
"SCRIPT_API";"dw.catalog.Category#hasOnlineProducts()";"24";"28063710";"28063710";"24587724";"24587724"
"SCRIPT_API";"dw.catalog.Category#hasOnlineSubCategories()";"21";"294468";"294468";"0";"0"
"SCRIPT_API";"dw.catalog.Category#isOnline()";"2";"19678";"19678";"15";"15"
"SCRIPT_API";"dw.catalog.PriceBook#getID()";"54";"65914";"65914";"1213";"1213"
"SCRIPT_API";"dw.catalog.PriceBook#getParentPriceBook()";"41";"82418";"82418";"970";"970"
"SCRIPT_API";"dw.catalog.PriceBookMgr#getApplicablePriceBooks()";"2";"27990";"27990";"0";"0"
"SCRIPT_API";"dw.catalog.PriceBookMgr#setApplicablePriceBooks(dw.catalog.PriceBook[])";"4";"44646";"44646";"63";"63"
"SCRIPT_API";"dw.catalog.Product#getAttributeModel()";"2";"948257";"948257";"0";"0"
"SCRIPT_API";"dw.catalog.Product#getAvailabilityModel()";"85";"1054703";"1054703";"0";"0"
"SCRIPT_API";"dw.catalog.Product#getBrand()";"14";"30597";"30597";"516";"516"
"SCRIPT_API";"dw.catalog.Product#getID()";"87";"142499";"142499";"3560";"3560"
"SCRIPT_API";"dw.catalog.Product#getImages(String)";"35";"31192354";"31192354";"22493002";"22493002"
"SCRIPT_API";"dw.catalog.Product#getLongDescription()";"2";"68675";"68675";"68";"68"
"SCRIPT_API";"dw.catalog.Product#getMinOrderQuantity()";"44";"121856";"121856";"1328";"1328"
"SCRIPT_API";"dw.catalog.Product#getName()";"14";"379850";"379850";"0";"0"
"SCRIPT_API";"dw.catalog.Product#getOptionModel()";"21";"253179";"253179";"0";"0"
"SCRIPT_API";"dw.catalog.Product#getPageDescription()";"1";"18380";"18380";"154";"154"
"SCRIPT_API";"dw.catalog.Product#getPageKeywords()";"1";"12849";"12849";"0";"0"
"SCRIPT_API";"dw.catalog.Product#getPageMetaTags()";"2";"126084";"126084";"0";"0"
"SCRIPT_API";"dw.catalog.Product#getPageTitle()";"1";"30959";"30959";"118";"118"
"SCRIPT_API";"dw.catalog.Product#getPriceModel()";"34";"24844857";"24844857";"17363443";"17363443"
"SCRIPT_API";"dw.catalog.Product#getPriceModel(dw.catalog.ProductOptionModel)";"20";"1612531";"1612531";"0";"0"
"SCRIPT_API";"dw.catalog.Product#getPrimaryCategory()";"3";"60463";"60463";"1210";"1210"
"SCRIPT_API";"dw.catalog.Product#getShortDescription()";"2";"41118";"41118";"0";"0"
"SCRIPT_API";"dw.catalog.Product#getStepQuantity()";"2";"12689";"12689";"68";"68"
"SCRIPT_API";"dw.catalog.Product#getTemplate()";"1";"4125";"4125";"183";"183"
"SCRIPT_API";"dw.catalog.Product#getVariationModel()";"30";"752868";"752868";"0";"0"
"SCRIPT_API";"dw.catalog.Product#isBundle()";"2";"10117";"10117";"185";"185"
"SCRIPT_API";"dw.catalog.Product#isMaster()";"81";"106583";"106583";"2362";"2362"
"SCRIPT_API";"dw.catalog.Product#isOnline()";"11";"415562";"415562";"0";"0"
"SCRIPT_API";"dw.catalog.Product#isVariant()";"23";"36807";"36807";"345";"345"
"SCRIPT_API";"dw.catalog.Product#isVariationGroup()";"38";"41781";"41781";"502";"502"
"SCRIPT_API";"dw.catalog.ProductAttributeModel#getVisibleAttributeGroups()";"2";"32879";"32879";"0";"0"
"SCRIPT_API";"dw.catalog.ProductAvailabilityLevels#getBackorder()";"20";"25554";"25554";"329";"329"
"SCRIPT_API";"dw.catalog.ProductAvailabilityLevels#getInStock()";"40";"34205";"34205";"884";"884"
"SCRIPT_API";"dw.catalog.ProductAvailabilityLevels#getNotAvailable()";"29";"36380";"36380";"574";"574"
"SCRIPT_API";"dw.catalog.ProductAvailabilityLevels#getPreorder()";"20";"29278";"29278";"441";"441"
"SCRIPT_API";"dw.catalog.ProductAvailabilityModel#getAvailabilityLevels(Number)";"29";"2328585";"2328585";"0";"0"
"SCRIPT_API";"dw.catalog.ProductAvailabilityModel#getInventoryRecord()";"58";"77816";"77816";"1044";"1044"
"SCRIPT_API";"dw.catalog.ProductAvailabilityModel#isOrderable(Number)";"38";"751166";"751166";"0";"0"
"SCRIPT_API";"dw.catalog.ProductInventoryRecord#getATS()";"19";"395040";"395040";"0";"0"
"SCRIPT_API";"dw.catalog.ProductInventoryRecord#getInStockDate()";"19";"35791";"35791";"535";"535"
"SCRIPT_API";"dw.catalog.ProductInventoryRecord#isPerpetual()";"19";"30238";"30238";"143";"143"
"SCRIPT_API";"dw.catalog.ProductMgr#getProduct(String)";"38";"578292";"578292";"244";"244"
"SCRIPT_API";"dw.catalog.ProductOptionModel#getOptions()";"43";"144577";"144577";"1767";"1767"
"SCRIPT_API";"dw.catalog.ProductPriceInfo#getPriceBook()";"54";"81983";"81983";"1052";"1052"
"SCRIPT_API";"dw.catalog.ProductPriceModel#getPrice()";"40";"401641";"401641";"1444";"1444"
"SCRIPT_API";"dw.catalog.ProductPriceModel#getPrice(dw.value.Quantity)";"16";"711731";"711731";"0";"0"
"SCRIPT_API";"dw.catalog.ProductPriceModel#getPriceBookPrice(String)";"20";"3547370";"3547370";"2166799";"2166799"
"SCRIPT_API";"dw.catalog.ProductPriceModel#getPriceInfo()";"71";"10473387";"10473387";"8449138";"8449138"
"SCRIPT_API";"dw.catalog.ProductPriceModel#getPriceTable()";"20";"1844169";"1844169";"977456";"977456"
"SCRIPT_API";"dw.catalog.ProductPriceModel#isPriceRange()";"1";"2463460";"2463460";"1933553";"1933553"
"SCRIPT_API";"dw.catalog.ProductPriceTable#getQuantities()";"20";"81743";"81743";"245";"245"
"SCRIPT_API";"dw.catalog.ProductSearchHit#getDiscountedPromotionIDs()";"17";"1145610";"1145610";"0";"0"
"SCRIPT_API";"dw.catalog.ProductSearchHit#getFirstRepresentedProduct()";"17";"2577081";"2577081";"2042770";"2042770"
"SCRIPT_API";"dw.catalog.ProductSearchHit#getFirstRepresentedProductID()";"4";"10510";"10510";"48";"48"
"SCRIPT_API";"dw.catalog.ProductSearchHit#getMaxPrice()";"36";"107215";"107215";"353";"353"
"SCRIPT_API";"dw.catalog.ProductSearchHit#getMinPrice()";"36";"308598";"308598";"441";"441"
"SCRIPT_API";"dw.catalog.ProductSearchHit#getProduct()";"2";"2247499";"2247499";"2047307";"2047307"
"SCRIPT_API";"dw.catalog.ProductSearchHit#getProductID()";"66";"55292";"55292";"1732";"1732"
"SCRIPT_API";"dw.catalog.ProductSearchHit#getRepresentedVariationValues(Object)";"17";"8223508";"8223508";"6197767";"6197767"
"SCRIPT_API";"dw.catalog.ProductSearchModel#getCategory()";"22";"36092";"36092";"1097";"1097"
"SCRIPT_API";"dw.catalog.ProductSearchModel#getPageMetaTags()";"2";"72439";"72439";"0";"0"
"SCRIPT_API";"dw.catalog.ProductSearchModel#getProductSearchHit(dw.catalog.Product)";"19";"16408768";"16408768";"4450827";"4450827"
"SCRIPT_API";"dw.catalog.ProductSearchModel#getProductSearchHits()";"8";"1533458";"1533458";"39068";"39068"
"SCRIPT_API";"dw.catalog.ProductSearchModel#getRefinements()";"4";"181991";"181991";"0";"0"
"SCRIPT_API";"dw.catalog.ProductSearchModel#getSearchPhraseSuggestions()";"2";"16245";"16245";"29";"29"
"SCRIPT_API";"dw.catalog.ProductSearchModel#isCategorySearch()";"4";"6268";"6268";"128";"128"
"SCRIPT_API";"dw.catalog.ProductSearchModel#isPersonalizedSort()";"1";"6540";"6540";"81";"81"
"SCRIPT_API";"dw.catalog.ProductSearchModel#isRefinedCategorySearch()";"2";"7903";"7903";"55";"55"
"SCRIPT_API";"dw.catalog.ProductSearchModel#search()";"21";"58762708";"58762708";"27250371";"27250371"
"SCRIPT_API";"dw.catalog.ProductSearchModel#setCategoryID(String)";"2";"9249";"9249";"62";"62"
"SCRIPT_API";"dw.catalog.ProductSearchModel#setPriceMax(Number)";"2";"4188";"4188";"12";"12"
"SCRIPT_API";"dw.catalog.ProductSearchModel#setPriceMin(Number)";"2";"5563";"5563";"39";"39"
"SCRIPT_API";"dw.catalog.ProductSearchModel#setRecursiveCategorySearch(Boolean)";"2";"5727";"5727";"83";"83"
"SCRIPT_API";"dw.catalog.ProductSearchModel#urlSortingRule(String,dw.catalog.SortingRule)";"16";"185108";"185108";"0";"0"
"SCRIPT_API";"dw.catalog.ProductSearchModel()";"21";"7017138";"7017138";"3769676";"3769676"
"SCRIPT_API";"dw.catalog.ProductVariationAttribute#getAttributeID()";"124";"186290";"186290";"25089";"25089"
"SCRIPT_API";"dw.catalog.ProductVariationAttribute#getDisplayName()";"40";"1400550";"1400550";"0";"0"
"SCRIPT_API";"dw.catalog.ProductVariationAttribute#getID()";"89";"87554";"87554";"1636";"1636"
"SCRIPT_API";"dw.catalog.ProductVariationAttributeValue#equals(Object)";"77";"105632";"105632";"2405";"2405"
"SCRIPT_API";"dw.catalog.ProductVariationAttributeValue#getDescription()";"101";"502052";"502052";"0";"0"
"SCRIPT_API";"dw.catalog.ProductVariationAttributeValue#getDisplayValue()";"179";"1486911";"1486911";"0";"0"
"SCRIPT_API";"dw.catalog.ProductVariationAttributeValue#getID()";"106";"121135";"121135";"2345";"2345"
"SCRIPT_API";"dw.catalog.ProductVariationAttributeValue#getImage(String,Number)";"21";"2300675";"2300675";"0";"0"
"SCRIPT_API";"dw.catalog.ProductVariationAttributeValue#getImages(String)";"20";"2014499";"2014499";"0";"0"
"SCRIPT_API";"dw.catalog.ProductVariationAttributeValue#getValue()";"125";"524189";"524189";"0";"0"
"SCRIPT_API";"dw.catalog.ProductVariationModel#getAllValues(dw.catalog.ProductVariationAttribute)";"47";"500950";"500950";"0";"0"
"SCRIPT_API";"dw.catalog.ProductVariationModel#getImages(String)";"4";"966760";"966760";"0";"0"
"SCRIPT_API";"dw.catalog.ProductVariationModel#getMaster()";"20";"45067";"45067";"530";"530"
"SCRIPT_API";"dw.catalog.ProductVariationModel#getProductVariationAttributes()";"24";"243165";"243165";"558";"558"
"SCRIPT_API";"dw.catalog.ProductVariationModel#getSelectedValue(dw.catalog.ProductVariationAttribute)";"40";"662708";"662708";"10344";"10344"
"SCRIPT_API";"dw.catalog.ProductVariationModel#getSelectedVariant()";"22";"99176";"99176";"960";"960"
"SCRIPT_API";"dw.catalog.ProductVariationModel#getVariants()";"2";"42750";"42750";"0";"0"
"SCRIPT_API";"dw.catalog.ProductVariationModel#hasOrderableVariants(dw.catalog.ProductVariationAttribute,dw.catalog.ProductVariationAttributeValue)";"80";"3956679";"3956679";"14084";"14084"
"SCRIPT_API";"dw.catalog.ProductVariationModel#setSelectedAttributeValue(String,String)";"3";"19850";"19850";"0";"0"
"SCRIPT_API";"dw.catalog.ProductVariationModel#url(String,Object[])";"2";"39020";"39020";"87";"87"
"SCRIPT_API";"dw.catalog.ProductVariationModel#urlSelectVariationValue(String,dw.catalog.ProductVariationAttribute,dw.catalog.ProductVariationAttributeValue)";"41";"1139440";"1139440";"0";"0"
"SCRIPT_API";"dw.catalog.ProductVariationModel#urlUnselectVariationValue(String,dw.catalog.ProductVariationAttribute)";"39";"1955203";"1955203";"0";"0"
"SCRIPT_API";"dw.catalog.SearchModel#getCount()";"25";"329242";"329242";"659";"659"
"SCRIPT_API";"dw.catalog.SearchModel#getSearchPhrase()";"2";"5135";"5135";"32";"32"
"SCRIPT_API";"dw.catalog.SearchModel#setSearchPhrase(String)";"19";"73190";"73190";"269";"269"
"SCRIPT_API";"dw.catalog.SearchModel#url(String)";"4";"39372";"39372";"112";"112"
"SCRIPT_API";"dw.catalog.SearchRefinements#getRefinementDefinitions()";"2";"30442";"30442";"0";"0"
"SCRIPT_API";"dw.catalog.SortingOption#getDisplayName()";"16";"19568748";"19568748";"18196183";"18196183"
"SCRIPT_API";"dw.catalog.SortingOption#getID()";"16";"27708";"27708";"140";"140"
"SCRIPT_API";"dw.catalog.SortingOption#getSortingRule()";"16";"111599";"111599";"263";"263"
"SCRIPT_API";"dw.catalog.SortingRule#getID()";"2";"5786";"5786";"21";"21"
"SCRIPT_API";"dw.catalog.Variant#getBrand()";"23";"120969";"120969";"347";"347"
"SCRIPT_API";"dw.catalog.Variant#getLongDescription()";"2";"92882";"92882";"0";"0"
"SCRIPT_API";"dw.catalog.Variant#getMasterProduct()";"1";"5156";"5156";"32";"32"
"SCRIPT_API";"dw.catalog.Variant#getName()";"23";"27027501";"27027501";"23484032";"23484032"
"SCRIPT_API";"dw.catalog.Variant#getPageDescription()";"1";"21949";"21949";"67";"67"
"SCRIPT_API";"dw.catalog.Variant#getPageKeywords()";"1";"18818";"18818";"0";"0"
"SCRIPT_API";"dw.catalog.Variant#getPageTitle()";"1";"39663";"39663";"0";"0"
"SCRIPT_API";"dw.catalog.Variant#getShortDescription()";"2";"50322";"50322";"0";"0"
"SCRIPT_API";"dw.catalog.Variant#getTemplate()";"1";"7189";"7189";"0";"0"
"SCRIPT_API";"dw.content.Content#getID()";"22";"68895";"68895";"274";"274"
"SCRIPT_API";"dw.content.Content#getName()";"22";"417719";"417719";"0";"0"
"SCRIPT_API";"dw.content.Content#getPageDescription()";"22";"227181";"227181";"0";"0"
"SCRIPT_API";"dw.content.Content#getPageKeywords()";"22";"211305";"211305";"0";"0"
"SCRIPT_API";"dw.content.Content#getPageMetaTags()";"22";"2947173";"2947173";"2391215";"2391215"
"SCRIPT_API";"dw.content.Content#getPageTitle()";"22";"255996";"255996";"0";"0"
"SCRIPT_API";"dw.content.Content#getTemplate()";"22";"30356";"30356";"533";"533"
"SCRIPT_API";"dw.content.Content#isOnline()";"29";"5679881";"5679881";"4027887";"4027887"
"SCRIPT_API";"dw.content.ContentMgr#getContent(String)";"33";"10525209";"10525209";"8370313";"8370313"
"SCRIPT_API";"dw.content.MarkupText#getMarkup()";"8";"95184";"95184";"216";"216"
"SCRIPT_API";"dw.content.MediaFile#getAbsURL()";"63";"848909";"848909";"0";"0"
"SCRIPT_API";"dw.content.MediaFile#getAlt()";"84";"101563";"101563";"2553";"2553"
"SCRIPT_API";"dw.content.MediaFile#getTitle()";"84";"95936";"95936";"1988";"1988"
"SCRIPT_API";"dw.content.MediaFile#getURL()";"84";"88897677";"88897677";"70212894";"70212894"
"SCRIPT_API";"dw.customer.Customer#getAddressBook()";"4";"10408";"10408";"53";"53"
"SCRIPT_API";"dw.customer.Customer#getExternalProfiles()";"2";"23704";"23704";"0";"0"
"SCRIPT_API";"dw.customer.Customer#getProfile()";"38";"165413";"165413";"2121";"2121"
"SCRIPT_API";"dw.customer.Customer#isAuthenticated()";"8";"17665";"17665";"487";"487"
"SCRIPT_API";"dw.customer.Customer#isExternallyAuthenticated()";"6";"21807";"21807";"97";"97"
"SCRIPT_API";"dw.customer.CustomerMgr#createCustomer(String,String)";"1";"21296390";"21296390";"19176000";"19176000"
"SCRIPT_API";"dw.customer.CustomerMgr#getCustomerByCustomerNumber(String)";"20";"1427807";"1427807";"0";"0"
"SCRIPT_API";"dw.customer.CustomerMgr#searchProfiles(String,String,Object[])";"44";"82061758";"82061758";"51687839";"51687839"
"SCRIPT_API";"dw.customer.Profile#getCustomerNo()";"352";"1246182";"1246182";"631172";"631172"
"SCRIPT_API";"dw.customer.Profile#getEmail()";"176";"309192";"309192";"7721";"7721"
"SCRIPT_API";"dw.experience.PageMgr#getPage(String)";"1";"1443558";"1443558";"1293357";"1293357"
"SCRIPT_API";"dw.experience.PageMgr#getPageByCategory(dw.catalog.Category,Boolean,String)";"2";"5511743";"5511743";"3061615";"3061615"
"SCRIPT_API";"dw.io.PrintWriter#print(String)";"10";"134781";"134781";"3400";"3400"
"SCRIPT_API";"dw.object.ExtensibleObject#getCustom()";"706";"6835579";"6835579";"3321517";"3321517"
"SCRIPT_API";"dw.object.ObjectAttributeDefinition#getDisplayName()";"34";"585163";"585163";"0";"0"
"SCRIPT_API";"dw.object.ObjectAttributeDefinition#getUnit()";"17";"29378";"29378";"370";"370"
"SCRIPT_API";"dw.object.PersistentObject#getCreationDate()";"6";"26976";"26976";"301";"301"
"SCRIPT_API";"dw.object.PersistentObject#getUUID()";"165";"368605";"368605";"12393";"12393"
"SCRIPT_API";"dw.order.BasketMgr#getCurrentBasket()";"34";"7580145";"7580145";"3697130";"3697130"
"SCRIPT_API";"dw.order.BasketMgr#getCurrentOrNewBasket()";"2";"4332547";"4332547";"2531529";"2531529"
"SCRIPT_API";"dw.order.LineItem#getLineItemText()";"32";"41130";"41130";"943";"943"
"SCRIPT_API";"dw.order.LineItem#getTaxClassID()";"48";"57464";"57464";"886";"886"
"SCRIPT_API";"dw.order.LineItem#getTaxRate()";"32";"41370";"41370";"336";"336"
"SCRIPT_API";"dw.order.LineItem#updateTax(Number)";"16";"778498";"778498";"0";"0"
"SCRIPT_API";"dw.order.LineItemCtnr#createBillingAddress()";"1";"81870";"81870";"0";"0"
"SCRIPT_API";"dw.order.LineItemCtnr#createPaymentInstrument(String,dw.value.Money)";"1";"185682";"185682";"0";"0"
"SCRIPT_API";"dw.order.LineItemCtnr#createProductLineItem(dw.catalog.Product,dw.catalog.ProductOptionModel,dw.order.Shipment)";"1";"10463562";"10463562";"7298556";"7298556"
"SCRIPT_API";"dw.order.LineItemCtnr#getAdjustedMerchandizeTotalPrice(Boolean)";"33";"355532";"355532";"0";"0"
"SCRIPT_API";"dw.order.LineItemCtnr#getAdjustedShippingTotalPrice()";"12";"78400";"78400";"0";"0"
"SCRIPT_API";"dw.order.LineItemCtnr#getAllLineItems()";"12";"110702";"110702";"875";"875"
"SCRIPT_API";"dw.order.LineItemCtnr#getAllProductLineItems()";"16";"118497";"118497";"0";"0"
"SCRIPT_API";"dw.order.LineItemCtnr#getAllShippingPriceAdjustments()";"9";"78347";"78347";"0";"0"
"SCRIPT_API";"dw.order.LineItemCtnr#getBillingAddress()";"25";"166860";"166860";"463";"463"
"SCRIPT_API";"dw.order.LineItemCtnr#getBonusDiscountLineItems()";"20";"140821";"140821";"511";"511"
"SCRIPT_API";"dw.order.LineItemCtnr#getBonusLineItems()";"6";"46878";"46878";"70";"70"
"SCRIPT_API";"dw.order.LineItemCtnr#getCouponLineItems()";"13";"56507";"56507";"316";"316"
"SCRIPT_API";"dw.order.LineItemCtnr#getCurrencyCode()";"3";"14486";"14486";"234";"234"
"SCRIPT_API";"dw.order.LineItemCtnr#getCustomer()";"5";"38421";"38421";"268";"268"
"SCRIPT_API";"dw.order.LineItemCtnr#getCustomerEmail()";"8";"34407";"34407";"434";"434"
"SCRIPT_API";"dw.order.LineItemCtnr#getDefaultShipment()";"12";"61301";"61301";"265";"265"
"SCRIPT_API";"dw.order.LineItemCtnr#getGiftCertificateLineItems()";"8";"56009";"56009";"66";"66"
"SCRIPT_API";"dw.order.LineItemCtnr#getMerchandizeTotalPrice()";"7";"149659";"149659";"0";"0"
"SCRIPT_API";"dw.order.LineItemCtnr#getPaymentInstruments()";"7";"79196";"79196";"0";"0"
"SCRIPT_API";"dw.order.LineItemCtnr#getPaymentInstruments(String)";"1";"29686";"29686";"16";"16"
"SCRIPT_API";"dw.order.LineItemCtnr#getPriceAdjustments()";"20";"97260";"97260";"0";"0"
"SCRIPT_API";"dw.order.LineItemCtnr#getProductLineItems()";"30";"342214";"342214";"977";"977"
"SCRIPT_API";"dw.order.LineItemCtnr#getProductQuantities()";"16";"412452";"412452";"2332";"2332"
"SCRIPT_API";"dw.order.LineItemCtnr#getProductQuantityTotal()";"13";"73062";"73062";"405";"405"
"SCRIPT_API";"dw.order.LineItemCtnr#getShipments()";"52";"343207";"343207";"1759";"1759"
"SCRIPT_API";"dw.order.LineItemCtnr#getShippingPriceAdjustments()";"8";"46010";"46010";"0";"0"
"SCRIPT_API";"dw.order.LineItemCtnr#getShippingTotalPrice()";"21";"139903";"139903";"0";"0"
"SCRIPT_API";"dw.order.LineItemCtnr#getTotalGrossPrice()";"17";"86283";"86283";"465";"465"
"SCRIPT_API";"dw.order.LineItemCtnr#getTotalTax()";"9";"78924";"78924";"46";"46"
"SCRIPT_API";"dw.order.LineItemCtnr#setCustomerEmail(String)";"1";"31371";"31371";"8";"8"
"SCRIPT_API";"dw.order.LineItemCtnr#updateTotals()";"8";"321709";"321709";"0";"0"
"SCRIPT_API";"dw.order.OrderAddress#getAddress1()";"13";"27048";"27048";"356";"356"
"SCRIPT_API";"dw.order.OrderAddress#getAddress2()";"8";"14208";"14208";"123";"123"
"SCRIPT_API";"dw.order.OrderAddress#getCity()";"8";"15419";"15419";"107";"107"
"SCRIPT_API";"dw.order.OrderAddress#getCompanyName()";"7";"13292";"13292";"63";"63"
"SCRIPT_API";"dw.order.OrderAddress#getCountryCode()";"15";"270223";"270223";"0";"0"
"SCRIPT_API";"dw.order.OrderAddress#getFirstName()";"12";"24111";"24111";"310";"310"
"SCRIPT_API";"dw.order.OrderAddress#getFullName()";"1";"8560";"8560";"35";"35"
"SCRIPT_API";"dw.order.OrderAddress#getJobTitle()";"7";"12221";"12221";"185";"185"
"SCRIPT_API";"dw.order.OrderAddress#getLastName()";"8";"16052";"16052";"70";"70"
"SCRIPT_API";"dw.order.OrderAddress#getPhone()";"9";"15258";"15258";"235";"235"
"SCRIPT_API";"dw.order.OrderAddress#getPostBox()";"7";"10026";"10026";"116";"116"
"SCRIPT_API";"dw.order.OrderAddress#getPostalCode()";"8";"16223";"16223";"275";"275"
"SCRIPT_API";"dw.order.OrderAddress#getSalutation()";"7";"10053";"10053";"72";"72"
"SCRIPT_API";"dw.order.OrderAddress#getSecondName()";"7";"19961";"19961";"42";"42"
"SCRIPT_API";"dw.order.OrderAddress#getStateCode()";"8";"21069";"21069";"93";"93"
"SCRIPT_API";"dw.order.OrderAddress#getSuffix()";"7";"15200";"15200";"48";"48"
"SCRIPT_API";"dw.order.OrderAddress#getSuite()";"7";"12628";"12628";"34";"34"
"SCRIPT_API";"dw.order.OrderAddress#getTitle()";"7";"14446";"14446";"51";"51"
"SCRIPT_API";"dw.order.OrderAddress#isEquivalentAddress(Object)";"3";"45868";"45868";"0";"0"
"SCRIPT_API";"dw.order.OrderAddress#setAddress1(String)";"5";"15031";"15031";"83";"83"
"SCRIPT_API";"dw.order.OrderAddress#setAddress2(String)";"5";"11454";"11454";"38";"38"
"SCRIPT_API";"dw.order.OrderAddress#setCity(String)";"5";"13570";"13570";"78";"78"
"SCRIPT_API";"dw.order.OrderAddress#setCountryCode(String)";"5";"12989";"12989";"107";"107"
"SCRIPT_API";"dw.order.OrderAddress#setFirstName(String)";"5";"49845";"49845";"300";"300"
"SCRIPT_API";"dw.order.OrderAddress#setLastName(String)";"5";"14680";"14680";"44";"44"
"SCRIPT_API";"dw.order.OrderAddress#setPhone(String)";"5";"11759";"11759";"39";"39"
"SCRIPT_API";"dw.order.OrderAddress#setPostalCode(String)";"5";"11952";"11952";"23";"23"
"SCRIPT_API";"dw.order.OrderAddress#setStateCode(String)";"5";"14187";"14187";"93";"93"
"SCRIPT_API";"dw.order.OrderPaymentInstrument#getPaymentTransaction()";"3";"31079";"31079";"35";"35"
"SCRIPT_API";"dw.order.PaymentCard#getCardType()";"24";"26386";"26386";"656";"656"
"SCRIPT_API";"dw.order.PaymentCard#getName()";"24";"1411938";"1411938";"948619";"948619"
"SCRIPT_API";"dw.order.PaymentCard#verify(Number,Number,String,String)";"1";"254526";"254526";"0";"0"
"SCRIPT_API";"dw.order.PaymentInstrument#getCreditCardExpirationMonth()";"2";"7736";"7736";"129";"129"
"SCRIPT_API";"dw.order.PaymentInstrument#getCreditCardExpirationYear()";"2";"8814";"8814";"49";"49"
"SCRIPT_API";"dw.order.PaymentInstrument#getCreditCardHolder()";"2";"8159";"8159";"179";"179"
"SCRIPT_API";"dw.order.PaymentInstrument#getCreditCardNumberLastDigits()";"2";"7708828";"7708828";"5942350";"5942350"
"SCRIPT_API";"dw.order.PaymentInstrument#getCreditCardType()";"2";"5709";"5709";"27";"27"
"SCRIPT_API";"dw.order.PaymentInstrument#getMaskedCreditCardNumber()";"2";"325332";"325332";"0";"0"
"SCRIPT_API";"dw.order.PaymentInstrument#getPaymentMethod()";"4";"9652";"9652";"89";"89"
"SCRIPT_API";"dw.order.PaymentInstrument#setCreditCardExpirationMonth(Number)";"1";"11504";"11504";"0";"0"
"SCRIPT_API";"dw.order.PaymentInstrument#setCreditCardExpirationYear(Number)";"1";"3840";"3840";"8";"8"
"SCRIPT_API";"dw.order.PaymentInstrument#setCreditCardHolder(String)";"1";"38416";"38416";"0";"0"
"SCRIPT_API";"dw.order.PaymentInstrument#setCreditCardNumber(String)";"1";"235191";"235191";"0";"0"
"SCRIPT_API";"dw.order.PaymentInstrument#setCreditCardToken(String)";"1";"95824";"95824";"0";"0"
"SCRIPT_API";"dw.order.PaymentInstrument#setCreditCardType(String)";"1";"9296";"9296";"2";"2"
"SCRIPT_API";"dw.order.PaymentMethod#getApplicablePaymentCards(dw.customer.Customer,String,Number)";"7";"430017";"430017";"0";"0"
"SCRIPT_API";"dw.order.PaymentMethod#getID()";"6";"16691";"16691";"122";"122"
"SCRIPT_API";"dw.order.PaymentMethod#getName()";"6";"1303423";"1303423";"974443";"974443"
"SCRIPT_API";"dw.order.PaymentMethod#getPaymentProcessor()";"3";"1922310";"1922310";"1637815";"1637815"
"SCRIPT_API";"dw.order.PaymentMgr#getApplicablePaymentMethods(dw.customer.Customer,String,Number)";"6";"2713000";"2713000";"2051884";"2051884"
"SCRIPT_API";"dw.order.PaymentMgr#getPaymentCard(String)";"2";"5774136";"5774136";"5506648";"5506648"
"SCRIPT_API";"dw.order.PaymentMgr#getPaymentMethod(String)";"10";"112658";"112658";"52";"52"
"SCRIPT_API";"dw.order.PaymentProcessor#getID()";"6";"20065";"20065";"158";"158"
"SCRIPT_API";"dw.order.PaymentTransaction#getAmount()";"2";"26806";"26806";"0";"0"
"SCRIPT_API";"dw.order.PaymentTransaction#setAmount(dw.value.Money)";"1";"8753";"8753";"11";"11"
"SCRIPT_API";"dw.order.ProductLineItem#getAdjustedPrice()";"18";"127125";"127125";"0";"0"
"SCRIPT_API";"dw.order.ProductLineItem#getOptionProductLineItems()";"54";"212575";"212575";"754";"754"
"SCRIPT_API";"dw.order.ProductLineItem#getPriceAdjustments()";"39";"266559";"266559";"1604";"1604"
"SCRIPT_API";"dw.order.ProductLineItem#getProduct()";"133";"2237989";"2237989";"0";"0"
"SCRIPT_API";"dw.order.ProductLineItem#getProductInventoryListID()";"18";"53089";"53089";"438";"438"
"SCRIPT_API";"dw.order.ProductLineItem#getQuantity()";"37";"95961";"95961";"567";"567"
"SCRIPT_API";"dw.order.ProductLineItem#getQuantityValue()";"9";"55578";"55578";"118";"118"
"SCRIPT_API";"dw.order.ProductLineItem#getShipment()";"18";"77868";"77868";"274";"274"
"SCRIPT_API";"dw.order.ProductLineItem#isBonusProductLineItem()";"52";"94192";"94192";"1283";"1283"
"SCRIPT_API";"dw.order.ProductLineItem#isBundledProductLineItem()";"16";"32660";"32660";"252";"252"
"SCRIPT_API";"dw.order.ProductLineItem#isCatalogProduct()";"16";"40605";"40605";"263";"263"
"SCRIPT_API";"dw.order.ProductLineItem#isGift()";"18";"75931";"75931";"1490";"1490"
"SCRIPT_API";"dw.order.ProductLineItem#isOptionProductLineItem()";"16";"27706";"27706";"220";"220"
"SCRIPT_API";"dw.order.ProductLineItem#setPriceValue(Number)";"16";"327216";"327216";"0";"0"
"SCRIPT_API";"dw.order.ProductLineItem#setQuantityValue(Number)";"1";"595858";"595858";"154093";"154093"
"SCRIPT_API";"dw.order.Shipment#createShippingAddress()";"1";"111097";"111097";"0";"0"
"SCRIPT_API";"dw.order.Shipment#getAllLineItems()";"8";"89507";"89507";"0";"0"
"SCRIPT_API";"dw.order.Shipment#getGiftMessage()";"9";"24251";"24251";"242";"242"
"SCRIPT_API";"dw.order.Shipment#getProductLineItems()";"13";"92840";"92840";"0";"0"
"SCRIPT_API";"dw.order.Shipment#getShippingAddress()";"54";"248143";"248143";"1199";"1199"
"SCRIPT_API";"dw.order.Shipment#getShippingMethod()";"60";"279875";"279875";"809";"809"
"SCRIPT_API";"dw.order.Shipment#getShippingPriceAdjustments()";"3";"18262";"18262";"36";"36"
"SCRIPT_API";"dw.order.Shipment#isGift()";"9";"43630";"43630";"174";"174"
"SCRIPT_API";"dw.order.Shipment#setGift(Boolean)";"2";"10454";"10454";"42";"42"
"SCRIPT_API";"dw.order.Shipment#setGiftMessage(String)";"2";"5177";"5177";"120";"120"
"SCRIPT_API";"dw.order.Shipment#setShippingMethod(dw.order.ShippingMethod)";"4";"44615";"44615";"196";"196"
"SCRIPT_API";"dw.order.ShipmentShippingCost#getAmount()";"92";"66992";"66992";"2306";"2306"
"SCRIPT_API";"dw.order.ShipmentShippingModel#getApplicableShippingMethods()";"13";"6432108";"6432108";"3326030";"3326030"
"SCRIPT_API";"dw.order.ShipmentShippingModel#getShippingCost(dw.order.ShippingMethod)";"46";"3580695";"3580695";"0";"0"
"SCRIPT_API";"dw.order.ShippingLocation(dw.order.OrderAddress)";"4";"280243";"280243";"0";"0"
"SCRIPT_API";"dw.order.ShippingMethod#getDescription()";"46";"433901";"433901";"0";"0"
"SCRIPT_API";"dw.order.ShippingMethod#getDisplayName()";"46";"671332";"671332";"0";"0"
"SCRIPT_API";"dw.order.ShippingMethod#getID()";"144";"132085";"132085";"4855";"4855"
"SCRIPT_API";"dw.order.ShippingMethod#isDefaultMethod()";"46";"60454";"60454";"3250";"3250"
"SCRIPT_API";"dw.order.ShippingMgr#applyShippingCost(dw.order.LineItemCtnr)";"8";"2156707";"2156707";"0";"0"
"SCRIPT_API";"dw.order.ShippingMgr#getDefaultShippingMethod()";"4";"132340";"132340";"0";"0"
"SCRIPT_API";"dw.order.ShippingMgr#getShipmentShippingModel(dw.order.Shipment)";"59";"97315";"97315";"2596";"2596"
"SCRIPT_API";"dw.order.TaxMgr#getCustomRateTaxClassID()";"16";"15688";"15688";"419";"419"
"SCRIPT_API";"dw.order.TaxMgr#getDefaultTaxJurisdictionID()";"4";"80933";"80933";"50";"50"
"SCRIPT_API";"dw.order.TaxMgr#getTaxJurisdictionID(dw.order.ShippingLocation)";"4";"122419";"122419";"0";"0"
"SCRIPT_API";"dw.order.TaxMgr#getTaxRate(String,String)";"16";"181306";"181306";"0";"0"
"SCRIPT_API";"dw.system.HookMgr#callHook(String,String,Object[])";"39";"111393156";"2180927";"30145651";"0"
"SCRIPT_API";"dw.system.HookMgr#hasHook(String)";"449";"2914580";"2914580";"19153";"19153"
"SCRIPT_API";"dw.system.Logger#debug(String,Object[])";"32";"286809";"286809";"84";"84"
"SCRIPT_API";"dw.system.Logger#warn(String,Object[])";"3";"2132216";"2132216";"1159160";"1159160"
"SCRIPT_API";"dw.system.Request#getGeolocation()";"6";"12686";"12686";"54";"54"
"SCRIPT_API";"dw.system.Request#getHttpHeaders()";"433";"7649535";"7649535";"0";"0"
"SCRIPT_API";"dw.system.Request#getHttpHost()";"512";"659753";"659753";"8823";"8823"
"SCRIPT_API";"dw.system.Request#getHttpMethod()";"433";"330147";"330147";"7333";"7333"
"SCRIPT_API";"dw.system.Request#getHttpParameterMap()";"60";"136708";"136708";"3156";"3156"
"SCRIPT_API";"dw.system.Request#getHttpPath()";"433";"675042";"675042";"4599";"4599"
"SCRIPT_API";"dw.system.Request#getHttpQueryString()";"677";"878863";"878863";"71707";"71707"
"SCRIPT_API";"dw.system.Request#getLocale()";"552";"510635";"510635";"34498";"34498"
"SCRIPT_API";"dw.system.Request#getPageMetaData()";"14";"26452";"26452";"2101";"2101"
"SCRIPT_API";"dw.system.Request#getRequestID()";"17";"30364";"30364";"358";"358"
"SCRIPT_API";"dw.system.Request#isHttpSecure()";"433";"434063";"434063";"10104";"10104"
"SCRIPT_API";"dw.system.Request#isIncludeRequest()";"866";"655270";"655270";"21406";"21406"
"SCRIPT_API";"dw.system.Response#getWriter()";"10";"6125952";"6125952";"0";"0"
"SCRIPT_API";"dw.system.Response#setContentType(String)";"10";"50302";"50302";"2866";"2866"
"SCRIPT_API";"dw.system.Response#setExpires(Date)";"48";"223252";"223252";"7527";"7527"
"SCRIPT_API";"dw.system.Response#setHttpHeader(String,String)";"866";"1178563";"1178563";"15034";"15034"
"SCRIPT_API";"dw.system.Response#setStatus(Number)";"1";"5547";"5547";"221";"221"
"SCRIPT_API";"dw.system.Response#setVaryBy(String)";"19";"42678";"42678";"221";"221"
"SCRIPT_API";"dw.system.Session#getClickStream()";"2";"10641";"10641";"95";"95"
"SCRIPT_API";"dw.system.Session#getCurrency()";"793";"2479817";"2479817";"4381";"4381"
"SCRIPT_API";"dw.system.Session#getForms()";"16";"51035";"51035";"5028";"5028"
"SCRIPT_API";"dw.system.Session#getPrivacy()";"71";"157881";"157881";"6246";"6246"
"SCRIPT_API";"dw.system.Session#setTrackingAllowed(Boolean)";"8";"84798";"84798";"111";"111"
"SCRIPT_API";"dw.system.Site#getAllowedLocales()";"6";"41593";"41593";"62";"62"
"SCRIPT_API";"dw.system.Site#getCurrent()";"11";"1930262";"1930262";"1300228";"1300228"
"SCRIPT_API";"dw.system.Site#getID()";"6";"11234";"11234";"210";"210"
"SCRIPT_API";"dw.system.Site#getPageMetaTags()";"1";"1775200";"1775200";"1275892";"1275892"
"SCRIPT_API";"dw.system.Site#getPreferences()";"4";"76951";"76951";"0";"0"
"SCRIPT_API";"dw.system.Status#isError()";"1";"7022";"7022";"39";"39"
"SCRIPT_API";"dw.system.Status(Number)";"24";"50598";"50598";"986";"986"
"SCRIPT_API";"dw.system.System#getInstanceType()";"7";"15470";"15470";"781";"781"
"SCRIPT_API";"dw.system.Transaction#wrap(Function)";"40";"842477257";"734978391";"698226039";"651935451"
"SCRIPT_API";"dw.template.ISML#renderTemplate(String,Object)";"119";"1609655307";"18992555";"1179663384";"333357"
"SCRIPT_API";"dw.util.ArrayList()";"17";"34434";"34434";"493";"493"
"SCRIPT_API";"dw.util.Collection#contains(Object)";"1";"5093";"5093";"25";"25"
"SCRIPT_API";"dw.util.Collection#getLength()";"156";"282363";"282363";"4396";"4396"
"SCRIPT_API";"dw.util.Collection#isEmpty()";"16";"18947";"18947";"327";"327"
"SCRIPT_API";"dw.util.Collection#iterator()";"509";"716277";"716277";"27098";"27098"
"SCRIPT_API";"dw.util.Collection#size()";"1";"3148";"3148";"0";"0"
"SCRIPT_API";"dw.util.Collection#toArray()";"1";"14143";"14143";"1";"1"
"SCRIPT_API";"dw.util.Currency#getCurrencyCode()";"583";"332884";"332884";"0";"0"
"SCRIPT_API";"dw.util.Currency#getDefaultFractionDigits()";"481";"308897";"308897";"7352";"7352"
"SCRIPT_API";"dw.util.Currency#getName()";"481";"285665";"285665";"7185";"7185"
"SCRIPT_API";"dw.util.Currency#getSymbol()";"481";"286159";"286159";"7448";"7448"
"SCRIPT_API";"dw.util.Decimal#get()";"38";"51368";"51368";"703";"703"
"SCRIPT_API";"dw.util.Decimal#toString()";"38";"55659";"55659";"732";"732"
"SCRIPT_API";"dw.util.Geolocation#getCountryCode()";"1";"2757";"2757";"14";"14"
"SCRIPT_API";"dw.util.Geolocation#getLatitude()";"1";"3286";"3286";"1";"1"
"SCRIPT_API";"dw.util.Geolocation#getLongitude()";"1";"1733";"1733";"6";"6"
"SCRIPT_API";"dw.util.HashMap()";"72";"145816";"145816";"3583";"3583"
"SCRIPT_API";"dw.util.Iterator#hasNext()";"1134";"1019970";"1019970";"32638";"32638"
"SCRIPT_API";"dw.util.Iterator#next()";"676";"1275153";"1275153";"7005";"7005"
"SCRIPT_API";"dw.util.List#get(Number)";"2";"11154";"11154";"21";"21"
"SCRIPT_API";"dw.util.List#indexOf(Object)";"104";"111504";"111504";"3186";"3186"
"SCRIPT_API";"dw.util.List#size()";"79";"187458";"187458";"3485";"3485"
"SCRIPT_API";"dw.util.Locale#getCountry()";"12";"26358";"26358";"546";"546"
"SCRIPT_API";"dw.util.Locale#getDisplayCountry()";"6";"59370";"59370";"81";"81"
"SCRIPT_API";"dw.util.Locale#getDisplayLanguage()";"6";"10075";"10075";"138";"138"
"SCRIPT_API";"dw.util.Locale#getDisplayName()";"6";"103446";"103446";"0";"0"
"SCRIPT_API";"dw.util.Locale#getID()";"660";"404213";"404213";"0";"0"
"SCRIPT_API";"dw.util.Locale#getLanguage()";"10";"18108";"18108";"162";"162"
"SCRIPT_API";"dw.util.Locale#getLocale(String)";"119";"322667";"322667";"11744";"11744"
"SCRIPT_API";"dw.util.Map#get(Object)";"33";"122166";"122166";"490";"490"
"SCRIPT_API";"dw.util.Map#keySet()";"16";"37293";"37293";"683";"683"
"SCRIPT_API";"dw.util.Map#put(Object,Object)";"77";"169806";"169806";"3976";"3976"
"SCRIPT_API";"dw.util.SecureEncoder#forHtmlInDoubleQuoteAttribute(String)";"32";"33911";"33911";"627";"627"
"SCRIPT_API";"dw.util.SeekableIterator#asList(Number,Number)";"44";"2895988";"2895988";"0";"0"
"SCRIPT_API";"dw.util.StringUtils#formatInteger(Number)";"2";"125568";"125568";"0";"0"
"SCRIPT_API";"dw.util.StringUtils#formatMoney(dw.value.Money)";"156";"2769200";"2769200";"0";"0"
"SCRIPT_API";"dw.util.StringUtils#formatNumber(Number,String,String)";"19";"332320";"332320";"0";"0"
"SCRIPT_API";"dw.util.Template#render(dw.util.Map)";"52";"23500471";"6381340";"0";"0"
"SCRIPT_API";"dw.util.Template(String)";"52";"98926";"98926";"1468";"1468"
"SCRIPT_API";"dw.util.UUIDUtils#createUUID()";"1";"29877";"29877";"6";"6"
"SCRIPT_API";"dw.value.EnumValue#getDisplayValue()";"7";"8408";"8408";"217";"217"
"SCRIPT_API";"dw.value.EnumValue#getValue()";"8";"10214";"10214";"158";"158"
"SCRIPT_API";"dw.value.MimeEncodedText#getText()";"52";"70157";"70157";"1509";"1509"
"SCRIPT_API";"dw.value.Money#getCurrencyCode()";"84";"82453";"82453";"1644";"1644"
"SCRIPT_API";"dw.value.Money#getDecimalValue()";"76";"106528";"106528";"2258";"2258"
"SCRIPT_API";"dw.value.Money#getValue()";"201";"141201";"141201";"5013";"5013"
"SCRIPT_API";"dw.value.Money#getValueOrNull()";"73";"114723";"114723";"1397";"1397"
"SCRIPT_API";"dw.value.Money#isAvailable()";"198";"145167";"145167";"5828";"5828"
"SCRIPT_API";"dw.value.Money#subtract(dw.value.Money)";"18";"28754";"28754";"312";"312"
"SCRIPT_API";"dw.value.Money(Number,String)";"46";"109564";"109564";"1374";"1374"
"SCRIPT_API";"dw.value.Quantity#getValue()";"208";"149095";"149095";"4484";"4484"
"SCRIPT_API";"dw.web.CSRFProtection#generateToken()";"88";"3037757";"3037757";"0";"0"
"SCRIPT_API";"dw.web.CSRFProtection#getTokenName()";"88";"249474";"249474";"9376";"9376"
"SCRIPT_API";"dw.web.CSRFProtection#validateRequest()";"5";"321977";"321977";"1057";"1057"
"SCRIPT_API";"dw.web.ClickStream#getClicks()";"1";"7331";"7331";"25";"25"
"SCRIPT_API";"dw.web.ClickStream#isPartial()";"1";"3778";"3778";"3";"3"
"SCRIPT_API";"dw.web.ClickStreamEntry#getHost()";"4";"3080";"3080";"125";"125"
"SCRIPT_API";"dw.web.ClickStreamEntry#getLocale()";"4";"2521";"2521";"53";"53"
"SCRIPT_API";"dw.web.ClickStreamEntry#getPath()";"4";"3422";"3422";"50";"50"
"SCRIPT_API";"dw.web.ClickStreamEntry#getPipelineName()";"4";"3203";"3203";"36";"36"
"SCRIPT_API";"dw.web.ClickStreamEntry#getQueryString()";"4";"59331";"59331";"0";"0"
"SCRIPT_API";"dw.web.ClickStreamEntry#getReferer()";"4";"3210";"3210";"42";"42"
"SCRIPT_API";"dw.web.ClickStreamEntry#getRemoteAddress()";"4";"3790";"3790";"55";"55"
"SCRIPT_API";"dw.web.ClickStreamEntry#getTimestamp()";"4";"5190";"5190";"29";"29"
"SCRIPT_API";"dw.web.ClickStreamEntry#getUrl()";"4";"7185";"7185";"27";"27"
"SCRIPT_API";"dw.web.ClickStreamEntry#getUserAgent()";"4";"3442";"3442";"38";"38"
"SCRIPT_API";"dw.web.FormAction#getDescription()";"32";"33832";"33832";"1527";"1527"
"SCRIPT_API";"dw.web.FormAction#getLabel()";"32";"29765";"29765";"456";"456"
"SCRIPT_API";"dw.web.FormAction#isSubmitted()";"32";"30560";"30560";"385";"385"
"SCRIPT_API";"dw.web.FormAction#isTriggered()";"32";"27112";"27112";"475";"475"
"SCRIPT_API";"dw.web.FormElement#clearFormElement()";"4";"42043";"42043";"110";"110"
"SCRIPT_API";"dw.web.FormElement#getDynamicHtmlName()";"298";"495925";"495925";"3822";"3822"
"SCRIPT_API";"dw.web.FormElement#getHtmlName()";"418";"383735";"383735";"6946";"6946"
"SCRIPT_API";"dw.web.FormElement#isValid()";"298";"4503800";"4503800";"4043027";"4043027"
"SCRIPT_API";"dw.web.FormField#getDescription()";"254";"258528";"258528";"2710";"2710"
"SCRIPT_API";"dw.web.FormField#getError()";"238";"125242";"125242";"5154";"5154"
"SCRIPT_API";"dw.web.FormField#getHtmlValue()";"302";"236907";"236907";"6949";"6949"
"SCRIPT_API";"dw.web.FormField#getLabel()";"440";"339953";"339953";"6906";"6906"
"SCRIPT_API";"dw.web.FormField#getMaxLength()";"194";"108206";"108206";"5190";"5190"
"SCRIPT_API";"dw.web.FormField#getMaxValue()";"8";"10244";"10244";"221";"221"
"SCRIPT_API";"dw.web.FormField#getMinLength()";"194";"108217";"108217";"3582";"3582"
"SCRIPT_API";"dw.web.FormField#getMinValue()";"8";"7887";"7887";"205";"205"
"SCRIPT_API";"dw.web.FormField#getOptions()";"6356";"3124270";"3124270";"119085";"119085"
"SCRIPT_API";"dw.web.FormField#getRegEx()";"194";"108653";"108653";"3295";"3295"
"SCRIPT_API";"dw.web.FormField#getSelectedOption()";"48";"254201";"254201";"0";"0"
"SCRIPT_API";"dw.web.FormField#getType()";"508";"293238";"293238";"17743";"17743"
"SCRIPT_API";"dw.web.FormField#getValue()";"42";"52472";"52472";"3006";"3006"
"SCRIPT_API";"dw.web.FormField#isChecked()";"36";"45731";"45731";"998";"998"
"SCRIPT_API";"dw.web.FormField#isMandatory()";"274";"166596";"166596";"5054";"5054"
"SCRIPT_API";"dw.web.FormField#isSelected()";"36";"34046";"34046";"801";"801"
"SCRIPT_API";"dw.web.FormFieldOption#getHtmlValue()";"824";"1582695";"1582695";"0";"0"
"SCRIPT_API";"dw.web.FormFieldOption#getLabel()";"1648";"1082091";"1082091";"34462";"34462"
"SCRIPT_API";"dw.web.FormFieldOption#getOptionId()";"840";"415676";"415676";"9214";"9214"
"SCRIPT_API";"dw.web.FormFieldOption#getValue()";"824";"459288";"459288";"18530";"18530"
"SCRIPT_API";"dw.web.FormFieldOption#isChecked()";"824";"425919";"425919";"20210";"20210"
"SCRIPT_API";"dw.web.FormFieldOption#isSelected()";"824";"424860";"424860";"20257";"20257"
"SCRIPT_API";"dw.web.FormFieldOptions#getOptionsCount()";"310";"178299";"178299";"4918";"4918"
"SCRIPT_API";"dw.web.FormGroup#getError()";"60";"78889";"78889";"981";"981"
"SCRIPT_API";"dw.web.HttpParameter#getBooleanValue()";"20";"163355";"163355";"21";"21"
"SCRIPT_API";"dw.web.HttpParameter#getDoubleValue()";"4";"12693";"12693";"428";"428"
"SCRIPT_API";"dw.web.HttpParameter#getRawValue()";"296";"211490";"211490";"5559";"5559"
"SCRIPT_API";"dw.web.HttpParameterMap#get(Object)";"154";"120446";"120446";"2135";"2135"
"SCRIPT_API";"dw.web.HttpParameterMap#getParameterNames()";"36";"34229";"34229";"861";"861"
"SCRIPT_API";"dw.web.LoopIterator#getCount()";"44";"55976";"55976";"3582";"3582"
"SCRIPT_API";"dw.web.LoopIterator#getIndex()";"46";"28155";"28155";"1681";"1681"
"SCRIPT_API";"dw.web.LoopIterator#isFirst()";"1";"5202";"5202";"33";"33"
"SCRIPT_API";"dw.web.LoopIterator#isLast()";"2";"3413";"3413";"78";"78"
"SCRIPT_API";"dw.web.PageMetaData#addPageMetaTags(Array)";"2";"33757";"33757";"67";"67"
"SCRIPT_API";"dw.web.PageMetaData#getDescription()";"16";"13023";"13023";"285";"285"
"SCRIPT_API";"dw.web.PageMetaData#getKeywords()";"16";"14525";"14525";"279";"279"
"SCRIPT_API";"dw.web.PageMetaData#getPageMetaTags()";"16";"48248";"48248";"11";"11"
"SCRIPT_API";"dw.web.PageMetaData#getTitle()";"16";"18042";"18042";"664";"664"
"SCRIPT_API";"dw.web.PageMetaTag#getContent()";"3";"6148";"6148";"75";"75"
"SCRIPT_API";"dw.web.PageMetaTag#getID()";"4";"7650";"7650";"121";"121"
"SCRIPT_API";"dw.web.PageMetaTag#isName()";"6";"53332";"53332";"92";"92"
"SCRIPT_API";"dw.web.PageMetaTag#isProperty()";"1";"4246";"4246";"42";"42"
"SCRIPT_API";"dw.web.PageMetaTag#isTitle()";"3";"7220";"7220";"121";"121"
"SCRIPT_API";"dw.web.PagingModel#appendPaging(dw.web.URL)";"2";"19860";"19860";"0";"0"
"SCRIPT_API";"dw.web.PagingModel#getCurrentPage()";"2";"5188";"5188";"202";"202"
"SCRIPT_API";"dw.web.PagingModel#getEnd()";"18";"17013";"17013";"446";"446"
"SCRIPT_API";"dw.web.PagingModel#getPageElements()";"2";"12945";"12945";"52";"52"
"SCRIPT_API";"dw.web.PagingModel#setPageSize(Number)";"4";"6410";"6410";"93";"93"
"SCRIPT_API";"dw.web.PagingModel#setStart(Number)";"6";"11819";"11819";"74";"74"
"SCRIPT_API";"dw.web.PagingModel(dw.util.Iterator,Number)";"4";"22180";"22180";"552";"552"
"SCRIPT_API";"dw.web.Resource#msg(String,String,String)";"1768";"68987947";"68987947";"2539876";"2539876"
"SCRIPT_API";"dw.web.Resource#msgf(String,String,String,Object[])";"78";"8522842";"8522842";"0";"0"
"SCRIPT_API";"dw.web.URL#append(String,String)";"1";"4188";"4188";"31";"31"
"SCRIPT_API";"dw.web.URL#relative()";"39";"123662";"123662";"395";"395"
"SCRIPT_API";"dw.web.URL#toString()";"269";"64092221";"64092221";"53708165";"53708165"
"SCRIPT_API";"dw.web.URLUtils#abs(String,String[])";"12";"100838";"100838";"816";"816"
"SCRIPT_API";"dw.web.URLUtils#https(String,String[])";"22";"163438";"163438";"1376";"1376"
"SCRIPT_API";"dw.web.URLUtils#staticURL(String)";"96";"1032600578";"1032600578";"1022718095";"1022718095"
"SCRIPT_API";"dw.web.URLUtils#url(String,String[])";"635";"2374596";"2374596";"60326";"60326"
"SCRIPT_CONTROLLER";"app_storefront_base/cartridge/controllers/Account.js#Header";"6";"36240317";"27861738";"1868451";"762822"
"SCRIPT_CONTROLLER";"app_storefront_base/cartridge/controllers/Cart.js#AddProduct";"1";"118617724";"50528080";"29354423";"0"
"SCRIPT_CONTROLLER";"app_storefront_base/cartridge/controllers/Cart.js#MiniCart";"3";"21239988";"17333495";"514";"0"
"SCRIPT_CONTROLLER";"app_storefront_base/cartridge/controllers/Cart.js#MiniCartShow";"1";"26698492";"9811978";"0";"0"
"SCRIPT_CONTROLLER";"app_storefront_base/cartridge/controllers/Cart.js#Show";"1";"42992115";"10960810";"8091557";"0"
"SCRIPT_CONTROLLER";"app_storefront_base/cartridge/controllers/Checkout.js#Begin";"1";"110288400";"44107997";"7728653";"150306"
"SCRIPT_CONTROLLER";"app_storefront_base/cartridge/controllers/CheckoutServices.js#PlaceOrder";"1";"95969154";"17761423";"24058591";"1165698"
"SCRIPT_CONTROLLER";"app_storefront_base/cartridge/controllers/CheckoutServices.js#SubmitCustomer";"1";"34859427";"20586118";"3199267";"0"
"SCRIPT_CONTROLLER";"app_storefront_base/cartridge/controllers/CheckoutServices.js#SubmitPayment";"1";"91231375";"22483975";"27805563";"0"
"SCRIPT_CONTROLLER";"app_storefront_base/cartridge/controllers/CheckoutShippingServices.js#SubmitShipping";"2";"111504642";"60990584";"30582760";"20793628"
"SCRIPT_CONTROLLER";"app_storefront_base/cartridge/controllers/CheckoutShippingServices.js#UpdateShippingMethodsList";"1";"51648212";"24316392";"7700063";"0"
"SCRIPT_CONTROLLER";"app_storefront_base/cartridge/controllers/ConsentTracking.js#Check";"4";"13594842";"8821969";"1224191";"0"
"SCRIPT_CONTROLLER";"app_storefront_base/cartridge/controllers/ConsentTracking.js#GetContent";"1";"7988349";"5881034";"3368758";"2201771"
"SCRIPT_CONTROLLER";"app_storefront_base/cartridge/controllers/ConsentTracking.js#SetConsent";"1";"3787040";"2674765";"471";"0"
"SCRIPT_CONTROLLER";"app_storefront_base/cartridge/controllers/Error.js#Start";"1";"6363325";"4140317";"1652";"681"
"SCRIPT_CONTROLLER";"app_storefront_base/cartridge/controllers/Home.js#Show";"1";"1050466131";"13137669";"1014078957";"13966"
"SCRIPT_CONTROLLER";"app_storefront_base/cartridge/controllers/Page.js#Include";"24";"82648011";"48685899";"17600631";"2961925"
"SCRIPT_CONTROLLER";"app_storefront_base/cartridge/controllers/Page.js#IncludeHeaderMenu";"3";"56333793";"13197522";"33219873";"13801"
"SCRIPT_CONTROLLER";"app_storefront_base/cartridge/controllers/Page.js#Locale";"6";"20816634";"17217034";"1647";"0"
"SCRIPT_CONTROLLER";"app_storefront_base/cartridge/controllers/Product.js#ShowQuickView";"1";"44476253";"17288224";"11068169";"0"
"SCRIPT_CONTROLLER";"app_storefront_base/cartridge/controllers/Product.js#Variation";"1";"21702332";"8883927";"5101892";"11488"
"SCRIPT_CONTROLLER";"app_storefront_base/cartridge/controllers/ReportingEvent.js#MiniCart";"1";"6138297";"4788209";"167";"0"
"SCRIPT_CONTROLLER";"app_storefront_base/cartridge/controllers/ReportingEvent.js#Start";"4";"5857548";"4802346";"789";"0"
"SCRIPT_CONTROLLER";"app_storefront_base/cartridge/controllers/Search.js#Refinebar";"1";"6742966";"3447338";"172";"0"
"SCRIPT_CONTROLLER";"app_storefront_base/cartridge/controllers/Search.js#Show";"1";"342487748";"32566935";"235347731";"25652"
"SCRIPT_CONTROLLER";"app_storefront_base/cartridge/controllers/Tile.js#Show";"17";"414249630";"160059259";"140342507";"49278"
"SCRIPT_CONTROLLER";"bm_mailchimp/cartridge/controllers/changeStatus.js#updateCustomer";"31";"754384180";"85939249";"657264069";"14154646"
"SCRIPT_CONTROLLER";"bm_mailchimp/cartridge/controllers/customerInfo.js#start";"44";"441925344";"86463291";"75251563";"8708916"
"SCRIPT_HOOK";"app_storefront_base/cartridge/scripts/hooks/cart/calculate.js#calculate";"8";"66889975";"7291915";"16329240";"18592"
"SCRIPT_HOOK";"app_storefront_base/cartridge/scripts/hooks/cart/calculate.js#calculateShipping";"8";"2590250";"406181";"0";"4891"
"SCRIPT_HOOK";"app_storefront_base/cartridge/scripts/hooks/cart/calculate.js#calculateTax";"8";"10652577";"8023596";"419740";"412010"
"SCRIPT_HOOK";"app_storefront_base/cartridge/scripts/hooks/payment/processor/basic_credit#Handle";"1";"24301710";"4189979";"12977481";"0"
"SCRIPT_HOOK";"app_storefront_base/cartridge/scripts/hooks/payment/processor/basic_credit_form_processor#processForm";"1";"4720893";"4409399";"419952";"415957"
"SCRIPT_HOOK";"app_storefront_base/cartridge/scripts/hooks/payment/processor/basic_credit_form_processor#savePaymentInformation";"1";"56824";"51748";"17";"0"
"SF_PAGE";"/Sites-RefArch-Site/en_US/Account-Header";"6";"37354813";"1114496";"1873020";"4569"
"SF_PAGE";"/Sites-RefArch-Site/en_US/Cart-AddProduct";"1";"125203339";"6585615";"34246354";"4891931"
"SF_PAGE";"/Sites-RefArch-Site/en_US/Cart-MiniCart";"3";"21726697";"486709";"2836";"2322"
"SF_PAGE";"/Sites-RefArch-Site/en_US/Cart-MiniCartShow";"1";"26894821";"196329";"768";"1024"
"SF_PAGE";"/Sites-RefArch-Site/en_US/Cart-Show";"1";"43215518";"223403";"8092227";"670"
"SF_PAGE";"/Sites-RefArch-Site/en_US/Checkout-Begin";"1";"110507894";"219494";"7729407";"754"
"SF_PAGE";"/Sites-RefArch-Site/en_US/CheckoutServices-PlaceOrder";"1";"111489787";"9157308";"25226202";"1165959"
"SF_PAGE";"/Sites-RefArch-Site/en_US/CheckoutServices-SubmitCustomer";"1";"40808858";"5949431";"8108258";"4908991"
"SF_PAGE";"/Sites-RefArch-Site/en_US/CheckoutServices-SubmitPayment";"1";"95068056";"3836681";"30342047";"2536484"
"SF_PAGE";"/Sites-RefArch-Site/en_US/CheckoutShippingServices-SubmitShipping";"2";"118143820";"6639178";"35130206";"4547446"
"SF_PAGE";"/Sites-RefArch-Site/en_US/CheckoutShippingServices-UpdateShippingMethodsList";"1";"55661295";"4013083";"10592791";"2892728"
"SF_PAGE";"/Sites-RefArch-Site/en_US/ConsentTracking-Check";"4";"14257080";"662238";"1226702";"2511"
"SF_PAGE";"/Sites-RefArch-Site/en_US/ConsentTracking-GetContent";"1";"8194301";"205952";"3369768";"1010"
"SF_PAGE";"/Sites-RefArch-Site/en_US/ConsentTracking-SetConsent";"1";"4085228";"298188";"1470";"999"
"SF_PAGE";"/Sites-RefArch-Site/en_US/Home-Show";"1";"1051612173";"1146042";"1014707375";"628418"
"SF_PAGE";"/Sites-RefArch-Site/en_US/Page-Include";"24";"86112158";"3464147";"17617891";"17260"
"SF_PAGE";"/Sites-RefArch-Site/en_US/Page-IncludeHeaderMenu";"3";"56818668";"484875";"33222131";"2258"
"SF_PAGE";"/Sites-RefArch-Site/en_US/Page-Locale";"6";"21853860";"1037226";"6853";"5206"
"SF_PAGE";"/Sites-RefArch-Site/en_US/Product-ShowQuickView";"1";"44789838";"313585";"11069258";"1089"
"SF_PAGE";"/Sites-RefArch-Site/en_US/Product-Variation";"1";"22029826";"327494";"5102832";"940"
"SF_PAGE";"/Sites-RefArch-Site/en_US/ReportingEvent-MiniCart";"1";"6334746";"196449";"604";"437"
"SF_PAGE";"/Sites-RefArch-Site/en_US/ReportingEvent-Start";"4";"6478378";"620830";"4038";"3249"
"SF_PAGE";"/Sites-RefArch-Site/en_US/Search-Refinebar";"1";"6894105";"151139";"1097";"925"
"SF_PAGE";"/Sites-RefArch-Site/en_US/Search-Show";"1";"342736464";"248716";"235348941";"1210"
"SF_PAGE";"/Sites-RefArch-Site/en_US/Tile-Show";"17";"417928164";"3678534";"140356870";"14363"
"SF_PAGE";"/Sites-RefArch-Site/en_US/__SYSTEM__Slot-Render";"12";"112212951";"64404989";"83984519";"52305183"
"SF_PAGE";"/Sites-RefArch-Site/en_US/__SYSTEM__Slot-Request";"13";"108812970";"108812970";"87368217";"87368217"
"SF_PAGE";"/Sites-RefArch-Site/en_US/__SYSTEM__StorefrontToolkit-Start";"4";"3093955";"3093955";"2451";"2451"
