"Type";"Name";"Count";"TotalTime";"OwnTime";"TotalWaitTime";"OwnWaitTime"
"ISML";"app_storefront_base/default//account/login";"1";"27587238";"2148636";"12687116";"0"
"ISML";"app_storefront_base/default//common/consent";"8";"3447908";"3004942";"2508";"0"
"ISML";"app_storefront_base/default//common/htmlHead";"24";"132544963";"15788968";"85400069";"24575"
"ISML";"app_storefront_base/default//common/scripts";"48";"5007585";"3546174";"0";"0"
"ISML";"app_storefront_base/default//components/content/contentAsset";"141";"4950048";"4619944";"3694";"2632"
"ISML";"app_storefront_base/default//components/content/offlineContent";"53";"1719551";"1719551";"2283";"2283"
"ISML";"app_storefront_base/default//components/footer/pageFooter";"24";"10993824";"5502965";"5757";"629"
"ISML";"app_storefront_base/default//components/header/countrySelector";"13";"2115858";"2115858";"2848";"2848"
"ISML";"app_storefront_base/default//components/header/menu";"13";"10091319";"7698878";"2934";"4449"
"ISML";"app_storefront_base/default//components/header/miniCart";"13";"5740088";"4449867";"3327";"0"
"ISML";"app_storefront_base/default//components/header/mobileCountrySelector";"13";"1909192";"1909192";"3623";"3623"
"ISML";"app_storefront_base/default//components/header/pageHeader";"21";"49054229";"10382368";"19605928";"0"
"ISML";"app_storefront_base/default//components/header/pageHeaderNomenu";"3";"4447158";"764164";"2122309";"3415"
"ISML";"app_storefront_base/default//components/header/skipNav";"24";"3510310";"1476710";"3167";"4857"
"ISML";"app_storefront_base/default//components/modules";"24";"296251";"296251";"2621";"2621"
"ISML";"app_storefront_base/default//components/schema";"21";"1523231";"1523231";"18661";"18661"
"ISML";"app_storefront_base/default//product/components/pricing/default";"132";"17157173";"9936964";"9918";"3743"
"ISML";"app_storefront_base/default//product/components/pricing/formatted";"137";"2184194";"2184194";"8587";"8587"
"ISML";"app_storefront_base/default//product/components/pricing/main";"8";"907342";"360477";"1102";"567"
"ISML";"app_storefront_base/default//reporting/reporting";"23";"931942";"931942";"1725";"1725"
"ISML";"app_storefront_base/default//reporting/reportingUrls";"3";"935264";"935264";"115";"115"
"ISML";"app_storefront_base/default//search/searchRefineBar";"5";"3954828";"1464698";"1768";"1583"
"ISML";"app_storefront_base/default/account/components/loginForm";"1";"378304";"324385";"575";"0"
"ISML";"app_storefront_base/default/account/components/navTabs";"1";"121336";"103548";"545";"474"
"ISML";"app_storefront_base/default/account/components/oauth";"1";"192790";"166806";"511";"176"
"ISML";"app_storefront_base/default/account/components/registerForm";"1";"2398921";"733419";"263";"22"
"ISML";"app_storefront_base/default/account/components/trackOrderForm";"1";"506263";"407250";"616";"0"
"ISML";"app_storefront_base/default/account/components/trackOrderFormBillingZipCode";"1";"64759";"54686";"644";"535"
"ISML";"app_storefront_base/default/account/header";"13";"10578241";"3669088";"3395";"5505"
"ISML";"app_storefront_base/default/account/mobileHeader";"13";"3608564";"2865649";"3424";"2482"
"ISML";"app_storefront_base/default/account/password/passwordResetForm";"1";"174971";"147084";"391";"108"
"ISML";"app_storefront_base/default/account/password/requestPasswordResetModal";"1";"437258";"250629";"523";"0"
"ISML";"app_storefront_base/default/cart/cart";"1";"17965547";"1797325";"6962008";"0"
"ISML";"app_storefront_base/default/cart/cartApproachingDiscount";"1";"56471";"55064";"357";"327"
"ISML";"app_storefront_base/default/cart/cartCouponDisplay";"35";"3150219";"3150219";"5196";"5196"
"ISML";"app_storefront_base/default/cart/cartPromoCode";"1";"251034";"137299";"382";"437"
"ISML";"app_storefront_base/default/cart/cartRemoveCouponModal";"1";"190261";"98302";"541";"374"
"ISML";"app_storefront_base/default/cart/cartRemoveProductModal";"5";"689758";"330963";"903";"1301"
"ISML";"app_storefront_base/default/cart/cartShippingMethodSelection";"1";"240115";"207395";"288";"315"
"ISML";"app_storefront_base/default/cart/cartTotals";"1";"823183";"215836";"251";"774"
"ISML";"app_storefront_base/default/cart/checkoutButtons";"5";"647636";"476893";"984";"786"
"ISML";"app_storefront_base/default/cart/productCard/cartProductCard";"1";"2056443";"689237";"624";"0"
"ISML";"app_storefront_base/default/cart/productCard/cartProductCardAvailability";"8";"473120";"473120";"31";"31"
"ISML";"app_storefront_base/default/cart/productCard/cartProductCardEdit";"1";"221222";"124125";"406";"219"
"ISML";"app_storefront_base/default/cart/productCard/cartProductCardHeader";"1";"312160";"193334";"705";"18"
"ISML";"app_storefront_base/default/cart/productCard/cartProductCardProductPrice";"1";"717742";"203159";"352";"0"
"ISML";"app_storefront_base/default/checkout/addressSummary";"22";"1473625";"1473625";"909";"909"
"ISML";"app_storefront_base/default/checkout/billing/addressSelector";"3";"989944";"798757";"955";"22"
"ISML";"app_storefront_base/default/checkout/billing/addressSelectorShipping";"3";"98615";"98615";"810";"810"
"ISML";"app_storefront_base/default/checkout/billing/billing";"3";"18813394";"2174000";"3416688";"0"
"ISML";"app_storefront_base/default/checkout/billing/billingAddress";"3";"4665968";"4038321";"838";"0"
"ISML";"app_storefront_base/default/checkout/billing/billingSummary";"7";"3712086";"1833859";"1697";"498"
"ISML";"app_storefront_base/default/checkout/billing/creditCardForm";"3";"3101905";"2586931";"744";"0"
"ISML";"app_storefront_base/default/checkout/billing/paymentOptions";"3";"10466764";"992437";"3416807";"0"
"ISML";"app_storefront_base/default/checkout/billing/paymentOptions/creditCardContent";"3";"3749717";"647812";"1089";"345"
"ISML";"app_storefront_base/default/checkout/billing/paymentOptions/creditCardSummary";"4";"376297";"231421";"1520";"1537"
"ISML";"app_storefront_base/default/checkout/billing/paymentOptions/creditCardTab";"3";"4551311";"251123";"3416562";"2736"
"ISML";"app_storefront_base/default/checkout/billing/paymentOptions/paymentOptionsContent";"3";"4316788";"567071";"1007";"0"
"ISML";"app_storefront_base/default/checkout/billing/paymentOptions/paymentOptionsSummary";"7";"1264319";"888022";"1294";"0"
"ISML";"app_storefront_base/default/checkout/billing/paymentOptions/paymentOptionsTabs";"3";"5157539";"606228";"3416513";"0"
"ISML";"app_storefront_base/default/checkout/cart/miniCart";"4";"11702900";"3357195";"1221";"1429"
"ISML";"app_storefront_base/default/checkout/checkout";"3";"99354671";"7443576";"13031687";"0"
"ISML";"app_storefront_base/default/checkout/confirmation/confirmation";"4";"85336833";"7815732";"29390262";"0"
"ISML";"app_storefront_base/default/checkout/confirmation/confirmationCreateAccount";"4";"4180750";"3484185";"1061478";"1059038"
"ISML";"app_storefront_base/default/checkout/confirmation/confirmationCreateAccountExtension";"4";"86715";"86715";"1189";"1189"
"ISML";"app_storefront_base/default/checkout/confirmation/confirmationDetails";"4";"13114429";"2627264";"991";"0"
"ISML";"app_storefront_base/default/checkout/confirmation/confirmationEmail";"4";"10477740";"5325141";"1442";"0"
"ISML";"app_storefront_base/default/checkout/confirmation/confirmationOrderTotal";"4";"941935";"669223";"1288";"488"
"ISML";"app_storefront_base/default/checkout/confirmation/confirmationPaymentInfo";"4";"660515";"537721";"555";"0"
"ISML";"app_storefront_base/default/checkout/confirmation/shippingTitle";"4";"327589";"238453";"1550";"1288"
"ISML";"app_storefront_base/default/checkout/customer/customer";"3";"8771879";"1116617";"1018";"0"
"ISML";"app_storefront_base/default/checkout/customer/customerCard";"3";"1867883";"1320884";"875";"0"
"ISML";"app_storefront_base/default/checkout/customer/customerOAuthCard";"3";"5657270";"640065";"1011";"3616"
"ISML";"app_storefront_base/default/checkout/customer/customerSummary";"3";"342177";"264165";"1284";"1776"
"ISML";"app_storefront_base/default/checkout/orderProductSummary";"7";"6515817";"1507393";"1533";"1310"
"ISML";"app_storefront_base/default/checkout/orderTotalSummary";"7";"1880982";"1230642";"1801";"1808"
"ISML";"app_storefront_base/default/checkout/productCard/productCard";"11";"11129171";"6335664";"2699";"0"
"ISML";"app_storefront_base/default/checkout/productCard/productCardProductName";"10";"201137";"201137";"1680";"1680"
"ISML";"app_storefront_base/default/checkout/productCard/productCardProductNameAndRemove";"4";"524344";"382932";"1685";"1802"
"ISML";"app_storefront_base/default/checkout/productCard/productCardProductPromotions";"5";"121624";"121624";"886";"886"
"ISML";"app_storefront_base/default/checkout/productCard/productCardProductRenderedTotalPrice";"68";"14528690";"11529957";"8362";"7294"
"ISML";"app_storefront_base/default/checkout/productCard/productCardProductTotalPrice";"80";"3336007";"3336007";"1550";"1550"
"ISML";"app_storefront_base/default/checkout/productCard/productCardQuantityDisplay";"7";"705346";"534615";"1054";"941"
"ISML";"app_storefront_base/default/checkout/productCard/productCardQuantitySelector";"5";"1600372";"1090474";"898";"0"
"ISML";"app_storefront_base/default/checkout/productCard/productShippingCard";"3";"629247";"559926";"919";"318"
"ISML";"app_storefront_base/default/checkout/shipping/giftMessageSummary";"13";"882217";"549674";"2229";"1509"
"ISML";"app_storefront_base/default/checkout/shipping/isGift";"6";"1362657";"972216";"1252";"0"
"ISML";"app_storefront_base/default/checkout/shipping/multiShipCheckbox";"3";"169939";"169939";"7978";"7978"
"ISML";"app_storefront_base/default/checkout/shipping/multiShippingButtons";"6";"937383";"427372";"909";"789"
"ISML";"app_storefront_base/default/checkout/shipping/selectedShippingMethod";"34";"1650065";"1650065";"1038";"1038"
"ISML";"app_storefront_base/default/checkout/shipping/shipmentCard";"6";"27218449";"4332889";"981";"0"
"ISML";"app_storefront_base/default/checkout/shipping/shipmentSelector";"6";"2063187";"1053493";"922";"0"
"ISML";"app_storefront_base/default/checkout/shipping/shipmentSelectorOptions";"6";"597155";"424019";"1103";"540"
"ISML";"app_storefront_base/default/checkout/shipping/shipping";"3";"29847269";"1711177";"7517";"0"
"ISML";"app_storefront_base/default/checkout/shipping/shippingAddress";"6";"12829791";"7503202";"654";"0"
"ISML";"app_storefront_base/default/checkout/shipping/shippingAddressTemplate";"3";"329360";"174605";"996";"935"
"ISML";"app_storefront_base/default/checkout/shipping/shippingCard";"6";"1327697";"896688";"1689";"916"
"ISML";"app_storefront_base/default/checkout/shipping/shippingMethod";"6";"4204210";"2511555";"1276";"0"
"ISML";"app_storefront_base/default/checkout/shipping/shippingSummary";"7";"8152171";"3245940";"2012";"0"
"ISML";"app_storefront_base/default/checkout/shipping/shippingTitle";"7";"450470";"275723";"1790";"1767"
"ISML";"app_storefront_base/default/common/layout/checkout";"3";"21926349";"3651444";"9607414";"0"
"ISML";"app_storefront_base/default/common/layout/page";"21";"215968948";"28564351";"98046130";"499860"
"ISML";"app_storefront_base/default/components/breadcrumbs/pageBreadcrumbs";"1";"163513";"160729";"586";"443"
"ISML";"app_storefront_base/default/components/content/contentAssetInc";"41";"12440266";"12440266";"0";"0"
"ISML";"app_storefront_base/default/components/deleteButton";"2";"199477";"112967";"796";"936"
"ISML";"app_storefront_base/default/components/header/menuItem";"13";"1049912";"1049912";"2891";"2891"
"ISML";"app_storefront_base/default/components/header/search";"42";"7810263";"4541750";"60161";"23910"
"ISML";"app_storefront_base/default/error";"8";"32624334";"3576256";"63016";"9778"
"ISML";"app_storefront_base/default/error/notFound";"1";"77199809";"61457038";"8543266";"1146474"
"ISML";"app_storefront_base/default/home/homePage";"1";"17057355";"806805";"6077123";"100"
"ISML";"app_storefront_base/default/product/components/addToCartGlobal";"3";"440244";"359057";"630";"0"
"ISML";"app_storefront_base/default/product/components/attributes";"3";"179211";"179211";"322";"322"
"ISML";"app_storefront_base/default/product/components/attributesPre";"3";"836170";"656959";"1057";"735"
"ISML";"app_storefront_base/default/product/components/availability";"6";"567303";"331993";"1286";"1100"
"ISML";"app_storefront_base/default/product/components/imageCarousel";"3";"1092914";"840367";"996";"0"
"ISML";"app_storefront_base/default/product/components/mainAttributes";"3";"138400";"138400";"315";"315"
"ISML";"app_storefront_base/default/product/components/options";"3";"301834";"301834";"414";"414"
"ISML";"app_storefront_base/default/product/components/pricing/ajaxMain";"61";"23685981";"13263483";"7260";"1038"
"ISML";"app_storefront_base/default/product/components/pricing/main";"124";"23763513";"7153205";"9851";"468"
"ISML";"app_storefront_base/default/product/components/productRating";"60";"2900023";"2900023";"0";"0"
"ISML";"app_storefront_base/default/product/components/productTileImage";"60";"9196267";"5399323";"5223";"12042"
"ISML";"app_storefront_base/default/product/components/productTileName";"60";"1522337";"1522337";"2837";"2837"
"ISML";"app_storefront_base/default/product/components/productTileSwatch";"60";"6378565";"6228070";"1778";"0"
"ISML";"app_storefront_base/default/product/components/promotions";"6";"371979";"371979";"1021";"1021"
"ISML";"app_storefront_base/default/product/components/quantity";"6";"1318956";"1199104";"0";"0"
"ISML";"app_storefront_base/default/product/components/ratings";"60";"6102318";"3202295";"3056";"6051"
"ISML";"app_storefront_base/default/product/components/variationAttribute";"6";"1477242";"1191208";"437";"0"
"ISML";"app_storefront_base/default/product/gridTile";"60";"68132218";"13243594";"3717";"0"
"ISML";"app_storefront_base/default/product/productTile";"60";"54888624";"13159797";"7326";"0"
"ISML";"app_storefront_base/default/product/productTileFooter";"60";"11620579";"3107529";"2486";"6125"
"ISML";"app_storefront_base/default/product/quickView";"3";"10008701";"4440751";"814";"0"
"ISML";"app_storefront_base/default/reporting/reportingUrls";"12";"1502517";"1502517";"0";"0"
"ISML";"app_storefront_base/default/search/components/productTiles";"5";"161191529";"160515632";"48594887";"48519296"
"ISML";"app_storefront_base/default/search/filterBar";"5";"821229";"671527";"2002";"1370"
"ISML";"app_storefront_base/default/search/productGrid";"5";"163456779";"2021636";"48594951";"12"
"ISML";"app_storefront_base/default/search/resultsCount";"10";"14897725";"6638696";"2698729";"2159491"
"ISML";"app_storefront_base/default/search/searchResults";"5";"257528651";"4200105";"87843389";"0"
"ISML";"app_storefront_base/default/search/searchResultsNoDecorator";"5";"183600144";"4262830";"51291973";"0"
"ISML";"app_storefront_base/default/search/sortOrderMenu";"5";"1307202";"1136301";"1582";"1006"
"ISML";"app_storefront_base/default/slots/content/contentAssetBody";"8";"4726830";"4598890";"4307";"3948"
"ISML";"app_storefront_base/default/slots/content/htmlSlotContainer";"8";"5663726";"1362732";"7298";"4225"
"ISML";"app_storefront_base/default/slots/htmlSlotContainer";"8";"4300994";"4128212";"3073";"2681"
"ISML";"bm_mailchimp/default/displayCustomers";"19";"138469656";"125509188";"16996599";"16322797"
"ONREQUEST";"/Sites-Mailchimp-Site/default/Cart-AddProduct";"2";"1772037";"1772037";"0";"0"
"ONREQUEST";"/Sites-Mailchimp-Site/default/Cart-MiniCartShow";"3";"2555073";"2555073";"1941";"1941"
"ONREQUEST";"/Sites-Mailchimp-Site/default/Cart-Show";"1";"886865";"886865";"52";"52"
"ONREQUEST";"/Sites-Mailchimp-Site/default/Checkout-Begin";"2";"1716021";"1716021";"1035";"1035"
"ONREQUEST";"/Sites-Mailchimp-Site/default/CheckoutServices-PlaceOrder";"2";"1637372";"1637372";"933";"933"
"ONREQUEST";"/Sites-Mailchimp-Site/default/CheckoutServices-SubmitCustomer";"5";"22668101";"22668101";"7900567";"7900567"
"ONREQUEST";"/Sites-Mailchimp-Site/default/CheckoutServices-SubmitPayment";"2";"2686944";"2686944";"524";"524"
"ONREQUEST";"/Sites-Mailchimp-Site/default/CheckoutShippingServices-SubmitShipping";"3";"2711688";"2711688";"0";"0"
"ONREQUEST";"/Sites-Mailchimp-Site/default/CheckoutShippingServices-UpdateShippingMethodsList";"2";"2277771";"2277771";"574";"574"
"ONREQUEST";"/Sites-Mailchimp-Site/default/Home-Show";"1";"2416313";"2416313";"1078802";"1078802"
"ONREQUEST";"/Sites-Mailchimp-Site/default/Login-Logout";"1";"31714520";"31714520";"24624703";"24624703"
"ONREQUEST";"/Sites-Mailchimp-Site/default/Order-Confirm";"2";"5422414";"5422414";"3001";"3001"
"ONREQUEST";"/Sites-Mailchimp-Site/default/Product-ShowQuickView";"2";"1625823";"1625823";"512";"512"
"ONREQUEST";"/Sites-Mailchimp-Site/default/Product-Variation";"2";"2122697";"2122697";"306";"306"
"ONREQUEST";"/Sites-Mailchimp-Site/default/ReportingEvent-MiniCart";"2";"1865866";"1865866";"139";"139"
"ONREQUEST";"/Sites-Mailchimp-Site/default/Search-Show";"2";"24709975";"24709975";"19423878";"19423878"
"ONREQUEST";"/Sites-Mailchimp-Site/default/__Analytics-Start";"16";"20958279";"20958279";"16388";"16388"
"ONREQUEST";"/Sites-Mailchimp-Site/default/__SYSTEM__StorefrontToolkit-Start";"8";"7973945";"7973945";"6466";"6466"
"ONREQUEST";"/Sites-RefArch-Site/en_US/Cart-AddProduct";"1";"840731";"840731";"677";"677"
"ONREQUEST";"/Sites-RefArch-Site/en_US/Cart-MiniCartShow";"1";"794841";"794841";"632";"632"
"ONREQUEST";"/Sites-RefArch-Site/en_US/Checkout-Begin";"1";"905862";"905862";"636";"636"
"ONREQUEST";"/Sites-RefArch-Site/en_US/CheckoutServices-PlaceOrder";"2";"13057761";"13057761";"9799071";"9799071"
"ONREQUEST";"/Sites-RefArch-Site/en_US/CheckoutServices-SubmitCustomer";"1";"930982";"930982";"257";"257"
"ONREQUEST";"/Sites-RefArch-Site/en_US/CheckoutServices-SubmitPayment";"2";"3700627";"3700627";"608";"608"
"ONREQUEST";"/Sites-RefArch-Site/en_US/CheckoutShippingServices-SubmitShipping";"1";"820051";"820051";"356";"356"
"ONREQUEST";"/Sites-RefArch-Site/en_US/CheckoutShippingServices-UpdateShippingMethodsList";"1";"2609438";"2609438";"1398";"1398"
"ONREQUEST";"/Sites-RefArch-Site/en_US/ConsentTracking-GetContent";"1";"736684";"736684";"0";"0"
"ONREQUEST";"/Sites-RefArch-Site/en_US/ConsentTracking-SetConsent";"1";"1000200";"1000200";"1465";"1465"
"ONREQUEST";"/Sites-RefArch-Site/en_US/Home-ErrorNotFound";"1";"13773707";"13773707";"8009561";"8009561"
"ONREQUEST";"/Sites-RefArch-Site/en_US/Login-Show";"1";"33484461";"33484461";"28298178";"28298178"
"ONREQUEST";"/Sites-RefArch-Site/en_US/Order-Confirm";"2";"1640858";"1640858";"0";"0"
"ONREQUEST";"/Sites-RefArch-Site/en_US/Product-ShowQuickView";"1";"856072";"856072";"359";"359"
"ONREQUEST";"/Sites-RefArch-Site/en_US/Product-Variation";"1";"798829";"798829";"432";"432"
"ONREQUEST";"/Sites-RefArch-Site/en_US/ReportingEvent-MiniCart";"1";"827723";"827723";"1007";"1007"
"ONREQUEST";"/Sites-RefArch-Site/en_US/Search-Show";"3";"42155917";"42155917";"30213294";"30213294"
"ONREQUEST";"/Sites-RefArch-Site/en_US/__Analytics-Start";"12";"19813150";"19813150";"7022";"7022"
"ONREQUEST";"/Sites-RefArch-Site/en_US/__SYSTEM__StorefrontToolkit-Start";"6";"9658328";"9658328";"5865";"5865"
"SCRIPT_API";"dw.campaign.DiscountPlan#getApproachingOrderDiscounts()";"8";"42631";"42631";"109";"109"
"SCRIPT_API";"dw.campaign.DiscountPlan#getApproachingShippingDiscounts(dw.order.Shipment)";"8";"61973";"61973";"0";"0"
"SCRIPT_API";"dw.campaign.Promotion#getID()";"12";"13102";"13102";"249";"249"
"SCRIPT_API";"dw.campaign.PromotionMgr#applyDiscounts(dw.order.LineItemCtnr)";"52";"77187881";"77187881";"37813620";"37813620"
"SCRIPT_API";"dw.campaign.PromotionMgr#getActiveCustomerPromotions()";"79";"9241933";"9241933";"0";"0"
"SCRIPT_API";"dw.campaign.PromotionMgr#getDiscounts(dw.order.LineItemCtnr)";"8";"3821118";"3821118";"0";"0"
"SCRIPT_API";"dw.campaign.PromotionPlan#getProductPromotions()";"5";"432559";"432559";"0";"0"
"SCRIPT_API";"dw.campaign.PromotionPlan#getProductPromotions(dw.catalog.Product)";"74";"7121257";"7121257";"33724";"33724"
"SCRIPT_API";"dw.campaign.SlotContent#getContent()";"16";"86688";"86688";"0";"0"
"SCRIPT_API";"dw.catalog.Catalog#getRoot()";"23";"339746";"339746";"0";"0"
"SCRIPT_API";"dw.catalog.CatalogMgr#getCategory(String)";"15";"430533";"430533";"2325";"2325"
"SCRIPT_API";"dw.catalog.CatalogMgr#getSiteCatalog()";"23";"381270";"381270";"10033";"10033"
"SCRIPT_API";"dw.catalog.CatalogMgr#getSortingOptions()";"10";"4290392";"4290392";"3237244";"3237244"
"SCRIPT_API";"dw.catalog.Category#getDefaultSortingRule()";"16";"1096996";"1096996";"0";"0"
"SCRIPT_API";"dw.catalog.Category#getDisplayName()";"36";"1010245";"1010245";"0";"0"
"SCRIPT_API";"dw.catalog.Category#getID()";"72";"121952";"121952";"2644";"2644"
"SCRIPT_API";"dw.catalog.Category#getImage()";"10";"46033";"46033";"763";"763"
"SCRIPT_API";"dw.catalog.Category#getOnlineSubCategories()";"39";"28081058";"28081058";"21433044";"21433044"
"SCRIPT_API";"dw.catalog.Category#getPageDescription()";"10";"123570";"123570";"0";"0"
"SCRIPT_API";"dw.catalog.Category#getPageKeywords()";"10";"114671";"114671";"0";"0"
"SCRIPT_API";"dw.catalog.Category#getPageTitle()";"10";"188011";"188011";"0";"0"
"SCRIPT_API";"dw.catalog.Category#getTemplate()";"5";"39858";"39858";"0";"0"
"SCRIPT_API";"dw.catalog.Category#hasOnlineProducts()";"104";"116051992";"116051992";"102633161";"102633161"
"SCRIPT_API";"dw.catalog.Category#hasOnlineSubCategories()";"91";"1140869";"1140869";"0";"0"
"SCRIPT_API";"dw.catalog.Category#isOnline()";"10";"108859";"108859";"0";"0"
"SCRIPT_API";"dw.catalog.PriceBook#getID()";"178";"199939";"199939";"3528";"3528"
"SCRIPT_API";"dw.catalog.PriceBook#getParentPriceBook()";"128";"236603";"236603";"3513";"3513"
"SCRIPT_API";"dw.catalog.PriceBookMgr#getApplicablePriceBooks()";"5";"50049";"50049";"0";"0"
"SCRIPT_API";"dw.catalog.PriceBookMgr#setApplicablePriceBooks(dw.catalog.PriceBook[])";"10";"84488";"84488";"72";"72"
"SCRIPT_API";"dw.catalog.Product#getAttributeModel()";"6";"1964088";"1964088";"0";"0"
"SCRIPT_API";"dw.catalog.Product#getAvailabilityModel()";"247";"8552309";"8552309";"4955571";"4955571"
"SCRIPT_API";"dw.catalog.Product#getBrand()";"63";"150755";"150755";"2013";"2013"
"SCRIPT_API";"dw.catalog.Product#getID()";"279";"454940";"454940";"9468";"9468"
"SCRIPT_API";"dw.catalog.Product#getImages(String)";"128";"18979472";"18979472";"0";"0"
"SCRIPT_API";"dw.catalog.Product#getLongDescription()";"6";"345596";"345596";"0";"0"
"SCRIPT_API";"dw.catalog.Product#getMinOrderQuantity()";"128";"298244";"298244";"6127";"6127"
"SCRIPT_API";"dw.catalog.Product#getName()";"63";"1716264";"1716264";"0";"0"
"SCRIPT_API";"dw.catalog.Product#getOptionModel()";"77";"886582";"886582";"0";"0"
"SCRIPT_API";"dw.catalog.Product#getPageDescription()";"3";"39548";"39548";"28";"28"
"SCRIPT_API";"dw.catalog.Product#getPageKeywords()";"3";"32440";"32440";"0";"0"
"SCRIPT_API";"dw.catalog.Product#getPageMetaTags()";"6";"339845";"339845";"0";"0"
"SCRIPT_API";"dw.catalog.Product#getPageTitle()";"3";"74229";"74229";"90";"90"
"SCRIPT_API";"dw.catalog.Product#getPriceModel()";"115";"55063783";"55063783";"37366936";"37366936"
"SCRIPT_API";"dw.catalog.Product#getPriceModel(dw.catalog.ProductOptionModel)";"58";"4742110";"4742110";"0";"0"
"SCRIPT_API";"dw.catalog.Product#getPrimaryCategory()";"9";"223359";"223359";"2516";"2516"
"SCRIPT_API";"dw.catalog.Product#getShortDescription()";"6";"131185";"131185";"0";"0"
"SCRIPT_API";"dw.catalog.Product#getStepQuantity()";"6";"44808";"44808";"129";"129"
"SCRIPT_API";"dw.catalog.Product#getTemplate()";"3";"10587";"10587";"220";"220"
"SCRIPT_API";"dw.catalog.Product#getVariationModel()";"104";"3227162";"3227162";"0";"0"
"SCRIPT_API";"dw.catalog.Product#isBundle()";"6";"26749";"26749";"254";"254"
"SCRIPT_API";"dw.catalog.Product#isMaster()";"262";"379926";"379926";"8322";"8322"
"SCRIPT_API";"dw.catalog.Product#isOnline()";"33";"1836819";"1836819";"0";"0"
"SCRIPT_API";"dw.catalog.Product#isVariant()";"71";"115986";"115986";"0";"0"
"SCRIPT_API";"dw.catalog.Product#isVariationGroup()";"110";"134317";"134317";"1539";"1539"
"SCRIPT_API";"dw.catalog.ProductAttributeModel#getVisibleAttributeGroups()";"6";"111807";"111807";"963";"963"
"SCRIPT_API";"dw.catalog.ProductAvailabilityLevels#getBackorder()";"58";"72925";"72925";"956";"956"
"SCRIPT_API";"dw.catalog.ProductAvailabilityLevels#getInStock()";"116";"105647";"105647";"2944";"2944"
"SCRIPT_API";"dw.catalog.ProductAvailabilityLevels#getNotAvailable()";"85";"129782";"129782";"19212";"19212"
"SCRIPT_API";"dw.catalog.ProductAvailabilityLevels#getPreorder()";"58";"87565";"87565";"1614";"1614"
"SCRIPT_API";"dw.catalog.ProductAvailabilityModel#getAvailabilityLevels(Number)";"85";"4406347";"4406347";"0";"0"
"SCRIPT_API";"dw.catalog.ProductAvailabilityModel#getInventoryRecord()";"168";"240188";"240188";"2783";"2783"
"SCRIPT_API";"dw.catalog.ProductAvailabilityModel#isOrderable(Number)";"110";"2222557";"2222557";"0";"0"
"SCRIPT_API";"dw.catalog.ProductInventoryRecord#getATS()";"55";"1180324";"1180324";"0";"0"
"SCRIPT_API";"dw.catalog.ProductInventoryRecord#getInStockDate()";"55";"105321";"105321";"1411";"1411"
"SCRIPT_API";"dw.catalog.ProductInventoryRecord#isPerpetual()";"55";"86234";"86234";"549";"549"
"SCRIPT_API";"dw.catalog.ProductMgr#getProduct(String)";"137";"1878763";"1878763";"958";"958"
"SCRIPT_API";"dw.catalog.ProductOptionModel#getOptions()";"157";"549736";"549736";"3334";"3334"
"SCRIPT_API";"dw.catalog.ProductPriceInfo#getPriceBook()";"178";"267404";"267404";"3186";"3186"
"SCRIPT_API";"dw.catalog.ProductPriceModel#getPrice()";"116";"647305";"647305";"2447";"2447"
"SCRIPT_API";"dw.catalog.ProductPriceModel#getPrice(dw.value.Quantity)";"52";"1871107";"1871107";"0";"0"
"SCRIPT_API";"dw.catalog.ProductPriceModel#getPriceBookPrice(String)";"58";"7065257";"7065257";"4525686";"4525686"
"SCRIPT_API";"dw.catalog.ProductPriceModel#getPriceInfo()";"238";"3437410";"3437410";"0";"0"
"SCRIPT_API";"dw.catalog.ProductPriceModel#getPriceTable()";"58";"4749181";"4749181";"2446566";"2446566"
"SCRIPT_API";"dw.catalog.ProductPriceModel#isPriceRange()";"3";"5502184";"5502184";"4033557";"4033557"
"SCRIPT_API";"dw.catalog.ProductPriceTable#getQuantities()";"58";"255206";"255206";"610";"610"
"SCRIPT_API";"dw.catalog.ProductSearchHit#getDiscountedPromotionIDs()";"60";"3437693";"3437693";"390";"390"
"SCRIPT_API";"dw.catalog.ProductSearchHit#getFirstRepresentedProduct()";"60";"940157";"940157";"3702";"3702"
"SCRIPT_API";"dw.catalog.ProductSearchHit#getMaxPrice()";"125";"313978";"313978";"0";"0"
"SCRIPT_API";"dw.catalog.ProductSearchHit#getMinPrice()";"125";"741969";"741969";"965";"965"
"SCRIPT_API";"dw.catalog.ProductSearchHit#getProduct()";"5";"39979";"39979";"0";"0"
"SCRIPT_API";"dw.catalog.ProductSearchHit#getProductID()";"240";"196891";"196891";"6964";"6964"
"SCRIPT_API";"dw.catalog.ProductSearchHit#getRepresentedVariationValues(Object)";"60";"4489070";"4489070";"0";"0"
"SCRIPT_API";"dw.catalog.ProductSearchModel#getCategory()";"110";"105427";"105427";"4473";"4473"
"SCRIPT_API";"dw.catalog.ProductSearchModel#getPageMetaTags()";"10";"409470";"409470";"0";"0"
"SCRIPT_API";"dw.catalog.ProductSearchModel#getProductSearchHit(dw.catalog.Product)";"65";"21031595";"21031595";"0";"0"
"SCRIPT_API";"dw.catalog.ProductSearchModel#getProductSearchHits()";"20";"7183580";"7183580";"0";"0"
"SCRIPT_API";"dw.catalog.ProductSearchModel#getRefinements()";"20";"1068378";"1068378";"0";"0"
"SCRIPT_API";"dw.catalog.ProductSearchModel#getSearchPhraseSuggestions()";"10";"77036";"77036";"172";"172"
"SCRIPT_API";"dw.catalog.ProductSearchModel#isCategorySearch()";"20";"34609";"34609";"363";"363"
"SCRIPT_API";"dw.catalog.ProductSearchModel#isPersonalizedSort()";"5";"30552";"30552";"174";"174"
"SCRIPT_API";"dw.catalog.ProductSearchModel#isRefinedCategorySearch()";"10";"37698";"37698";"260";"260"
"SCRIPT_API";"dw.catalog.ProductSearchModel#search()";"75";"145967521";"145967521";"77416485";"77416485"
"SCRIPT_API";"dw.catalog.ProductSearchModel#setCategoryID(String)";"10";"50359";"50359";"0";"0"
"SCRIPT_API";"dw.catalog.ProductSearchModel#setPriceMax(Number)";"10";"20566";"20566";"41";"41"
"SCRIPT_API";"dw.catalog.ProductSearchModel#setPriceMin(Number)";"10";"26410";"26410";"21";"21"
"SCRIPT_API";"dw.catalog.ProductSearchModel#setRecursiveCategorySearch(Boolean)";"10";"27888";"27888";"180";"180"
"SCRIPT_API";"dw.catalog.ProductSearchModel#urlSortingRule(String,dw.catalog.SortingRule)";"48";"424965";"424965";"0";"0"
"SCRIPT_API";"dw.catalog.ProductSearchModel()";"75";"13110271";"13110271";"3750226";"3750226"
"SCRIPT_API";"dw.catalog.ProductVariationAttribute#getAttributeID()";"456";"656847";"656847";"64722";"64722"
"SCRIPT_API";"dw.catalog.ProductVariationAttribute#getDisplayName()";"148";"4037916";"4037916";"469894";"469894"
"SCRIPT_API";"dw.catalog.ProductVariationAttribute#getID()";"323";"313248";"313248";"5856";"5856"
"SCRIPT_API";"dw.catalog.ProductVariationAttributeValue#equals(Object)";"287";"400634";"400634";"9525";"9525"
"SCRIPT_API";"dw.catalog.ProductVariationAttributeValue#getDescription()";"356";"1582489";"1582489";"0";"0"
"SCRIPT_API";"dw.catalog.ProductVariationAttributeValue#getDisplayValue()";"646";"3187989";"3187989";"0";"0"
"SCRIPT_API";"dw.catalog.ProductVariationAttributeValue#getID()";"371";"475856";"475856";"9572";"9572"
"SCRIPT_API";"dw.catalog.ProductVariationAttributeValue#getImage(String,Number)";"60";"5774134";"5774134";"0";"0"
"SCRIPT_API";"dw.catalog.ProductVariationAttributeValue#getImages(String)";"74";"6286565";"6286565";"0";"0"
"SCRIPT_API";"dw.catalog.ProductVariationAttributeValue#getValue()";"425";"2180456";"2180456";"0";"0"
"SCRIPT_API";"dw.catalog.ProductVariationModel#getAllValues(dw.catalog.ProductVariationAttribute)";"169";"1772216";"1772216";"0";"0"
"SCRIPT_API";"dw.catalog.ProductVariationModel#getImages(String)";"12";"2407967";"2407967";"0";"0"
"SCRIPT_API";"dw.catalog.ProductVariationModel#getMaster()";"74";"168035";"168035";"2098";"2098"
"SCRIPT_API";"dw.catalog.ProductVariationModel#getProductVariationAttributes()";"86";"721070";"721070";"4003";"4003"
"SCRIPT_API";"dw.catalog.ProductVariationModel#getSelectedValue(dw.catalog.ProductVariationAttribute)";"148";"2679449";"2679449";"0";"0"
"SCRIPT_API";"dw.catalog.ProductVariationModel#getSelectedVariant()";"80";"375020";"375020";"2780";"2780"
"SCRIPT_API";"dw.catalog.ProductVariationModel#getVariants()";"6";"185339";"185339";"0";"0"
"SCRIPT_API";"dw.catalog.ProductVariationModel#hasOrderableVariants(dw.catalog.ProductVariationAttribute,dw.catalog.ProductVariationAttributeValue)";"296";"18893657";"18893657";"0";"0"
"SCRIPT_API";"dw.catalog.ProductVariationModel#setSelectedAttributeValue(String,String)";"9";"60541";"60541";"0";"0"
"SCRIPT_API";"dw.catalog.ProductVariationModel#url(String,Object[])";"6";"111384";"111384";"0";"0"
"SCRIPT_API";"dw.catalog.ProductVariationModel#urlSelectVariationValue(String,dw.catalog.ProductVariationAttribute,dw.catalog.ProductVariationAttributeValue)";"151";"3976655";"3976655";"0";"0"
"SCRIPT_API";"dw.catalog.ProductVariationModel#urlUnselectVariationValue(String,dw.catalog.ProductVariationAttribute)";"145";"6874437";"6874437";"0";"0"
"SCRIPT_API";"dw.catalog.SearchModel#getCount()";"95";"921096";"921096";"2755";"2755"
"SCRIPT_API";"dw.catalog.SearchModel#getSearchPhrase()";"10";"26599";"26599";"228";"228"
"SCRIPT_API";"dw.catalog.SearchModel#setSearchPhrase(String)";"65";"218898";"218898";"706";"706"
"SCRIPT_API";"dw.catalog.SearchModel#url(String)";"20";"217748";"217748";"0";"0"
"SCRIPT_API";"dw.catalog.SearchRefinements#getRefinementDefinitions()";"10";"139617";"139617";"0";"0"
"SCRIPT_API";"dw.catalog.SortingOption#getDisplayName()";"48";"490271";"490271";"0";"0"
"SCRIPT_API";"dw.catalog.SortingOption#getID()";"48";"55969";"55969";"303";"303"
"SCRIPT_API";"dw.catalog.SortingOption#getSortingRule()";"48";"258506";"258506";"187";"187"
"SCRIPT_API";"dw.catalog.SortingRule#getID()";"6";"19069";"19069";"126";"126"
"SCRIPT_API";"dw.catalog.Variant#getBrand()";"71";"304380";"304380";"417";"417"
"SCRIPT_API";"dw.catalog.Variant#getLongDescription()";"6";"253406";"253406";"0";"0"
"SCRIPT_API";"dw.catalog.Variant#getMasterProduct()";"3";"12339";"12339";"33";"33"
"SCRIPT_API";"dw.catalog.Variant#getName()";"71";"2299697";"2299697";"0";"0"
"SCRIPT_API";"dw.catalog.Variant#getPageDescription()";"3";"64385";"64385";"0";"0"
"SCRIPT_API";"dw.catalog.Variant#getPageKeywords()";"3";"48960";"48960";"0";"0"
"SCRIPT_API";"dw.catalog.Variant#getPageTitle()";"3";"115859";"115859";"0";"0"
"SCRIPT_API";"dw.catalog.Variant#getShortDescription()";"6";"149876";"149876";"0";"0"
"SCRIPT_API";"dw.catalog.Variant#getTemplate()";"3";"21226";"21226";"4";"4"
"SCRIPT_API";"dw.content.Content#getID()";"41";"100366";"100366";"706";"706"
"SCRIPT_API";"dw.content.Content#getName()";"41";"736126";"736126";"0";"0"
"SCRIPT_API";"dw.content.Content#getPageDescription()";"41";"431355";"431355";"0";"0"
"SCRIPT_API";"dw.content.Content#getPageKeywords()";"41";"460059";"460059";"36930";"36930"
"SCRIPT_API";"dw.content.Content#getPageMetaTags()";"41";"690001";"690001";"0";"0"
"SCRIPT_API";"dw.content.Content#getPageTitle()";"41";"505154";"505154";"0";"0"
"SCRIPT_API";"dw.content.Content#getTemplate()";"41";"59364";"59364";"879";"879"
"SCRIPT_API";"dw.content.Content#isOnline()";"56";"2781994";"2781994";"0";"0"
"SCRIPT_API";"dw.content.ContentMgr#getContent(String)";"134";"3596175";"3596175";"4140";"4140"
"SCRIPT_API";"dw.content.MarkupText#getMarkup()";"20";"233838";"233838";"463";"463"
"SCRIPT_API";"dw.content.MediaFile#getAbsURL()";"226";"2924638";"2924638";"0";"0"
"SCRIPT_API";"dw.content.MediaFile#getAlt()";"286";"369301";"369301";"8499";"8499"
"SCRIPT_API";"dw.content.MediaFile#getTitle()";"286";"343374";"343374";"7650";"7650"
"SCRIPT_API";"dw.content.MediaFile#getURL()";"286";"276246553";"276246553";"227693163";"227693163"
"SCRIPT_API";"dw.customer.Customer#getAddressBook()";"20";"55135";"55135";"449";"449"
"SCRIPT_API";"dw.customer.Customer#getExternalProfiles()";"50";"258069";"258069";"0";"0"
"SCRIPT_API";"dw.customer.Customer#getID()";"8";"16377";"16377";"168";"168"
"SCRIPT_API";"dw.customer.Customer#getOrderHistory()";"4";"326297";"326297";"0";"0"
"SCRIPT_API";"dw.customer.Customer#getProfile()";"92";"278936";"278936";"9144";"9144"
"SCRIPT_API";"dw.customer.Customer#isAuthenticated()";"26";"55972";"55972";"1377";"1377"
"SCRIPT_API";"dw.customer.Customer#isExternallyAuthenticated()";"18";"82687";"82687";"438";"438"
"SCRIPT_API";"dw.customer.CustomerMgr#createCustomer(String,String)";"4";"40458021";"40458021";"21817956";"21817956"
"SCRIPT_API";"dw.customer.CustomerMgr#getCustomerByCustomerNumber(String)";"4";"277746";"277746";"0";"0"
"SCRIPT_API";"dw.customer.CustomerMgr#logoutCustomer(Boolean)";"1";"976396";"976396";"603005";"603005"
"SCRIPT_API";"dw.customer.CustomerMgr#searchProfiles(String,String,Object[])";"22";"41578568";"41578568";"25196638";"25196638"
"SCRIPT_API";"dw.customer.OrderHistory#getOrderCount()";"4";"13067";"13067";"62";"62"
"SCRIPT_API";"dw.customer.Profile#getCustomerNo()";"178";"286279";"286279";"24927";"24927"
"SCRIPT_API";"dw.customer.Profile#getEmail()";"89";"127339";"127339";"3582";"3582"
"SCRIPT_API";"dw.customer.Profile#setEmail(String)";"2";"128265";"128265";"0";"0"
"SCRIPT_API";"dw.experience.PageMgr#getPage(String)";"1";"44934";"44934";"0";"0"
"SCRIPT_API";"dw.experience.PageMgr#getPageByCategory(dw.catalog.Category,Boolean,String)";"10";"12891447";"12891447";"9329669";"9329669"
"SCRIPT_API";"dw.io.PrintWriter#print(String)";"31";"414108";"414108";"11758";"11758"
"SCRIPT_API";"dw.net.Mail#addTo(String)";"4";"14599";"14599";"310";"310"
"SCRIPT_API";"dw.net.Mail#send()";"4";"881669";"881669";"0";"0"
"SCRIPT_API";"dw.net.Mail#setContent(String,String,String)";"4";"19831";"19831";"29";"29"
"SCRIPT_API";"dw.net.Mail#setFrom(String)";"4";"7055";"7055";"93";"93"
"SCRIPT_API";"dw.net.Mail#setSubject(String)";"4";"6550";"6550";"0";"0"
"SCRIPT_API";"dw.net.Mail()";"4";"34300";"34300";"1302";"1302"
"SCRIPT_API";"dw.object.ExtensibleObject#getCustom()";"1427";"5010967";"5010967";"33549";"33549"
"SCRIPT_API";"dw.object.PersistentObject#getCreationDate()";"30";"122989";"122989";"932";"932"
"SCRIPT_API";"dw.object.PersistentObject#getUUID()";"547";"1773459";"1773459";"721871";"721871"
"SCRIPT_API";"dw.order.BasketMgr#getCurrentBasket()";"103";"12497043";"12497043";"2917928";"2917928"
"SCRIPT_API";"dw.order.BasketMgr#getCurrentOrNewBasket()";"6";"2851735";"2851735";"705";"705"
"SCRIPT_API";"dw.order.LineItem#getBasePrice()";"4";"18687";"18687";"0";"0"
"SCRIPT_API";"dw.order.LineItem#getGrossPrice()";"4";"12881";"12881";"16";"16"
"SCRIPT_API";"dw.order.LineItem#getLineItemText()";"104";"147662";"147662";"2953";"2953"
"SCRIPT_API";"dw.order.LineItem#getNetPrice()";"4";"12469";"12469";"64";"64"
"SCRIPT_API";"dw.order.LineItem#getTax()";"4";"11268";"11268";"25";"25"
"SCRIPT_API";"dw.order.LineItem#getTaxClassID()";"156";"195738";"195738";"3055";"3055"
"SCRIPT_API";"dw.order.LineItem#getTaxRate()";"104";"140999";"140999";"1135";"1135"
"SCRIPT_API";"dw.order.LineItem#updateTax(Number)";"52";"2120726";"2120726";"0";"0"
"SCRIPT_API";"dw.order.LineItemCtnr#createBillingAddress()";"3";"237929";"237929";"0";"0"
"SCRIPT_API";"dw.order.LineItemCtnr#createPaymentInstrument(String,dw.value.Money)";"4";"562902";"562902";"0";"0"
"SCRIPT_API";"dw.order.LineItemCtnr#createProductLineItem(dw.catalog.Product,dw.catalog.ProductOptionModel,dw.order.Shipment)";"3";"6478719";"6478719";"1198026";"1198026"
"SCRIPT_API";"dw.order.LineItemCtnr#getAdjustedMerchandizeTotalGrossPrice()";"4";"14348";"14348";"0";"0"
"SCRIPT_API";"dw.order.LineItemCtnr#getAdjustedMerchandizeTotalNetPrice()";"4";"21052";"21052";"0";"0"
"SCRIPT_API";"dw.order.LineItemCtnr#getAdjustedMerchandizeTotalPrice(Boolean)";"118";"1388559";"1388559";"0";"0"
"SCRIPT_API";"dw.order.LineItemCtnr#getAdjustedMerchandizeTotalTax()";"4";"13262";"13262";"0";"0"
"SCRIPT_API";"dw.order.LineItemCtnr#getAdjustedShippingTotalGrossPrice()";"4";"12717";"12717";"0";"0"
"SCRIPT_API";"dw.order.LineItemCtnr#getAdjustedShippingTotalNetPrice()";"4";"14414";"14414";"0";"0"
"SCRIPT_API";"dw.order.LineItemCtnr#getAdjustedShippingTotalPrice()";"42";"274237";"274237";"0";"0"
"SCRIPT_API";"dw.order.LineItemCtnr#getAdjustedShippingTotalTax()";"4";"12638";"12638";"0";"0"
"SCRIPT_API";"dw.order.LineItemCtnr#getAllLineItems()";"37";"312384";"312384";"1837";"1837"
"SCRIPT_API";"dw.order.LineItemCtnr#getAllProductLineItems()";"52";"400260";"400260";"0";"0"
"SCRIPT_API";"dw.order.LineItemCtnr#getAllShippingPriceAdjustments()";"34";"182342";"182342";"42";"42"
"SCRIPT_API";"dw.order.LineItemCtnr#getBillingAddress()";"100";"657347";"657347";"1843";"1843"
"SCRIPT_API";"dw.order.LineItemCtnr#getBonusDiscountLineItems()";"58";"405077";"405077";"1096";"1096"
"SCRIPT_API";"dw.order.LineItemCtnr#getBonusLineItems()";"16";"115111";"115111";"0";"0"
"SCRIPT_API";"dw.order.LineItemCtnr#getCouponLineItems()";"46";"221744";"221744";"943";"943"
"SCRIPT_API";"dw.order.LineItemCtnr#getCurrencyCode()";"16";"65357";"65357";"1248";"1248"
"SCRIPT_API";"dw.order.LineItemCtnr#getCustomer()";"31";"267638";"267638";"1095";"1095"
"SCRIPT_API";"dw.order.LineItemCtnr#getCustomerEmail()";"41";"240678";"240678";"1243";"1243"
"SCRIPT_API";"dw.order.LineItemCtnr#getDefaultShipment()";"30";"145424";"145424";"930";"930"
"SCRIPT_API";"dw.order.LineItemCtnr#getGiftCertificateLineItems()";"26";"224872";"224872";"4088";"4088"
"SCRIPT_API";"dw.order.LineItemCtnr#getMerchandizeTotalGrossPrice()";"4";"14888";"14888";"17";"17"
"SCRIPT_API";"dw.order.LineItemCtnr#getMerchandizeTotalNetPrice()";"4";"26724";"26724";"25";"25"
"SCRIPT_API";"dw.order.LineItemCtnr#getMerchandizeTotalPrice()";"20";"417223";"417223";"0";"0"
"SCRIPT_API";"dw.order.LineItemCtnr#getMerchandizeTotalTax()";"4";"19344";"19344";"143";"143"
"SCRIPT_API";"dw.order.LineItemCtnr#getPaymentInstruments()";"42";"553542";"553542";"0";"0"
"SCRIPT_API";"dw.order.LineItemCtnr#getPaymentInstruments(String)";"4";"141426";"141426";"200";"200"
"SCRIPT_API";"dw.order.LineItemCtnr#getPriceAdjustments()";"72";"366172";"366172";"306";"306"
"SCRIPT_API";"dw.order.LineItemCtnr#getProductLineItems()";"95";"1105843";"1105843";"2071";"2071"
"SCRIPT_API";"dw.order.LineItemCtnr#getProductQuantities()";"52";"1525351";"1525351";"5113";"5113"
"SCRIPT_API";"dw.order.LineItemCtnr#getProductQuantityTotal()";"53";"259507";"259507";"1047";"1047"
"SCRIPT_API";"dw.order.LineItemCtnr#getShipments()";"207";"1490917";"1490917";"4538";"4538"
"SCRIPT_API";"dw.order.LineItemCtnr#getShippingPriceAdjustments()";"26";"237801";"237801";"8336";"8336"
"SCRIPT_API";"dw.order.LineItemCtnr#getShippingTotalGrossPrice()";"4";"530533";"530533";"485209";"485209"
"SCRIPT_API";"dw.order.LineItemCtnr#getShippingTotalNetPrice()";"4";"23894";"23894";"0";"0"
"SCRIPT_API";"dw.order.LineItemCtnr#getShippingTotalPrice()";"76";"615475";"615475";"0";"0"
"SCRIPT_API";"dw.order.LineItemCtnr#getShippingTotalTax()";"4";"16803";"16803";"0";"0"
"SCRIPT_API";"dw.order.LineItemCtnr#getTotalGrossPrice()";"80";"371898";"371898";"1795";"1795"
"SCRIPT_API";"dw.order.LineItemCtnr#getTotalNetPrice()";"8";"487901";"487901";"0";"0"
"SCRIPT_API";"dw.order.LineItemCtnr#getTotalTax()";"38";"253860";"253860";"0";"0"
"SCRIPT_API";"dw.order.LineItemCtnr#removePaymentInstrument(dw.order.PaymentInstrument)";"1";"183445";"183445";"0";"0"
"SCRIPT_API";"dw.order.LineItemCtnr#setCustomerEmail(String)";"4";"129281";"129281";"0";"0"
"SCRIPT_API";"dw.order.LineItemCtnr#updateTotals()";"26";"1175512";"1175512";"0";"0"
"SCRIPT_API";"dw.order.Order#getCreatedBy()";"4";"22014";"22014";"54";"54"
"SCRIPT_API";"dw.order.Order#getOrderNo()";"16";"84806";"84806";"988";"988"
"SCRIPT_API";"dw.order.Order#getOrderToken()";"4";"998919";"998919";"0";"0"
"SCRIPT_API";"dw.order.Order#getStatus()";"8";"4919234";"4919234";"3755483";"3755483"
"SCRIPT_API";"dw.order.Order#setConfirmationStatus(Number)";"4";"129963";"129963";"116";"116"
"SCRIPT_API";"dw.order.Order#setExportStatus(Number)";"4";"287502";"287502";"0";"0"
"SCRIPT_API";"dw.order.OrderAddress#getAddress1()";"64";"136242";"136242";"1902";"1902"
"SCRIPT_API";"dw.order.OrderAddress#getAddress2()";"40";"77621";"77621";"804";"804"
"SCRIPT_API";"dw.order.OrderAddress#getCity()";"40";"85385";"85385";"549";"549"
"SCRIPT_API";"dw.order.OrderAddress#getCompanyName()";"37";"95671";"95671";"439";"439"
"SCRIPT_API";"dw.order.OrderAddress#getCountryCode()";"77";"1214861";"1214861";"0";"0"
"SCRIPT_API";"dw.order.OrderAddress#getFirstName()";"60";"108562";"108562";"1063";"1063"
"SCRIPT_API";"dw.order.OrderAddress#getFullName()";"4";"51167";"51167";"0";"0"
"SCRIPT_API";"dw.order.OrderAddress#getJobTitle()";"37";"65843";"65843";"676";"676"
"SCRIPT_API";"dw.order.OrderAddress#getLastName()";"40";"89764";"89764";"531";"531"
"SCRIPT_API";"dw.order.OrderAddress#getPhone()";"43";"79820";"79820";"1458";"1458"
"SCRIPT_API";"dw.order.OrderAddress#getPostBox()";"37";"56486";"56486";"496";"496"
"SCRIPT_API";"dw.order.OrderAddress#getPostalCode()";"40";"72545";"72545";"777";"777"
"SCRIPT_API";"dw.order.OrderAddress#getSalutation()";"37";"55228";"55228";"752";"752"
"SCRIPT_API";"dw.order.OrderAddress#getSecondName()";"37";"105978";"105978";"150";"150"
"SCRIPT_API";"dw.order.OrderAddress#getStateCode()";"40";"111869";"111869";"336";"336"
"SCRIPT_API";"dw.order.OrderAddress#getSuffix()";"37";"75299";"75299";"185";"185"
"SCRIPT_API";"dw.order.OrderAddress#getSuite()";"37";"72075";"72075";"385";"385"
"SCRIPT_API";"dw.order.OrderAddress#getTitle()";"37";"72045";"72045";"520";"520"
"SCRIPT_API";"dw.order.OrderAddress#isEquivalentAddress(Object)";"17";"289675";"289675";"0";"0"
"SCRIPT_API";"dw.order.OrderAddress#setAddress1(String)";"14";"39763";"39763";"266";"266"
"SCRIPT_API";"dw.order.OrderAddress#setAddress2(String)";"14";"32711";"32711";"195";"195"
"SCRIPT_API";"dw.order.OrderAddress#setCity(String)";"14";"39642";"39642";"255";"255"
"SCRIPT_API";"dw.order.OrderAddress#setCountryCode(String)";"14";"36740";"36740";"118";"118"
"SCRIPT_API";"dw.order.OrderAddress#setFirstName(String)";"14";"145553";"145553";"461";"461"
"SCRIPT_API";"dw.order.OrderAddress#setLastName(String)";"14";"60271";"60271";"212";"212"
"SCRIPT_API";"dw.order.OrderAddress#setPhone(String)";"14";"31318";"31318";"191";"191"
"SCRIPT_API";"dw.order.OrderAddress#setPostalCode(String)";"14";"36507";"36507";"175";"175"
"SCRIPT_API";"dw.order.OrderAddress#setStateCode(String)";"14";"37086";"37086";"331";"331"
"SCRIPT_API";"dw.order.OrderMgr#createOrder(dw.order.Basket)";"4";"123297837";"123297837";"80232020";"80232020"
"SCRIPT_API";"dw.order.OrderMgr#getOrder(String,String)";"4";"2173682";"2173682";"0";"0"
"SCRIPT_API";"dw.order.OrderMgr#placeOrder(dw.order.Order)";"4";"142515155";"142515155";"105673890";"105673890"
"SCRIPT_API";"dw.order.OrderPaymentInstrument#getPaymentTransaction()";"28";"1391966";"1391966";"0";"0"
"SCRIPT_API";"dw.order.PaymentCard#getCardType()";"104";"128493";"128493";"3330";"3330"
"SCRIPT_API";"dw.order.PaymentCard#getName()";"104";"1371006";"1371006";"0";"0"
"SCRIPT_API";"dw.order.PaymentCard#verify(Number,Number,String,String)";"4";"340511";"340511";"0";"0"
"SCRIPT_API";"dw.order.PaymentInstrument#getCreditCardExpirationMonth()";"12";"50145";"50145";"495";"495"
"SCRIPT_API";"dw.order.PaymentInstrument#getCreditCardExpirationYear()";"12";"54839";"54839";"329";"329"
"SCRIPT_API";"dw.order.PaymentInstrument#getCreditCardHolder()";"12";"50628";"50628";"458";"458"
"SCRIPT_API";"dw.order.PaymentInstrument#getCreditCardNumberLastDigits()";"12";"11838102";"11838102";"6010542";"6010542"
"SCRIPT_API";"dw.order.PaymentInstrument#getCreditCardType()";"16";"46997";"46997";"488";"488"
"SCRIPT_API";"dw.order.PaymentInstrument#getMaskedCreditCardNumber()";"12";"1843342";"1843342";"6188";"6188"
"SCRIPT_API";"dw.order.PaymentInstrument#getPaymentMethod()";"40";"114450";"114450";"1119";"1119"
"SCRIPT_API";"dw.order.PaymentInstrument#setCreditCardExpirationMonth(Number)";"4";"47317";"47317";"0";"0"
"SCRIPT_API";"dw.order.PaymentInstrument#setCreditCardExpirationYear(Number)";"4";"16376";"16376";"0";"0"
"SCRIPT_API";"dw.order.PaymentInstrument#setCreditCardHolder(String)";"4";"143851";"143851";"0";"0"
"SCRIPT_API";"dw.order.PaymentInstrument#setCreditCardNumber(String)";"4";"913005";"913005";"0";"0"
"SCRIPT_API";"dw.order.PaymentInstrument#setCreditCardToken(String)";"4";"380476";"380476";"0";"0"
"SCRIPT_API";"dw.order.PaymentInstrument#setCreditCardType(String)";"4";"22146";"22146";"51";"51"
"SCRIPT_API";"dw.order.PaymentMethod#getApplicablePaymentCards(dw.customer.Customer,String,Number)";"34";"2065598";"2065598";"0";"0"
"SCRIPT_API";"dw.order.PaymentMethod#getID()";"26";"124666";"124666";"459";"459"
"SCRIPT_API";"dw.order.PaymentMethod#getName()";"26";"973154";"973154";"0";"0"
"SCRIPT_API";"dw.order.PaymentMethod#getPaymentProcessor()";"16";"1773978";"1773978";"1224195";"1224195"
"SCRIPT_API";"dw.order.PaymentMgr#getApplicablePaymentMethods(dw.customer.Customer,String,Number)";"30";"11316032";"11316032";"8274477";"8274477"
"SCRIPT_API";"dw.order.PaymentMgr#getPaymentCard(String)";"12";"6739196";"6739196";"5986908";"5986908"
"SCRIPT_API";"dw.order.PaymentMgr#getPaymentMethod(String)";"54";"761978";"761978";"321";"321"
"SCRIPT_API";"dw.order.PaymentProcessor#getID()";"32";"130654";"130654";"218";"218"
"SCRIPT_API";"dw.order.PaymentTransaction#getAmount()";"12";"110538";"110538";"99";"99"
"SCRIPT_API";"dw.order.PaymentTransaction#setAmount(dw.value.Money)";"8";"97198";"97198";"71";"71"
"SCRIPT_API";"dw.order.PaymentTransaction#setPaymentProcessor(dw.order.PaymentProcessor)";"4";"71780";"71780";"0";"0"
"SCRIPT_API";"dw.order.PaymentTransaction#setTransactionID(String)";"4";"133188";"133188";"0";"0"
"SCRIPT_API";"dw.order.ProductLineItem#getAdjustedGrossPrice()";"4";"12339";"12339";"0";"0"
"SCRIPT_API";"dw.order.ProductLineItem#getAdjustedNetPrice()";"4";"19693";"19693";"1";"1"
"SCRIPT_API";"dw.order.ProductLineItem#getAdjustedPrice()";"68";"553902";"553902";"0";"0"
"SCRIPT_API";"dw.order.ProductLineItem#getAdjustedTax()";"4";"14421";"14421";"0";"0"
"SCRIPT_API";"dw.order.ProductLineItem#getManufacturerName()";"4";"8192";"8192";"6";"6"
"SCRIPT_API";"dw.order.ProductLineItem#getOptionProductLineItems()";"204";"1143657";"1143657";"261011";"261011"
"SCRIPT_API";"dw.order.ProductLineItem#getPriceAdjustments()";"148";"1006328";"1006328";"0";"0"
"SCRIPT_API";"dw.order.ProductLineItem#getProduct()";"425";"8102576";"8102576";"0";"0"
"SCRIPT_API";"dw.order.ProductLineItem#getProductID()";"4";"13882";"13882";"189";"189"
"SCRIPT_API";"dw.order.ProductLineItem#getProductInventoryListID()";"52";"150372";"150372";"1099";"1099"
"SCRIPT_API";"dw.order.ProductLineItem#getProductName()";"4";"10604";"10604";"72";"72"
"SCRIPT_API";"dw.order.ProductLineItem#getQuantity()";"143";"424329";"424329";"2516";"2516"
"SCRIPT_API";"dw.order.ProductLineItem#getQuantityValue()";"27";"228720";"228720";"142";"142"
"SCRIPT_API";"dw.order.ProductLineItem#getShipment()";"68";"358188";"358188";"1294";"1294"
"SCRIPT_API";"dw.order.ProductLineItem#isBonusProductLineItem()";"192";"783480";"783480";"427938";"427938"
"SCRIPT_API";"dw.order.ProductLineItem#isBundledProductLineItem()";"52";"75672";"75672";"895";"895"
"SCRIPT_API";"dw.order.ProductLineItem#isCatalogProduct()";"52";"137918";"137918";"879";"879"
"SCRIPT_API";"dw.order.ProductLineItem#isGift()";"68";"268776";"268776";"3725";"3725"
"SCRIPT_API";"dw.order.ProductLineItem#isOptionProductLineItem()";"52";"88185";"88185";"927";"927"
"SCRIPT_API";"dw.order.ProductLineItem#setPriceValue(Number)";"52";"1079362";"1079362";"0";"0"
"SCRIPT_API";"dw.order.ProductLineItem#setQuantityValue(Number)";"3";"80389";"80389";"0";"0"
"SCRIPT_API";"dw.order.Shipment#createShippingAddress()";"3";"347854";"347854";"0";"0"
"SCRIPT_API";"dw.order.Shipment#getAllLineItems()";"26";"295220";"295220";"101";"101"
"SCRIPT_API";"dw.order.Shipment#getGiftMessage()";"34";"108190";"108190";"616";"616"
"SCRIPT_API";"dw.order.Shipment#getProductLineItems()";"49";"404941";"404941";"0";"0"
"SCRIPT_API";"dw.order.Shipment#getShippingAddress()";"213";"610495";"610495";"6462";"6462"
"SCRIPT_API";"dw.order.Shipment#getShippingMethod()";"234";"917411";"917411";"1952";"1952"
"SCRIPT_API";"dw.order.Shipment#getShippingPriceAdjustments()";"12";"118414";"118414";"41";"41"
"SCRIPT_API";"dw.order.Shipment#isGift()";"34";"164503";"164503";"713";"713"
"SCRIPT_API";"dw.order.Shipment#setGift(Boolean)";"4";"22965";"22965";"75";"75"
"SCRIPT_API";"dw.order.Shipment#setGiftMessage(String)";"4";"9490";"9490";"93";"93"
"SCRIPT_API";"dw.order.Shipment#setShippingMethod(dw.order.ShippingMethod)";"10";"105559";"105559";"0";"0"
"SCRIPT_API";"dw.order.ShipmentShippingCost#getAmount()";"372";"270782";"270782";"10881";"10881"
"SCRIPT_API";"dw.order.ShipmentShippingModel#getApplicableShippingMethods()";"44";"21796055";"21796055";"10953173";"10953173"
"SCRIPT_API";"dw.order.ShipmentShippingModel#getShippingCost(dw.order.ShippingMethod)";"186";"13951023";"13951023";"0";"0"
"SCRIPT_API";"dw.order.ShippingLocation(dw.order.OrderAddress)";"15";"1103267";"1103267";"0";"0"
"SCRIPT_API";"dw.order.ShippingMethod#getDescription()";"186";"1487501";"1487501";"0";"0"
"SCRIPT_API";"dw.order.ShippingMethod#getDisplayName()";"186";"2453709";"2453709";"0";"0"
"SCRIPT_API";"dw.order.ShippingMethod#getID()";"574";"558398";"558398";"37467";"37467"
"SCRIPT_API";"dw.order.ShippingMethod#isDefaultMethod()";"186";"231948";"231948";"11120";"11120"
"SCRIPT_API";"dw.order.ShippingMgr#applyShippingCost(dw.order.LineItemCtnr)";"26";"6997303";"6997303";"78371";"78371"
"SCRIPT_API";"dw.order.ShippingMgr#getDefaultShippingMethod()";"10";"306190";"306190";"97";"97"
"SCRIPT_API";"dw.order.ShippingMgr#getShipmentShippingModel(dw.order.Shipment)";"230";"290526";"290526";"8858";"8858"
"SCRIPT_API";"dw.order.TaxMgr#getCustomRateTaxClassID()";"52";"51086";"51086";"1321";"1321"
"SCRIPT_API";"dw.order.TaxMgr#getDefaultTaxJurisdictionID()";"11";"216803";"216803";"0";"0"
"SCRIPT_API";"dw.order.TaxMgr#getTaxJurisdictionID(dw.order.ShippingLocation)";"15";"444992";"444992";"0";"0"
"SCRIPT_API";"dw.order.TaxMgr#getTaxRate(String,String)";"52";"678079";"678079";"30925";"30925"
"SCRIPT_API";"dw.system.HookMgr#callHook(String,String,Object[])";"166";"283525162";"6909017";"101900445";"0"
"SCRIPT_API";"dw.system.HookMgr#hasHook(String)";"1793";"12313485";"12313485";"88101";"88101"
"SCRIPT_API";"dw.system.Logger#debug(String,Object[])";"104";"923511";"923511";"382";"382"
"SCRIPT_API";"dw.system.Logger#warn(String,Object[])";"53";"18859778";"18859778";"8472656";"8472656"
"SCRIPT_API";"dw.system.Request#getGeolocation()";"48";"103308";"103308";"0";"0"
"SCRIPT_API";"dw.system.Request#getHttpHeaders()";"1724";"31063577";"31063577";"0";"0"
"SCRIPT_API";"dw.system.Request#getHttpHost()";"1773";"1962487";"1962487";"30332";"30332"
"SCRIPT_API";"dw.system.Request#getHttpMethod()";"1724";"1351629";"1351629";"31250";"31250"
"SCRIPT_API";"dw.system.Request#getHttpParameterMap()";"90";"161443";"161443";"7226";"7226"
"SCRIPT_API";"dw.system.Request#getHttpPath()";"1724";"2644908";"2644908";"18060";"18060"
"SCRIPT_API";"dw.system.Request#getHttpQueryString()";"2622";"3305196";"3305196";"263130";"263130"
"SCRIPT_API";"dw.system.Request#getLocale()";"2132";"2004903";"2004903";"131155";"131155"
"SCRIPT_API";"dw.system.Request#getPageMetaData()";"50";"70613";"70613";"3583";"3583"
"SCRIPT_API";"dw.system.Request#getRequestID()";"60";"92036";"92036";"1524";"1524"
"SCRIPT_API";"dw.system.Request#isHttpSecure()";"1724";"1699680";"1699680";"56073";"56073"
"SCRIPT_API";"dw.system.Request#isIncludeRequest()";"3448";"2645405";"2645405";"88540";"88540"
"SCRIPT_API";"dw.system.Response#getWriter()";"31";"19431297";"19431297";"0";"0"
"SCRIPT_API";"dw.system.Response#redirect(String,Number)";"1";"21370";"21370";"82";"82"
"SCRIPT_API";"dw.system.Response#redirect(dw.web.URL)";"1";"58509";"58509";"97";"97"
"SCRIPT_API";"dw.system.Response#setContentType(String)";"31";"153192";"153192";"5814";"5814"
"SCRIPT_API";"dw.system.Response#setExpires(Date)";"180";"833034";"833034";"29892";"29892"
"SCRIPT_API";"dw.system.Response#setHttpHeader(String,String)";"3448";"4745909";"4745909";"29073";"29073"
"SCRIPT_API";"dw.system.Response#setStatus(Number)";"11";"60457";"60457";"1292";"1292"
"SCRIPT_API";"dw.system.Response#setVaryBy(String)";"68";"143315";"143315";"1549";"1549"
"SCRIPT_API";"dw.system.Session#getClickStream()";"10";"44393";"44393";"342";"342"
"SCRIPT_API";"dw.system.Session#getCurrency()";"2718";"8599892";"8599892";"4560";"4560"
"SCRIPT_API";"dw.system.Session#getCustom()";"9";"515028";"515028";"0";"0"
"SCRIPT_API";"dw.system.Session#getForms()";"52";"185715";"185715";"20963";"20963"
"SCRIPT_API";"dw.system.Session#getPrivacy()";"247";"512279";"512279";"17168";"17168"
"SCRIPT_API";"dw.system.Session#setTrackingAllowed(Boolean)";"11";"120129";"120129";"3";"3"
"SCRIPT_API";"dw.system.Site#getAllowedLocales()";"26";"184259";"184259";"36";"36"
"SCRIPT_API";"dw.system.Site#getCalendar()";"8";"3387858";"3387858";"2650694";"2650694"
"SCRIPT_API";"dw.system.Site#getCurrent()";"55";"6074446";"6074446";"3785257";"3785257"
"SCRIPT_API";"dw.system.Site#getCustomPreferenceValue(String)";"4";"192799";"192799";"0";"0"
"SCRIPT_API";"dw.system.Site#getID()";"26";"51279";"51279";"1117";"1117"
"SCRIPT_API";"dw.system.Site#getPageMetaTags()";"1";"28068";"28068";"0";"0"
"SCRIPT_API";"dw.system.Site#getPreferences()";"24";"377004";"377004";"0";"0"
"SCRIPT_API";"dw.system.Status#isError()";"4";"666794";"666794";"0";"0"
"SCRIPT_API";"dw.system.Status(Number)";"78";"163378";"163378";"3563";"3563"
"SCRIPT_API";"dw.system.System#getInstanceType()";"54";"111243";"111243";"4560";"4560"
"SCRIPT_API";"dw.system.Transaction#begin()";"4";"53981";"53981";"261";"261"
"SCRIPT_API";"dw.system.Transaction#commit()";"4";"36839958";"36839958";"29527279";"29527279"
"SCRIPT_API";"dw.system.Transaction#wrap(Function)";"79";"582860044";"229556414";"339927350";"179061247"
"SCRIPT_API";"dw.template.ISML#renderTemplate(String,Object)";"318";"951179335";"60747102";"194359746";"12743663"
"SCRIPT_API";"dw.util.ArrayList()";"60";"111232";"111232";"1851";"1851"
"SCRIPT_API";"dw.util.Calendar#getTime()";"8";"23294";"23294";"163";"163"
"SCRIPT_API";"dw.util.Calendar(Date)";"4";"32768";"32768";"60";"60"
"SCRIPT_API";"dw.util.Collection#contains(Object)";"12";"46280";"46280";"324";"324"
"SCRIPT_API";"dw.util.Collection#getLength()";"570";"1006618";"1006618";"18559";"18559"
"SCRIPT_API";"dw.util.Collection#isEmpty()";"52";"65788";"65788";"1415";"1415"
"SCRIPT_API";"dw.util.Collection#iterator()";"1827";"2521419";"2521419";"95036";"95036"
"SCRIPT_API";"dw.util.Collection#size()";"25";"37917";"37917";"204";"204"
"SCRIPT_API";"dw.util.Collection#toArray()";"5";"57396";"57396";"0";"0"
"SCRIPT_API";"dw.util.Currency#getCurrencyCode()";"2021";"1211307";"1211307";"40843";"40843"
"SCRIPT_API";"dw.util.Currency#getDefaultFractionDigits()";"1899";"1216680";"1216680";"30342";"30342"
"SCRIPT_API";"dw.util.Currency#getName()";"1899";"1138619";"1138619";"2687";"2687"
"SCRIPT_API";"dw.util.Currency#getSymbol()";"1899";"1174130";"1174130";"42973";"42973"
"SCRIPT_API";"dw.util.Decimal#get()";"123";"154973";"154973";"2700";"2700"
"SCRIPT_API";"dw.util.Decimal#toString()";"123";"182000";"182000";"2147";"2147"
"SCRIPT_API";"dw.util.Geolocation#getCountryCode()";"8";"24281";"24281";"0";"0"
"SCRIPT_API";"dw.util.Geolocation#getLatitude()";"8";"22696";"22696";"75";"75"
"SCRIPT_API";"dw.util.Geolocation#getLongitude()";"8";"13626";"13626";"185";"185"
"SCRIPT_API";"dw.util.HashMap()";"255";"501271";"501271";"11703";"11703"
"SCRIPT_API";"dw.util.Iterator#hasNext()";"4103";"3677654";"3677654";"115682";"115682"
"SCRIPT_API";"dw.util.Iterator#next()";"2434";"4513471";"4513471";"43711";"43711"
"SCRIPT_API";"dw.util.List#get(Number)";"6";"34292";"34292";"108";"108"
"SCRIPT_API";"dw.util.List#indexOf(Object)";"300";"304298";"304298";"8596";"8596"
"SCRIPT_API";"dw.util.List#size()";"49";"134796";"134796";"2074";"2074"
"SCRIPT_API";"dw.util.Locale#getCountry()";"52";"117351";"117351";"1337";"1337"
"SCRIPT_API";"dw.util.Locale#getDisplayCountry()";"26";"162248";"162248";"703";"703"
"SCRIPT_API";"dw.util.Locale#getDisplayLanguage()";"26";"39101";"39101";"252";"252"
"SCRIPT_API";"dw.util.Locale#getDisplayName()";"26";"342355";"342355";"0";"0"
"SCRIPT_API";"dw.util.Locale#getID()";"2086";"1274935";"1274935";"24774";"24774"
"SCRIPT_API";"dw.util.Locale#getLanguage()";"50";"96165";"96165";"959";"959"
"SCRIPT_API";"dw.util.Locale#getLocale(String)";"409";"1178988";"1178988";"8681";"8681"
"SCRIPT_API";"dw.util.Map#get(Object)";"114";"401346";"401346";"2058";"2058"
"SCRIPT_API";"dw.util.Map#keySet()";"52";"122925";"122925";"1792";"1792"
"SCRIPT_API";"dw.util.Map#put(Object,Object)";"258";"600983";"600983";"14284";"14284"
"SCRIPT_API";"dw.util.SecureEncoder#forHtmlInDoubleQuoteAttribute(String)";"112";"148118";"148118";"1761";"1761"
"SCRIPT_API";"dw.util.SeekableIterator#asList(Number,Number)";"19";"1314622";"1314622";"0";"0"
"SCRIPT_API";"dw.util.SeekableIterator#getCount()";"18";"740370";"740370";"228";"228"
"SCRIPT_API";"dw.util.StringUtils#formatCalendar(dw.util.Calendar,String)";"4";"188949";"188949";"0";"0"
"SCRIPT_API";"dw.util.StringUtils#formatInteger(Number)";"5";"300759";"300759";"12";"12"
"SCRIPT_API";"dw.util.StringUtils#formatMoney(dw.value.Money)";"581";"10122832";"10122832";"446221";"446221"
"SCRIPT_API";"dw.util.StringUtils#formatNumber(Number,String,String)";"147";"1482174";"1482174";"0";"0"
"SCRIPT_API";"dw.util.Template#render(dw.util.Map)";"179";"83172695";"20034681";"0";"0"
"SCRIPT_API";"dw.util.Template(String)";"179";"359868";"359868";"4029";"4029"
"SCRIPT_API";"dw.util.UUIDUtils#createUUID()";"1";"7085";"7085";"28";"28"
"SCRIPT_API";"dw.value.EnumValue#getDisplayValue()";"37";"46582";"46582";"941";"941"
"SCRIPT_API";"dw.value.EnumValue#getValue()";"40";"52205";"52205";"650";"650"
"SCRIPT_API";"dw.value.MimeEncodedText#getText()";"179";"247454";"247454";"5042";"5042"
"SCRIPT_API";"dw.value.Money#getCurrencyCode()";"309";"314389";"314389";"5774";"5774"
"SCRIPT_API";"dw.value.Money#getDecimalValue()";"246";"324069";"324069";"5978";"5978"
"SCRIPT_API";"dw.value.Money#getValue()";"806";"551889";"551889";"20177";"20177"
"SCRIPT_API";"dw.value.Money#getValueOrNull()";"228";"351619";"351619";"4199";"4199"
"SCRIPT_API";"dw.value.Money#isAvailable()";"643";"453172";"453172";"17208";"17208"
"SCRIPT_API";"dw.value.Money#subtract(dw.value.Money)";"68";"109019";"109019";"1189";"1189"
"SCRIPT_API";"dw.value.Money(Number,String)";"186";"441467";"441467";"4747";"4747"
"SCRIPT_API";"dw.value.Quantity#getValue()";"640";"493522";"493522";"16036";"16036"
"SCRIPT_API";"dw.web.CSRFProtection#generateToken()";"90";"3505393";"3505393";"0";"0"
"SCRIPT_API";"dw.web.CSRFProtection#getTokenName()";"90";"251285";"251285";"9020";"9020"
"SCRIPT_API";"dw.web.CSRFProtection#validateRequest()";"13";"912282";"912282";"2586";"2586"
"SCRIPT_API";"dw.web.ClickStream#getClicks()";"5";"1208658";"1208658";"1147493";"1147493"
"SCRIPT_API";"dw.web.ClickStream#isPartial()";"5";"14677";"14677";"11";"11"
"SCRIPT_API";"dw.web.ClickStreamEntry#getHost()";"30";"21363";"21363";"791";"791"
"SCRIPT_API";"dw.web.ClickStreamEntry#getLocale()";"30";"17606";"17606";"334";"334"
"SCRIPT_API";"dw.web.ClickStreamEntry#getPath()";"30";"21926";"21926";"241";"241"
"SCRIPT_API";"dw.web.ClickStreamEntry#getPipelineName()";"30";"21820";"21820";"171";"171"
"SCRIPT_API";"dw.web.ClickStreamEntry#getQueryString()";"30";"100741";"100741";"0";"0"
"SCRIPT_API";"dw.web.ClickStreamEntry#getReferer()";"30";"21192";"21192";"169";"169"
"SCRIPT_API";"dw.web.ClickStreamEntry#getRemoteAddress()";"30";"26158";"26158";"141";"141"
"SCRIPT_API";"dw.web.ClickStreamEntry#getTimestamp()";"30";"29952";"29952";"249";"249"
"SCRIPT_API";"dw.web.ClickStreamEntry#getUrl()";"30";"41141";"41141";"0";"0"
"SCRIPT_API";"dw.web.ClickStreamEntry#getUserAgent()";"30";"22034";"22034";"197";"197"
"SCRIPT_API";"dw.web.FormAction#getDescription()";"91";"102908";"102908";"4137";"4137"
"SCRIPT_API";"dw.web.FormAction#getLabel()";"91";"88104";"88104";"1772";"1772"
"SCRIPT_API";"dw.web.FormAction#isSubmitted()";"91";"92864";"92864";"1121";"1121"
"SCRIPT_API";"dw.web.FormAction#isTriggered()";"91";"84753";"84753";"1430";"1430"
"SCRIPT_API";"dw.web.FormElement#clearFormElement()";"17";"991028";"991028";"728789";"728789"
"SCRIPT_API";"dw.web.FormElement#getDynamicHtmlName()";"941";"1623591";"1623591";"15027";"15027"
"SCRIPT_API";"dw.web.FormElement#getHtmlName()";"1329";"1234325";"1234325";"27758";"27758"
"SCRIPT_API";"dw.web.FormElement#isValid()";"941";"5417477";"5417477";"4311085";"4311085"
"SCRIPT_API";"dw.web.FormField#getDescription()";"796";"867901";"867901";"13831";"13831"
"SCRIPT_API";"dw.web.FormField#getError()";"747";"407549";"407549";"20722";"20722"
"SCRIPT_API";"dw.web.FormField#getHtmlValue()";"971";"749392";"749392";"25830";"25830"
"SCRIPT_API";"dw.web.FormField#getLabel()";"1389";"1107107";"1107107";"25878";"25878"
"SCRIPT_API";"dw.web.FormField#getMaxLength()";"612";"366370";"366370";"20310";"20310"
"SCRIPT_API";"dw.web.FormField#getMaxValue()";"28";"38657";"38657";"944";"944"
"SCRIPT_API";"dw.web.FormField#getMinLength()";"612";"365870";"365870";"15275";"15275"
"SCRIPT_API";"dw.web.FormField#getMinValue()";"28";"49768";"49768";"912";"912"
"SCRIPT_API";"dw.web.FormField#getOptions()";"18916";"10014701";"10014701";"965530";"965530"
"SCRIPT_API";"dw.web.FormField#getRegEx()";"612";"356794";"356794";"13651";"13651"
"SCRIPT_API";"dw.web.FormField#getSelectedOption()";"151";"807711";"807711";"0";"0"
"SCRIPT_API";"dw.web.FormField#getType()";"1606";"980739";"980739";"64831";"64831"
"SCRIPT_API";"dw.web.FormField#getValue()";"120";"145803";"145803";"14404";"14404"
"SCRIPT_API";"dw.web.FormField#isChecked()";"107";"153557";"153557";"3888";"3888"
"SCRIPT_API";"dw.web.FormField#isMandatory()";"854";"504357";"504357";"22104";"22104"
"SCRIPT_API";"dw.web.FormField#isSelected()";"107";"103132";"103132";"2926";"2926"
"SCRIPT_API";"dw.web.FormFieldOption#getHtmlValue()";"2436";"17778598";"17778598";"12413591";"12413591"
"SCRIPT_API";"dw.web.FormFieldOption#getLabel()";"4872";"3359054";"3359054";"102851";"102851"
"SCRIPT_API";"dw.web.FormFieldOption#getOptionId()";"2489";"1297931";"1297931";"81235";"81235"
"SCRIPT_API";"dw.web.FormFieldOption#getValue()";"2436";"1394964";"1394964";"58782";"58782"
"SCRIPT_API";"dw.web.FormFieldOption#isChecked()";"2436";"1359254";"1359254";"78662";"78662"
"SCRIPT_API";"dw.web.FormFieldOption#isSelected()";"2436";"1300262";"1300262";"59931";"59931"
"SCRIPT_API";"dw.web.FormFieldOptions#getOptionsCount()";"981";"594486";"594486";"16887";"16887"
"SCRIPT_API";"dw.web.FormGroup#getError()";"194";"281787";"281787";"3177";"3177"
"SCRIPT_API";"dw.web.HttpParameter#getBooleanValue()";"4";"30597";"30597";"0";"0"
"SCRIPT_API";"dw.web.HttpParameter#getDoubleValue()";"20";"66865";"66865";"720";"720"
"SCRIPT_API";"dw.web.HttpParameter#getRawValue()";"1022";"554482";"554482";"19415";"19415"
"SCRIPT_API";"dw.web.HttpParameterMap#get(Object)";"530";"383485";"383485";"13673";"13673"
"SCRIPT_API";"dw.web.HttpParameterMap#getParameterNames()";"144";"128784";"128784";"4889";"4889"
"SCRIPT_API";"dw.web.LoopIterator#getCount()";"120";"150495";"150495";"9629";"9629"
"SCRIPT_API";"dw.web.LoopIterator#getIndex()";"118";"74603";"74603";"5181";"5181"
"SCRIPT_API";"dw.web.LoopIterator#isFirst()";"7";"33408";"33408";"546";"546"
"SCRIPT_API";"dw.web.LoopIterator#isLast()";"7";"13960";"13960";"429";"429"
"SCRIPT_API";"dw.web.PageMetaData#addPageMetaTags(Array)";"6";"43817";"43817";"251";"251"
"SCRIPT_API";"dw.web.PageMetaData#getDescription()";"68";"60448";"60448";"1414";"1414"
"SCRIPT_API";"dw.web.PageMetaData#getKeywords()";"68";"66944";"66944";"1124";"1124"
"SCRIPT_API";"dw.web.PageMetaData#getPageMetaTags()";"68";"190691";"190691";"364";"364"
"SCRIPT_API";"dw.web.PageMetaData#getTitle()";"68";"96954";"96954";"1991";"1991"
"SCRIPT_API";"dw.web.PagingModel#appendPaging(dw.web.URL)";"10";"103053";"103053";"0";"0"
"SCRIPT_API";"dw.web.PagingModel#getCurrentPage()";"10";"24925";"24925";"304";"304"
"SCRIPT_API";"dw.web.PagingModel#getEnd()";"58";"53579";"53579";"1530";"1530"
"SCRIPT_API";"dw.web.PagingModel#getPageElements()";"10";"67910";"67910";"189";"189"
"SCRIPT_API";"dw.web.PagingModel#setPageSize(Number)";"20";"32498";"32498";"513";"513"
"SCRIPT_API";"dw.web.PagingModel#setStart(Number)";"30";"53862";"53862";"47";"47"
"SCRIPT_API";"dw.web.PagingModel(dw.util.Iterator,Number)";"20";"116731";"116731";"1811";"1811"
"SCRIPT_API";"dw.web.Resource#msg(String,String,String)";"5206";"211765389";"211765389";"1560375";"1560375"
"SCRIPT_API";"dw.web.Resource#msgf(String,String,String,Object[])";"285";"22690812";"22690812";"513266";"513266"
"SCRIPT_API";"dw.web.URL#append(String,String)";"5";"21795";"21795";"69";"69"
"SCRIPT_API";"dw.web.URL#relative()";"136";"400921";"400921";"1172";"1172"
"SCRIPT_API";"dw.web.URL#toString()";"938";"16771666";"16771666";"1052046";"1052046"
"SCRIPT_API";"dw.web.URLRedirect#getLocation()";"1";"7103";"7103";"36";"36"
"SCRIPT_API";"dw.web.URLRedirect#getStatus()";"1";"3470";"3470";"14";"14"
"SCRIPT_API";"dw.web.URLRedirectMgr#getRedirect()";"1";"21316732";"21316732";"10832042";"10832042"
"SCRIPT_API";"dw.web.URLUtils#abs(String,String[])";"60";"165431";"165431";"1043";"1043"
"SCRIPT_API";"dw.web.URLUtils#home()";"1";"27195";"27195";"0";"0"
"SCRIPT_API";"dw.web.URLUtils#https(String,String[])";"80";"663460";"663460";"9196";"9196"
"SCRIPT_API";"dw.web.URLUtils#staticURL(String)";"315";"136327177";"136327177";"107918998";"107918998"
"SCRIPT_API";"dw.web.URLUtils#url(String,String[])";"1066";"4354652";"4354652";"117206";"117206"
"SCRIPT_API";"java.lang.Object#getClass()";"1";"2967";"2967";"50";"50"
"SCRIPT_CONTROLLER";"app_storefront_base/cartridge/controllers/Account.js#Header";"26";"108754219";"78005244";"39427";"0"
"SCRIPT_CONTROLLER";"app_storefront_base/cartridge/controllers/Cart.js#AddProduct";"3";"132783291";"49533149";"25311522";"514287"
"SCRIPT_CONTROLLER";"app_storefront_base/cartridge/controllers/Cart.js#MiniCart";"13";"60314188";"44413406";"950406";"872661"
"SCRIPT_CONTROLLER";"app_storefront_base/cartridge/controllers/Cart.js#MiniCartShow";"4";"110687239";"54380158";"13232704";"13206682"
"SCRIPT_CONTROLLER";"app_storefront_base/cartridge/controllers/Cart.js#Show";"1";"38821404";"10833455";"7101972";"113246"
"SCRIPT_CONTROLLER";"app_storefront_base/cartridge/controllers/Checkout.js#Begin";"3";"312852012";"99921627";"38270807";"0"
"SCRIPT_CONTROLLER";"app_storefront_base/cartridge/controllers/CheckoutServices.js#PlaceOrder";"4";"40311005924";"39687070875";"39994705521";"39597158297"
"SCRIPT_CONTROLLER";"app_storefront_base/cartridge/controllers/CheckoutServices.js#SubmitCustomer";"6";"309190141";"222592944";"33758889";"1264423"
"SCRIPT_CONTROLLER";"app_storefront_base/cartridge/controllers/CheckoutServices.js#SubmitPayment";"4";"328813423";"118007483";"83821568";"225647"
"SCRIPT_CONTROLLER";"app_storefront_base/cartridge/controllers/CheckoutShippingServices.js#SubmitShipping";"4";"167340423";"83019363";"11277756";"0"
"SCRIPT_CONTROLLER";"app_storefront_base/cartridge/controllers/CheckoutShippingServices.js#UpdateShippingMethodsList";"3";"153677430";"82074746";"25482176";"15997591"
"SCRIPT_CONTROLLER";"app_storefront_base/cartridge/controllers/ConsentTracking.js#Check";"16";"46539044";"36573386";"2490544";"2461803"
"SCRIPT_CONTROLLER";"app_storefront_base/cartridge/controllers/ConsentTracking.js#GetContent";"1";"3516920";"2710965";"246";"0"
"SCRIPT_CONTROLLER";"app_storefront_base/cartridge/controllers/ConsentTracking.js#SetConsent";"1";"4169189";"3117590";"416";"0"
"SCRIPT_CONTROLLER";"app_storefront_base/cartridge/controllers/Error.js#Start";"11";"70177917";"15841943";"12850994";"18696"
"SCRIPT_CONTROLLER";"app_storefront_base/cartridge/controllers/Home.js#ErrorNotFound";"1";"82653565";"4175247";"8543743";"0"
"SCRIPT_CONTROLLER";"app_storefront_base/cartridge/controllers/Home.js#Show";"1";"20015478";"2322332";"6077237";"0"
"SCRIPT_CONTROLLER";"app_storefront_base/cartridge/controllers/Login.js#Logout";"1";"4109175";"2818717";"603406";"17915"
"SCRIPT_CONTROLLER";"app_storefront_base/cartridge/controllers/Login.js#Show";"1";"39916351";"9783170";"12687086";"0"
"SCRIPT_CONTROLLER";"app_storefront_base/cartridge/controllers/Order.js#Confirm";"4";"195154895";"72176422";"30237677";"299774"
"SCRIPT_CONTROLLER";"app_storefront_base/cartridge/controllers/Page.js#Include";"93";"239968388";"170290037";"9193116";"470537"
"SCRIPT_CONTROLLER";"app_storefront_base/cartridge/controllers/Page.js#IncludeHeaderMenu";"13";"200259783";"35037174";"124079775";"0"
"SCRIPT_CONTROLLER";"app_storefront_base/cartridge/controllers/Page.js#Locale";"26";"77313387";"60183439";"8124";"0"
"SCRIPT_CONTROLLER";"app_storefront_base/cartridge/controllers/Product.js#ShowQuickView";"3";"107942841";"38055659";"29176519";"189721"
"SCRIPT_CONTROLLER";"app_storefront_base/cartridge/controllers/Product.js#Variation";"3";"62070384";"30602221";"8165018";"0"
"SCRIPT_CONTROLLER";"app_storefront_base/cartridge/controllers/RedirectURL.js#Start";"2";"31799997";"9994744";"12086302";"1252584"
"SCRIPT_CONTROLLER";"app_storefront_base/cartridge/controllers/ReportingEvent.js#MiniCart";"3";"10472290";"6799519";"463";"0"
"SCRIPT_CONTROLLER";"app_storefront_base/cartridge/controllers/ReportingEvent.js#Start";"23";"38233558";"31841659";"6228";"0"
"SCRIPT_CONTROLLER";"app_storefront_base/cartridge/controllers/Search.js#Refinebar";"5";"31524728";"16208509";"132499";"116642"
"SCRIPT_CONTROLLER";"app_storefront_base/cartridge/controllers/Search.js#Show";"5";"410194502";"52769985";"158650900";"0"
"SCRIPT_CONTROLLER";"app_storefront_base/cartridge/controllers/Tile.js#Show";"60";"668485337";"238556308";"188066436";"14612412"
"SCRIPT_CONTROLLER";"bm_mailchimp/cartridge/controllers/changeStatus.js#updateCustomer";"4";"48682308";"10855458";"32682689";"1066262"
"SCRIPT_CONTROLLER";"bm_mailchimp/cartridge/controllers/customerInfo.js#start";"22";"20580866419";"20394643271";"20376216562";"20334026508"
"SCRIPT_HOOK";"app_storefront_base/cartridge/scripts/hooks/cart/calculate.js#calculate";"26";"163102186";"18252433";"51255488";"177411"
"SCRIPT_HOOK";"app_storefront_base/cartridge/scripts/hooks/cart/calculate.js#calculateShipping";"26";"8468885";"1384437";"95615";"15989"
"SCRIPT_HOOK";"app_storefront_base/cartridge/scripts/hooks/cart/calculate.js#calculateTax";"26";"26615005";"18252810";"818415";"747708"
"SCRIPT_HOOK";"app_storefront_base/cartridge/scripts/hooks/payment/processor/basic_credit#Authorize";"4";"17729194";"916392";"15372564";"0"
"SCRIPT_HOOK";"app_storefront_base/cartridge/scripts/hooks/payment/processor/basic_credit#Handle";"4";"46514779";"6815983";"31082368";"730319"
"SCRIPT_HOOK";"app_storefront_base/cartridge/scripts/hooks/payment/processor/basic_credit_form_processor#processForm";"4";"13952311";"8629752";"3276497";"339022"
"SCRIPT_HOOK";"app_storefront_base/cartridge/scripts/hooks/payment/processor/basic_credit_form_processor#savePaymentInformation";"4";"233785";"213517";"94";"0"
"SF_PAGE";"/Sites-Mailchimp-Site/default/Account-Header";"12";"57032772";"2661232";"35562";"1510"
"SF_PAGE";"/Sites-Mailchimp-Site/default/Cart-AddProduct";"2";"92478236";"27291217";"33190163";"24225011"
"SF_PAGE";"/Sites-Mailchimp-Site/default/Cart-MiniCart";"6";"34335172";"1352767";"946047";"3841"
"SF_PAGE";"/Sites-Mailchimp-Site/default/Cart-MiniCartShow";"3";"82311865";"598765";"13235595";"2985"
"SF_PAGE";"/Sites-Mailchimp-Site/default/Cart-Show";"1";"39056304";"234900";"7102544";"572"
"SF_PAGE";"/Sites-Mailchimp-Site/default/Checkout-Begin";"2";"199207377";"511972";"28804491";"1650"
"SF_PAGE";"/Sites-Mailchimp-Site/default/CheckoutServices-PlaceOrder";"2";"39873842709";"11044085";"39746337727";"8600190"
"SF_PAGE";"/Sites-Mailchimp-Site/default/CheckoutServices-SubmitCustomer";"5";"282877924";"17219804";"27725608";"8859491"
"SF_PAGE";"/Sites-Mailchimp-Site/default/CheckoutServices-SubmitPayment";"2";"166664051";"12945274";"43658799";"7766832"
"SF_PAGE";"/Sites-Mailchimp-Site/default/CheckoutShippingServices-SubmitShipping";"3";"141883293";"13414829";"21050997";"10454722"
"SF_PAGE";"/Sites-Mailchimp-Site/default/CheckoutShippingServices-UpdateShippingMethodsList";"2";"125068067";"14580674";"34288433";"11686865"
"SF_PAGE";"/Sites-Mailchimp-Site/default/ConsentTracking-Check";"8";"149753980";"63295726";"25004261";"9667707"
"SF_PAGE";"/Sites-Mailchimp-Site/default/Home-Show";"1";"20684647";"669169";"6513733";"436496"
"SF_PAGE";"/Sites-Mailchimp-Site/default/Login-Logout";"1";"7290064";"3180889";"2877294";"2273888"
"SF_PAGE";"/Sites-Mailchimp-Site/default/Order-Confirm";"2";"125694618";"20300237";"31688023";"17238713"
"SF_PAGE";"/Sites-Mailchimp-Site/default/Page-Include";"46";"112858755";"6617797";"3652958";"29913"
"SF_PAGE";"/Sites-Mailchimp-Site/default/Page-IncludeHeaderMenu";"6";"88889449";"1129965";"51872802";"4421"
"SF_PAGE";"/Sites-Mailchimp-Site/default/Page-Locale";"12";"41717637";"2532978";"11003";"7542"
"SF_PAGE";"/Sites-Mailchimp-Site/default/Product-ShowQuickView";"2";"52313812";"701047";"12618789";"1177"
"SF_PAGE";"/Sites-Mailchimp-Site/default/Product-Variation";"2";"38166769";"621090";"4129149";"1188"
"SF_PAGE";"/Sites-Mailchimp-Site/default/ReportingEvent-MiniCart";"2";"7088483";"487964";"1710";"1476"
"SF_PAGE";"/Sites-Mailchimp-Site/default/ReportingEvent-Start";"14";"27096333";"3686022";"908582";"904441"
"SF_PAGE";"/Sites-Mailchimp-Site/default/Search-Refinebar";"2";"10326163";"267728";"2048";"1445"
"SF_PAGE";"/Sites-Mailchimp-Site/default/Search-Show";"2";"126555152";"717785";"63699924";"1254"
"SF_PAGE";"/Sites-Mailchimp-Site/default/Tile-Show";"24";"256344696";"4226740";"76942569";"16647"
"SF_PAGE";"/Sites-Mailchimp-Site/default/__SYSTEM__Slot-Request";"21";"30503470";"30503470";"4615400";"4615400"
"SF_PAGE";"/Sites-Mailchimp-Site/default/__SYSTEM__StorefrontToolkit-Start";"8";"6576339";"6576339";"5999";"5999"
"SF_PAGE";"/Sites-RefArch-Site/en_US/Account-Header";"14";"57255612";"2872933";"15019";"9644"
"SF_PAGE";"/Sites-RefArch-Site/en_US/Cart-AddProduct";"1";"72824021";"5227749";"20073982";"3727612"
"SF_PAGE";"/Sites-RefArch-Site/en_US/Cart-MiniCart";"7";"28729913";"1398130";"13229";"5029"
"SF_PAGE";"/Sites-RefArch-Site/en_US/Cart-MiniCartShow";"1";"29207932";"233793";"1123";"1029"
"SF_PAGE";"/Sites-RefArch-Site/en_US/Checkout-Begin";"1";"114418790";"262183";"9469567";"1601"
"SF_PAGE";"/Sites-RefArch-Site/en_US/CheckoutServices-PlaceOrder";"2";"457435910";"9228610";"264186959";"7218975"
"SF_PAGE";"/Sites-RefArch-Site/en_US/CheckoutServices-SubmitCustomer";"1";"57477659";"5796944";"19263605";"4368847"
"SF_PAGE";"/Sites-RefArch-Site/en_US/CheckoutServices-SubmitPayment";"2";"184429025";"9334379";"54211065";"6281464"
"SF_PAGE";"/Sites-RefArch-Site/en_US/CheckoutShippingServices-SubmitShipping";"1";"44691941";"5819982";"4914977";"4233496"
"SF_PAGE";"/Sites-RefArch-Site/en_US/CheckoutShippingServices-UpdateShippingMethodsList";"1";"48570581";"5380544";"7035775";"4155167"
"SF_PAGE";"/Sites-RefArch-Site/en_US/ConsentTracking-Check";"8";"22554998";"1595934";"6992";"4096"
"SF_PAGE";"/Sites-RefArch-Site/en_US/ConsentTracking-GetContent";"1";"3723386";"206466";"1031";"785"
"SF_PAGE";"/Sites-RefArch-Site/en_US/ConsentTracking-SetConsent";"1";"4459288";"290099";"1000";"584"
"SF_PAGE";"/Sites-RefArch-Site/en_US/Home-ErrorNotFound";"1";"84300331";"1646766";"9862697";"1318954"
"SF_PAGE";"/Sites-RefArch-Site/en_US/Login-Show";"1";"40343553";"427202";"12687445";"359"
"SF_PAGE";"/Sites-RefArch-Site/en_US/Order-Confirm";"2";"99289103";"9528589";"22889220";"7100853"
"SF_PAGE";"/Sites-RefArch-Site/en_US/Page-Include";"47";"141621414";"7893984";"5604947";"34876"
"SF_PAGE";"/Sites-RefArch-Site/en_US/Page-IncludeHeaderMenu";"7";"113808248";"1307949";"72217614";"6220"
"SF_PAGE";"/Sites-RefArch-Site/en_US/Page-Locale";"14";"41002674";"2873946";"11896";"7233"
"SF_PAGE";"/Sites-RefArch-Site/en_US/Product-ShowQuickView";"1";"56708747";"378671";"16559358";"451"
"SF_PAGE";"/Sites-RefArch-Site/en_US/Product-Variation";"1";"24852024";"327319";"4038139";"1082"
"SF_PAGE";"/Sites-RefArch-Site/en_US/RedirectURL-Start";"2";"51153152";"18202206";"20516388";"8429984"
"SF_PAGE";"/Sites-RefArch-Site/en_US/ReportingEvent-MiniCart";"1";"4077106";"205335";"1537";"1308"
"SF_PAGE";"/Sites-RefArch-Site/en_US/ReportingEvent-Start";"9";"16544712";"1721465";"9737";"7650"
"SF_PAGE";"/Sites-RefArch-Site/en_US/Search-Refinebar";"3";"21967304";"501011";"134450";"2554"
"SF_PAGE";"/Sites-RefArch-Site/en_US/Search-Show";"3";"285114310";"757175";"94954555";"2325"
"SF_PAGE";"/Sites-RefArch-Site/en_US/Tile-Show";"36";"423631714";"7264333";"111166864";"26350"
"SF_PAGE";"/Sites-RefArch-Site/en_US/__SYSTEM__Slot-Render";"16";"21573142";"11182586";"887796";"876191"
"SF_PAGE";"/Sites-RefArch-Site/en_US/__SYSTEM__Slot-Request";"16";"91185945";"91185945";"65526295";"65526295"
"SF_PAGE";"/Sites-RefArch-Site/en_US/__SYSTEM__StorefrontToolkit-Start";"6";"5764345";"5764345";"5717";"5717"
