"Type";"Name";"Count";"TotalTime";"OwnTime";"TotalWaitTime";"OwnWaitTime"
"ISML";"app_storefront_base/default//account/login";"1";"41817365";"3241062";"25022156";"724424"
"ISML";"app_storefront_base/default//common/consent";"9";"3157519";"2787299";"1950";"0"
"ISML";"app_storefront_base/default//common/htmlHead";"9";"90075320";"14078104";"64770803";"5415721"
"ISML";"app_storefront_base/default//common/scripts";"18";"1807614";"1281971";"384";"648"
"ISML";"app_storefront_base/default//components/content/contentAsset";"53";"2251621";"2120164";"2370";"3183"
"ISML";"app_storefront_base/default//components/content/offlineContent";"6";"171133";"171133";"1445";"1445"
"ISML";"app_storefront_base/default//components/footer/pageFooter";"9";"4316911";"2283172";"3473";"0"
"ISML";"app_storefront_base/default//components/header/countrySelector";"6";"850437";"850437";"1263";"1263"
"ISML";"app_storefront_base/default//components/header/menu";"6";"3422626";"2757897";"1189";"0"
"ISML";"app_storefront_base/default//components/header/miniCart";"6";"2027800";"1713523";"1469";"130"
"ISML";"app_storefront_base/default//components/header/mobileCountrySelector";"6";"749628";"749628";"1510";"1510"
"ISML";"app_storefront_base/default//components/header/pageHeader";"6";"24078657";"4142476";"14255216";"429"
"ISML";"app_storefront_base/default//components/header/pageHeaderNomenu";"3";"3826649";"858176";"2074249";"1631"
"ISML";"app_storefront_base/default//components/header/skipNav";"9";"762853";"528864";"1629";"686"
"ISML";"app_storefront_base/default//components/modules";"11";"148006";"148006";"3050";"3050"
"ISML";"app_storefront_base/default//components/schema";"6";"404994";"404994";"5433";"5433"
"ISML";"app_storefront_base/default//product/components/pricing/default";"63";"8429723";"5441513";"7422";"1924"
"ISML";"app_storefront_base/default//product/components/pricing/formatted";"64";"1096445";"1096445";"6248";"6248"
"ISML";"app_storefront_base/default//product/components/pricing/main";"7";"760406";"299603";"1276";"711"
"ISML";"app_storefront_base/default//reporting/reporting";"8";"274638";"274638";"1293";"1293"
"ISML";"app_storefront_base/default//reporting/reportingUrls";"1";"297370";"297370";"0";"0"
"ISML";"app_storefront_base/default//search/searchRefineBar";"1";"624521";"244562";"790";"604"
"ISML";"app_storefront_base/default/account/components/loginForm";"1";"394883";"341697";"153";"0"
"ISML";"app_storefront_base/default/account/components/navTabs";"1";"117828";"100469";"290";"226"
"ISML";"app_storefront_base/default/account/components/oauth";"1";"199450";"171794";"373";"92"
"ISML";"app_storefront_base/default/account/components/registerForm";"1";"1700770";"974302";"263";"0"
"ISML";"app_storefront_base/default/account/components/trackOrderForm";"1";"683982";"589206";"205148";"204425"
"ISML";"app_storefront_base/default/account/components/trackOrderFormBillingZipCode";"1";"61172";"51086";"295";"168"
"ISML";"app_storefront_base/default/account/header";"6";"5148454";"1425467";"901243";"2422"
"ISML";"app_storefront_base/default/account/mobileHeader";"6";"1292327";"1131734";"1386";"287"
"ISML";"app_storefront_base/default/account/password/passwordResetForm";"1";"158727";"130628";"186";"23"
"ISML";"app_storefront_base/default/account/password/requestPasswordResetModal";"1";"346529";"178502";"315";"0"
"ISML";"app_storefront_base/default/cart/cart";"2";"39125341";"4672667";"15773310";"0"
"ISML";"app_storefront_base/default/cart/cartApproachingDiscount";"2";"118955";"116046";"936";"844"
"ISML";"app_storefront_base/default/cart/cartCouponDisplay";"17";"1915517";"1915517";"2773";"2773"
"ISML";"app_storefront_base/default/cart/cartPromoCode";"2";"363657";"302965";"926";"475"
"ISML";"app_storefront_base/default/cart/cartRemoveCouponModal";"2";"272681";"226020";"24180";"23848"
"ISML";"app_storefront_base/default/cart/cartRemoveProductModal";"4";"352235";"265935";"861";"150"
"ISML";"app_storefront_base/default/cart/cartShippingMethodSelection";"2";"449522";"423200";"957";"650"
"ISML";"app_storefront_base/default/cart/cartTotals";"2";"408890";"346109";"1163";"938"
"ISML";"app_storefront_base/default/cart/checkoutButtons";"4";"495404";"433522";"1376";"1028"
"ISML";"app_storefront_base/default/cart/productCard/cartProductCard";"2";"4410571";"1796677";"1793";"0"
"ISML";"app_storefront_base/default/cart/productCard/cartProductCardAvailability";"7";"370669";"370669";"1442";"1442"
"ISML";"app_storefront_base/default/cart/productCard/cartProductCardEdit";"2";"333960";"268948";"846";"108"
"ISML";"app_storefront_base/default/cart/productCard/cartProductCardHeader";"2";"785667";"571005";"1730";"613"
"ISML";"app_storefront_base/default/cart/productCard/cartProductCardProductPrice";"2";"1263583";"368778";"1016";"163"
"ISML";"app_storefront_base/default/checkout/addressSummary";"6";"419425";"419425";"1440";"1440"
"ISML";"app_storefront_base/default/checkout/billing/addressSelector";"3";"1639421";"1142379";"1732";"267"
"ISML";"app_storefront_base/default/checkout/billing/addressSelectorShipping";"3";"429918";"403583";"1330";"1382"
"ISML";"app_storefront_base/default/checkout/billing/billing";"3";"21614508";"3080216";"4041711";"0"
"ISML";"app_storefront_base/default/checkout/billing/billingAddress";"3";"5046423";"4728064";"1756";"0"
"ISML";"app_storefront_base/default/checkout/billing/billingSummary";"3";"1563492";"908784";"1367";"684"
"ISML";"app_storefront_base/default/checkout/billing/creditCardForm";"3";"2696624";"2502063";"910";"0"
"ISML";"app_storefront_base/default/checkout/billing/paymentOptions";"3";"11618694";"1342130";"4041109";"0"
"ISML";"app_storefront_base/default/checkout/billing/paymentOptions/creditCardContent";"3";"3533932";"837308";"1211";"301"
"ISML";"app_storefront_base/default/checkout/billing/paymentOptions/creditCardTab";"3";"5238488";"258176";"4040434";"2685"
"ISML";"app_storefront_base/default/checkout/billing/paymentOptions/paymentOptionsContent";"3";"4317152";"783220";"1650";"439"
"ISML";"app_storefront_base/default/checkout/billing/paymentOptions/paymentOptionsSummary";"3";"450329";"450329";"180";"180"
"ISML";"app_storefront_base/default/checkout/billing/paymentOptions/paymentOptionsTabs";"3";"5959412";"720924";"4040831";"397"
"ISML";"app_storefront_base/default/checkout/cart/miniCart";"2";"6827358";"2210619";"1259";"0"
"ISML";"app_storefront_base/default/checkout/checkout";"3";"112396276";"11212044";"12414065";"0"
"ISML";"app_storefront_base/default/checkout/customer/customer";"3";"7089591";"1360162";"1831";"0"
"ISML";"app_storefront_base/default/checkout/customer/customerCard";"3";"1452942";"1237787";"1140";"0"
"ISML";"app_storefront_base/default/checkout/customer/customerOAuthCard";"3";"4229602";"632977";"1418";"3258"
"ISML";"app_storefront_base/default/checkout/customer/customerSummary";"3";"273835";"241337";"1603";"1275"
"ISML";"app_storefront_base/default/checkout/orderProductSummary";"3";"3192426";"621224";"1186";"709"
"ISML";"app_storefront_base/default/checkout/orderTotalSummary";"3";"660026";"551301";"1588";"1039"
"ISML";"app_storefront_base/default/checkout/productCard/productCard";"5";"6274397";"3856909";"1839";"0"
"ISML";"app_storefront_base/default/checkout/productCard/productCardProductName";"6";"150366";"150366";"1436";"1436"
"ISML";"app_storefront_base/default/checkout/productCard/productCardProductNameAndRemove";"2";"276461";"235929";"1032";"943"
"ISML";"app_storefront_base/default/checkout/productCard/productCardProductPromotions";"4";"105477";"105477";"805";"805"
"ISML";"app_storefront_base/default/checkout/productCard/productCardProductRenderedTotalPrice";"30";"6307008";"4883235";"3782";"2902"
"ISML";"app_storefront_base/default/checkout/productCard/productCardProductTotalPrice";"37";"1627186";"1627186";"837";"837"
"ISML";"app_storefront_base/default/checkout/productCard/productCardQuantityDisplay";"3";"262790";"225375";"507";"409"
"ISML";"app_storefront_base/default/checkout/productCard/productCardQuantitySelector";"4";"1241360";"919310";"1178";"0"
"ISML";"app_storefront_base/default/checkout/productCard/productShippingCard";"3";"951459";"845837";"1543";"421"
"ISML";"app_storefront_base/default/checkout/shipping/giftMessageSummary";"9";"466083";"374551";"1991";"1129"
"ISML";"app_storefront_base/default/checkout/shipping/isGift";"6";"1262321";"1071333";"1342";"0"
"ISML";"app_storefront_base/default/checkout/shipping/multiShipCheckbox";"3";"137245";"137245";"1705";"1705"
"ISML";"app_storefront_base/default/checkout/shipping/multiShippingButtons";"6";"638856";"454556";"1957";"937"
"ISML";"app_storefront_base/default/checkout/shipping/selectedShippingMethod";"22";"786094";"786094";"2259";"2259"
"ISML";"app_storefront_base/default/checkout/shipping/shipmentCard";"6";"30954244";"5341924";"724";"0"
"ISML";"app_storefront_base/default/checkout/shipping/shipmentSelector";"6";"3667175";"1287242";"1398";"0"
"ISML";"app_storefront_base/default/checkout/shipping/shipmentSelectorOptions";"6";"2107096";"2027435";"1435";"1238"
"ISML";"app_storefront_base/default/checkout/shipping/shipping";"3";"34350872";"2261149";"806";"0"
"ISML";"app_storefront_base/default/checkout/shipping/shippingAddress";"6";"13356932";"8375632";"1339";"0"
"ISML";"app_storefront_base/default/checkout/shipping/shippingAddressTemplate";"3";"219953";"163861";"1464";"1056"
"ISML";"app_storefront_base/default/checkout/shipping/shippingCard";"6";"3412512";"1904659";"2004";"580"
"ISML";"app_storefront_base/default/checkout/shipping/shippingCardShippingAddress";"4";"1115726";"1115726";"0";"0"
"ISML";"app_storefront_base/default/checkout/shipping/shippingMethod";"6";"3180562";"2347243";"2113";"0"
"ISML";"app_storefront_base/default/checkout/shipping/shippingSummary";"3";"6528682";"1837075";"1061";"995"
"ISML";"app_storefront_base/default/checkout/shipping/shippingTitle";"3";"183210";"144099";"1431";"1162"
"ISML";"app_storefront_base/default/common/layout/checkout";"3";"22369030";"3894426";"8372019";"0"
"ISML";"app_storefront_base/default/common/layout/page";"6";"118506311";"11750593";"75089276";"2356201"
"ISML";"app_storefront_base/default/components/breadcrumbs/pageBreadcrumbs";"1";"182763";"179683";"319";"95"
"ISML";"app_storefront_base/default/components/content/contentAssetInc";"48";"52364703";"52364703";"36455544";"36455544"
"ISML";"app_storefront_base/default/components/deleteButton";"4";"346835";"275687";"1139";"1267"
"ISML";"app_storefront_base/default/components/header/menuItem";"6";"396377";"396377";"1379";"1379"
"ISML";"app_storefront_base/default/components/header/search";"12";"3993339";"3628375";"1945574";"1943236"
"ISML";"app_storefront_base/default/home/homePage";"2";"46369993";"3135462";"23495304";"162"
"ISML";"app_storefront_base/default/product/components/addToCartGlobal";"1";"137027";"125940";"450";"156"
"ISML";"app_storefront_base/default/product/components/attributes";"1";"64823";"64823";"256";"256"
"ISML";"app_storefront_base/default/product/components/attributesPre";"1";"374018";"309195";"697";"441"
"ISML";"app_storefront_base/default/product/components/availability";"2";"153508";"120385";"578";"314"
"ISML";"app_storefront_base/default/product/components/imageCarousel";"1";"320603";"284818";"473";"0"
"ISML";"app_storefront_base/default/product/components/mainAttributes";"1";"49744";"49744";"356";"356"
"ISML";"app_storefront_base/default/product/components/options";"1";"106732";"106732";"366";"366"
"ISML";"app_storefront_base/default/product/components/pricing/ajaxMain";"33";"14281254";"7259867";"5635";"2175"
"ISML";"app_storefront_base/default/product/components/pricing/main";"56";"12021472";"4052552";"5265";"0"
"ISML";"app_storefront_base/default/product/components/productRating";"22";"1048907";"1048907";"0";"0"
"ISML";"app_storefront_base/default/product/components/productTileImage";"22";"2405493";"1806833";"2125";"2624"
"ISML";"app_storefront_base/default/product/components/productTileName";"22";"608373";"608373";"2249";"2249"
"ISML";"app_storefront_base/default/product/components/productTileSwatch";"22";"5167443";"2224363";"651";"0"
"ISML";"app_storefront_base/default/product/components/promotions";"2";"146435";"146435";"566";"566"
"ISML";"app_storefront_base/default/product/components/quantity";"2";"526667";"507467";"230";"129"
"ISML";"app_storefront_base/default/product/components/ratings";"22";"2275824";"1226917";"1242";"2217"
"ISML";"app_storefront_base/default/product/components/variationAttribute";"2";"446217";"408801";"354";"0"
"ISML";"app_storefront_base/default/product/gridTile";"22";"26483581";"4186929";"21111";"0"
"ISML";"app_storefront_base/default/product/productTile";"22";"22296652";"5228308";"21310";"13448"
"ISML";"app_storefront_base/default/product/productTileFooter";"22";"4003337";"1234130";"1088";"420"
"ISML";"app_storefront_base/default/product/quickView";"1";"3523150";"1693838";"561";"0"
"ISML";"app_storefront_base/default/reporting/reportingUrls";"7";"804665";"804665";"643";"643"
"ISML";"app_storefront_base/default/search/components/productTiles";"1";"222174052";"222038527";"180230138";"180216542"
"ISML";"app_storefront_base/default/search/filterBar";"1";"227862";"198949";"596";"425"
"ISML";"app_storefront_base/default/search/productGrid";"1";"222679712";"481980";"180230372";"96"
"ISML";"app_storefront_base/default/search/resultsCount";"2";"18327502";"15890825";"12856562";"12857555"
"ISML";"app_storefront_base/default/search/searchResults";"1";"262702028";"957150";"206466114";"0"
"ISML";"app_storefront_base/default/search/searchResultsNoDecorator";"1";"242544990";"1163186";"193086622";"0"
"ISML";"app_storefront_base/default/search/sortOrderMenu";"1";"315173";"299276";"319";"272"
"ISML";"app_storefront_base/default/slots/content/contentAssetBody";"15";"73519240";"73309227";"52647595";"52646750"
"ISML";"app_storefront_base/default/slots/content/htmlSlotContainer";"9";"5247172";"1068444";"6512";"3610"
"ISML";"app_storefront_base/default/slots/htmlSlotContainer";"9";"4178728";"3999636";"2902";"2473"
"ISML";"app_storefront_base/default/slots/product/homePageProductSlot";"2";"1768192";"1509415";"2205";"0"
"ONREQUEST";"/Sites-RefArch-Site/-/null-null";"2";"34454232";"34454232";"28165686";"28165686"
"ONREQUEST";"/Sites-RefArch-Site/en_US/Account-Show";"1";"451874790";"451874790";"406887250";"406887250"
"ONREQUEST";"/Sites-RefArch-Site/en_US/Cart-AddProduct";"1";"685987";"685987";"368";"368"
"ONREQUEST";"/Sites-RefArch-Site/en_US/Cart-MiniCartShow";"2";"1741321";"1741321";"820";"820"
"ONREQUEST";"/Sites-RefArch-Site/en_US/Cart-Show";"2";"1424473";"1424473";"758";"758"
"ONREQUEST";"/Sites-RefArch-Site/en_US/Checkout-Begin";"3";"10443746";"10443746";"4523884";"4523884"
"ONREQUEST";"/Sites-RefArch-Site/en_US/CheckoutServices-SubmitCustomer";"1";"873015";"873015";"942";"942"
"ONREQUEST";"/Sites-RefArch-Site/en_US/CheckoutShippingServices-SelectShippingMethod";"3";"3988640";"3988640";"813";"813"
"ONREQUEST";"/Sites-RefArch-Site/en_US/CheckoutShippingServices-SubmitShipping";"12";"158614387";"158614387";"116950110";"116950110"
"ONREQUEST";"/Sites-RefArch-Site/en_US/CheckoutShippingServices-UpdateShippingMethodsList";"1";"884022";"884022";"120";"120"
"ONREQUEST";"/Sites-RefArch-Site/en_US/ConsentTracking-GetContent";"1";"494037";"494037";"124";"124"
"ONREQUEST";"/Sites-RefArch-Site/en_US/ConsentTracking-SetConsent";"1";"805707";"805707";"0";"0"
"ONREQUEST";"/Sites-RefArch-Site/en_US/Login-Show";"1";"718546";"718546";"0";"0"
"ONREQUEST";"/Sites-RefArch-Site/en_US/Product-ShowQuickView";"1";"3156745";"3156745";"823";"823"
"ONREQUEST";"/Sites-RefArch-Site/en_US/Product-Variation";"1";"803665";"803665";"421";"421"
"ONREQUEST";"/Sites-RefArch-Site/en_US/ReportingEvent-MiniCart";"1";"759447";"759447";"525";"525"
"ONREQUEST";"/Sites-RefArch-Site/en_US/Search-Show";"1";"3114080";"3114080";"334";"334"
"ONREQUEST";"/Sites-RefArch-Site/en_US/__Analytics-Start";"14";"18564141";"18564141";"4950";"4950"
"ONREQUEST";"/Sites-RefArch-Site/en_US/__SYSTEM__StorefrontToolkit-Start";"8";"8799674";"8799674";"6220";"6220"
"PIPELINE_NODE";"bc_api:Assign";"3";"1699311";"1699311";"0";"0"
"SCRIPT_API";"dw.campaign.DiscountPlan#getApproachingOrderDiscounts()";"5";"27895";"27895";"161";"161"
"SCRIPT_API";"dw.campaign.DiscountPlan#getApproachingShippingDiscounts(dw.order.Shipment)";"5";"42972";"42972";"66";"66"
"SCRIPT_API";"dw.campaign.Promotion#getID()";"12";"11980";"11980";"358";"358"
"SCRIPT_API";"dw.campaign.PromotionMgr#applyDiscounts(dw.order.LineItemCtnr)";"28";"169396490";"169396490";"114587612";"114587612"
"SCRIPT_API";"dw.campaign.PromotionMgr#getActiveCustomerPromotions()";"35";"9069543";"9069543";"4226392";"4226392"
"SCRIPT_API";"dw.campaign.PromotionMgr#getDiscounts(dw.order.LineItemCtnr)";"5";"8168501";"8168501";"2049232";"2049232"
"SCRIPT_API";"dw.campaign.PromotionPlan#getProductPromotions()";"3";"1467360";"1467360";"370242";"370242"
"SCRIPT_API";"dw.campaign.PromotionPlan#getProductPromotions(dw.catalog.Product)";"32";"56209328";"56209328";"44126225";"44126225"
"SCRIPT_API";"dw.campaign.SlotContent#getContent()";"26";"118579";"118579";"0";"0"
"SCRIPT_API";"dw.catalog.Catalog#getRoot()";"8";"4854964";"4854964";"4561520";"4561520"
"SCRIPT_API";"dw.catalog.CatalogMgr#getCategory(String)";"3";"4388358";"4388358";"3903871";"3903871"
"SCRIPT_API";"dw.catalog.CatalogMgr#getSiteCatalog()";"8";"135989";"135989";"5125";"5125"
"SCRIPT_API";"dw.catalog.CatalogMgr#getSortingOptions()";"2";"1300907";"1300907";"1038875";"1038875"
"SCRIPT_API";"dw.catalog.Category#getDefaultSortingRule()";"4";"309954";"309954";"0";"0"
"SCRIPT_API";"dw.catalog.Category#getDisplayName()";"14";"2541767";"2541767";"1997962";"1997962"
"SCRIPT_API";"dw.catalog.Category#getID()";"28";"35453";"35453";"1321";"1321"
"SCRIPT_API";"dw.catalog.Category#getImage()";"2";"9245";"9245";"204";"204"
"SCRIPT_API";"dw.catalog.Category#getOnlineSubCategories()";"18";"17586919";"17586919";"14582373";"14582373"
"SCRIPT_API";"dw.catalog.Category#getPageDescription()";"2";"2132548";"2132548";"1897003";"1897003"
"SCRIPT_API";"dw.catalog.Category#getPageKeywords()";"2";"2092672";"2092672";"1891599";"1891599"
"SCRIPT_API";"dw.catalog.Category#getPageTitle()";"2";"2264086";"2264086";"1921079";"1921079"
"SCRIPT_API";"dw.catalog.Category#getTemplate()";"1";"4560";"4560";"13";"13"
"SCRIPT_API";"dw.catalog.Category#hasOnlineProducts()";"48";"84089222";"84089222";"76422595";"76422595"
"SCRIPT_API";"dw.catalog.Category#hasOnlineSubCategories()";"42";"7203733";"7203733";"6330735";"6330735"
"SCRIPT_API";"dw.catalog.Category#isOnline()";"2";"17552";"17552";"44";"44"
"SCRIPT_API";"dw.catalog.PriceBook#getID()";"76";"77872";"77872";"1661";"1661"
"SCRIPT_API";"dw.catalog.PriceBook#getParentPriceBook()";"60";"98319";"98319";"2759";"2759"
"SCRIPT_API";"dw.catalog.PriceBookMgr#getApplicablePriceBooks()";"3";"24909";"24909";"11";"11"
"SCRIPT_API";"dw.catalog.PriceBookMgr#setApplicablePriceBooks(dw.catalog.PriceBook[])";"6";"70292";"70292";"0";"0"
"SCRIPT_API";"dw.catalog.Product#getAttributeModel()";"2";"16657421";"16657421";"13889272";"13889272"
"SCRIPT_API";"dw.catalog.Product#getAvailabilityModel()";"138";"2742720";"2742720";"1051032";"1051032"
"SCRIPT_API";"dw.catalog.Product#getBrand()";"15";"25449";"25449";"487";"487"
"SCRIPT_API";"dw.catalog.Product#getID()";"131";"182885";"182885";"5084";"5084"
"SCRIPT_API";"dw.catalog.Product#getImages(String)";"52";"47147511";"47147511";"29779312";"29779312"
"SCRIPT_API";"dw.catalog.Product#getLongDescription()";"2";"1222485";"1222485";"1042667";"1042667"
"SCRIPT_API";"dw.catalog.Product#getMinOrderQuantity()";"68";"140865";"140865";"3002";"3002"
"SCRIPT_API";"dw.catalog.Product#getName()";"15";"5536541";"5536541";"4829126";"4829126"
"SCRIPT_API";"dw.catalog.Product#getOptionModel()";"33";"4174989";"4174989";"3616563";"3616563"
"SCRIPT_API";"dw.catalog.Product#getPageDescription()";"1";"1137240";"1137240";"1033010";"1033010"
"SCRIPT_API";"dw.catalog.Product#getPageKeywords()";"1";"1142815";"1142815";"1042664";"1042664"
"SCRIPT_API";"dw.catalog.Product#getPageMetaTags()";"2";"13324764";"13324764";"12951131";"12951131"
"SCRIPT_API";"dw.catalog.Product#getPageTitle()";"1";"1179891";"1179891";"1039134";"1039134"
"SCRIPT_API";"dw.catalog.Product#getPriceModel()";"51";"53192261";"53192261";"41596082";"41596082"
"SCRIPT_API";"dw.catalog.Product#getPriceModel(dw.catalog.ProductOptionModel)";"32";"2698675";"2698675";"0";"0"
"SCRIPT_API";"dw.catalog.Product#getPrimaryCategory()";"3";"64058";"64058";"1916";"1916"
"SCRIPT_API";"dw.catalog.Product#getShortDescription()";"2";"1187063";"1187063";"1033679";"1033679"
"SCRIPT_API";"dw.catalog.Product#getStepQuantity()";"2";"15596";"15596";"12";"12"
"SCRIPT_API";"dw.catalog.Product#getTemplate()";"1";"4563";"4563";"34";"34"
"SCRIPT_API";"dw.catalog.Product#getVariationModel()";"42";"2982958";"2982958";"1524530";"1524530"
"SCRIPT_API";"dw.catalog.Product#isBundle()";"2";"9897";"9897";"153";"153"
"SCRIPT_API";"dw.catalog.Product#isMaster()";"122";"148861";"148861";"4172";"4172"
"SCRIPT_API";"dw.catalog.Product#isOnline()";"16";"602942";"602942";"0";"0"
"SCRIPT_API";"dw.catalog.Product#isVariant()";"39";"57421";"57421";"861";"861"
"SCRIPT_API";"dw.catalog.Product#isVariationGroup()";"62";"66015";"66015";"985";"985"
"SCRIPT_API";"dw.catalog.ProductAttributeModel#getVisibleAttributeGroups()";"2";"29189";"29189";"88";"88"
"SCRIPT_API";"dw.catalog.ProductAvailabilityLevels#getBackorder()";"32";"37540";"37540";"605";"605"
"SCRIPT_API";"dw.catalog.ProductAvailabilityLevels#getInStock()";"64";"55906";"55906";"1658";"1658"
"SCRIPT_API";"dw.catalog.ProductAvailabilityLevels#getNotAvailable()";"46";"69042";"69042";"1075";"1075"
"SCRIPT_API";"dw.catalog.ProductAvailabilityLevels#getPreorder()";"32";"44523";"44523";"954";"954"
"SCRIPT_API";"dw.catalog.ProductAvailabilityModel#getAvailabilityLevels(Number)";"46";"11004127";"11004127";"6067882";"6067882"
"SCRIPT_API";"dw.catalog.ProductAvailabilityModel#getInventoryRecord()";"94";"123556";"123556";"1844";"1844"
"SCRIPT_API";"dw.catalog.ProductAvailabilityModel#isOrderable(Number)";"62";"1123379";"1123379";"0";"0"
"SCRIPT_API";"dw.catalog.ProductInventoryRecord#getATS()";"31";"580769";"580769";"0";"0"
"SCRIPT_API";"dw.catalog.ProductInventoryRecord#getInStockDate()";"31";"60163";"60163";"592";"592"
"SCRIPT_API";"dw.catalog.ProductInventoryRecord#isPerpetual()";"31";"42894";"42894";"388";"388"
"SCRIPT_API";"dw.catalog.ProductMgr#getProduct(String)";"55";"535411";"535411";"1334";"1334"
"SCRIPT_API";"dw.catalog.ProductOptionModel#getOptions()";"67";"228996";"228996";"1369";"1369"
"SCRIPT_API";"dw.catalog.ProductPriceInfo#getPriceBook()";"76";"101378";"101378";"1552";"1552"
"SCRIPT_API";"dw.catalog.ProductPriceModel#getPrice()";"64";"987145";"987145";"1435";"1435"
"SCRIPT_API";"dw.catalog.ProductPriceModel#getPrice(dw.value.Quantity)";"28";"1905369";"1905369";"0";"0"
"SCRIPT_API";"dw.catalog.ProductPriceModel#getPriceBookPrice(String)";"32";"15219878";"15219878";"11558312";"11558312"
"SCRIPT_API";"dw.catalog.ProductPriceModel#getPriceInfo()";"98";"37456780";"37456780";"33224034";"33224034"
"SCRIPT_API";"dw.catalog.ProductPriceModel#getPriceTable()";"32";"2829228";"2829228";"1279699";"1279699"
"SCRIPT_API";"dw.catalog.ProductPriceModel#isPriceRange()";"1";"14200971";"14200971";"12616501";"12616501"
"SCRIPT_API";"dw.catalog.ProductPriceTable#getQuantities()";"32";"166413";"166413";"1045";"1045"
"SCRIPT_API";"dw.catalog.ProductSearchHit#getDiscountedPromotionIDs()";"22";"1291892";"1291892";"0";"0"
"SCRIPT_API";"dw.catalog.ProductSearchHit#getFirstRepresentedProduct()";"22";"2403821";"2403821";"1974948";"1974948"
"SCRIPT_API";"dw.catalog.ProductSearchHit#getFirstRepresentedProductID()";"8";"18617";"18617";"131";"131"
"SCRIPT_API";"dw.catalog.ProductSearchHit#getMaxPrice()";"47";"121439";"121439";"0";"0"
"SCRIPT_API";"dw.catalog.ProductSearchHit#getMinPrice()";"47";"336595";"336595";"19609";"19609"
"SCRIPT_API";"dw.catalog.ProductSearchHit#getProduct()";"3";"2158671";"2158671";"1978335";"1978335"
"SCRIPT_API";"dw.catalog.ProductSearchHit#getProductID()";"84";"62748";"62748";"2397";"2397"
"SCRIPT_API";"dw.catalog.ProductSearchHit#getRepresentedVariationValues(Object)";"22";"63770687";"63770687";"55771433";"55771433"
"SCRIPT_API";"dw.catalog.ProductSearchModel#getCategory()";"22";"28179";"28179";"1457";"1457"
"SCRIPT_API";"dw.catalog.ProductSearchModel#getPageMetaTags()";"2";"3287522";"3287522";"3017917";"3017917"
"SCRIPT_API";"dw.catalog.ProductSearchModel#getProductSearchHit(dw.catalog.Product)";"25";"27543517";"27543517";"8398913";"8398913"
"SCRIPT_API";"dw.catalog.ProductSearchModel#getProductSearchHits()";"12";"3229193";"3229193";"1942169";"1942169"
"SCRIPT_API";"dw.catalog.ProductSearchModel#getRefinements()";"4";"185841";"185841";"0";"0"
"SCRIPT_API";"dw.catalog.ProductSearchModel#getSearchPhraseSuggestions()";"2";"12586";"12586";"46";"46"
"SCRIPT_API";"dw.catalog.ProductSearchModel#isCategorySearch()";"4";"6055";"6055";"134";"134"
"SCRIPT_API";"dw.catalog.ProductSearchModel#isPersonalizedSort()";"1";"3803";"3803";"22";"22"
"SCRIPT_API";"dw.catalog.ProductSearchModel#isRefinedCategorySearch()";"2";"6222";"6222";"0";"0"
"SCRIPT_API";"dw.catalog.ProductSearchModel#search()";"27";"75891810";"75891810";"42539781";"42539781"
"SCRIPT_API";"dw.catalog.ProductSearchModel#setCategoryID(String)";"2";"9045";"9045";"4";"4"
"SCRIPT_API";"dw.catalog.ProductSearchModel#setPriceMax(Number)";"2";"4335";"4335";"24";"24"
"SCRIPT_API";"dw.catalog.ProductSearchModel#setPriceMin(Number)";"2";"5398";"5398";"0";"0"
"SCRIPT_API";"dw.catalog.ProductSearchModel#setRecursiveCategorySearch(Boolean)";"2";"15933";"15933";"0";"0"
"SCRIPT_API";"dw.catalog.ProductSearchModel#urlSortingRule(String,dw.catalog.SortingRule)";"16";"183499";"183499";"0";"0"
"SCRIPT_API";"dw.catalog.ProductSearchModel()";"27";"9035207";"9035207";"6117361";"6117361"
"SCRIPT_API";"dw.catalog.ProductVariationAttribute#getAttributeID()";"196";"301593";"301593";"32037";"32037"
"SCRIPT_API";"dw.catalog.ProductVariationAttribute#getDisplayName()";"64";"18244726";"18244726";"15264591";"15264591"
"SCRIPT_API";"dw.catalog.ProductVariationAttribute#getID()";"137";"131291";"131291";"3519";"3519"
"SCRIPT_API";"dw.catalog.ProductVariationAttributeValue#equals(Object)";"125";"190666";"190666";"3462";"3462"
"SCRIPT_API";"dw.catalog.ProductVariationAttributeValue#getDescription()";"158";"7588664";"7588664";"6268412";"6268412"
"SCRIPT_API";"dw.catalog.ProductVariationAttributeValue#getDisplayValue()";"284";"3812022";"3812022";"1267418";"1267418"
"SCRIPT_API";"dw.catalog.ProductVariationAttributeValue#getID()";"163";"187314";"187314";"3740";"3740"
"SCRIPT_API";"dw.catalog.ProductVariationAttributeValue#getImage(String,Number)";"30";"38075150";"38075150";"32212767";"32212767"
"SCRIPT_API";"dw.catalog.ProductVariationAttributeValue#getImages(String)";"32";"3336733";"3336733";"0";"0"
"SCRIPT_API";"dw.catalog.ProductVariationAttributeValue#getValue()";"191";"833016";"833016";"0";"0"
"SCRIPT_API";"dw.catalog.ProductVariationModel#getAllValues(dw.catalog.ProductVariationAttribute)";"71";"2077790";"2077790";"1261462";"1261462"
"SCRIPT_API";"dw.catalog.ProductVariationModel#getImages(String)";"4";"906256";"906256";"0";"0"
"SCRIPT_API";"dw.catalog.ProductVariationModel#getMaster()";"32";"73505";"73505";"1051";"1051"
"SCRIPT_API";"dw.catalog.ProductVariationModel#getProductVariationAttributes()";"36";"6858186";"6858186";"6221181";"6221181"
"SCRIPT_API";"dw.catalog.ProductVariationModel#getSelectedValue(dw.catalog.ProductVariationAttribute)";"64";"1095951";"1095951";"0";"0"
"SCRIPT_API";"dw.catalog.ProductVariationModel#getSelectedVariant()";"34";"132848";"132848";"1439";"1439"
"SCRIPT_API";"dw.catalog.ProductVariationModel#getVariants()";"2";"47776";"47776";"0";"0"
"SCRIPT_API";"dw.catalog.ProductVariationModel#hasOrderableVariants(dw.catalog.ProductVariationAttribute,dw.catalog.ProductVariationAttributeValue)";"128";"26068047";"26068047";"18364187";"18364187"
"SCRIPT_API";"dw.catalog.ProductVariationModel#setSelectedAttributeValue(String,String)";"3";"24184";"24184";"0";"0"
"SCRIPT_API";"dw.catalog.ProductVariationModel#url(String,Object[])";"2";"41011";"41011";"30";"30"
"SCRIPT_API";"dw.catalog.ProductVariationModel#urlSelectVariationValue(String,dw.catalog.ProductVariationAttribute,dw.catalog.ProductVariationAttributeValue)";"65";"1967779";"1967779";"0";"0"
"SCRIPT_API";"dw.catalog.ProductVariationModel#urlUnselectVariationValue(String,dw.catalog.ProductVariationAttribute)";"63";"3254317";"3254317";"0";"0"
"SCRIPT_API";"dw.catalog.SearchModel#getCount()";"31";"1345072";"1345072";"937752";"937752"
"SCRIPT_API";"dw.catalog.SearchModel#getSearchPhrase()";"2";"5994";"5994";"9";"9"
"SCRIPT_API";"dw.catalog.SearchModel#setSearchPhrase(String)";"25";"61496";"61496";"85";"85"
"SCRIPT_API";"dw.catalog.SearchModel#url(String)";"4";"40839";"40839";"0";"0"
"SCRIPT_API";"dw.catalog.SearchRefinements#getRefinementDefinitions()";"2";"25137";"25137";"0";"0"
"SCRIPT_API";"dw.catalog.SortingOption#getDisplayName()";"16";"16260724";"16260724";"14980759";"14980759"
"SCRIPT_API";"dw.catalog.SortingOption#getID()";"16";"30051";"30051";"100";"100"
"SCRIPT_API";"dw.catalog.SortingOption#getSortingRule()";"16";"8066660";"8066660";"7565635";"7565635"
"SCRIPT_API";"dw.catalog.SortingRule#getID()";"2";"6817";"6817";"19";"19"
"SCRIPT_API";"dw.catalog.Variant#getBrand()";"39";"168420";"168420";"618";"618"
"SCRIPT_API";"dw.catalog.Variant#getLongDescription()";"2";"6126177";"6126177";"5897116";"5897116"
"SCRIPT_API";"dw.catalog.Variant#getMasterProduct()";"1";"3756";"3756";"22";"22"
"SCRIPT_API";"dw.catalog.Variant#getName()";"39";"42145083";"42145083";"36674595";"36674595"
"SCRIPT_API";"dw.catalog.Variant#getPageDescription()";"1";"3667773";"3667773";"3486376";"3486376"
"SCRIPT_API";"dw.catalog.Variant#getPageKeywords()";"1";"1202781";"1202781";"1068038";"1068038"
"SCRIPT_API";"dw.catalog.Variant#getPageTitle()";"1";"1278656";"1278656";"1117515";"1117515"
"SCRIPT_API";"dw.catalog.Variant#getShortDescription()";"2";"18516962";"18516962";"18301265";"18301265"
"SCRIPT_API";"dw.catalog.Variant#getTemplate()";"1";"9480";"9480";"0";"0"
"SCRIPT_API";"dw.content.Content#getID()";"48";"87654";"87654";"934";"934"
"SCRIPT_API";"dw.content.Content#getName()";"48";"2971941";"2971941";"1985888";"1985888"
"SCRIPT_API";"dw.content.Content#getPageDescription()";"48";"2552942";"2552942";"1962235";"1962235"
"SCRIPT_API";"dw.content.Content#getPageKeywords()";"48";"2582932";"2582932";"1968593";"1968593"
"SCRIPT_API";"dw.content.Content#getPageMetaTags()";"48";"8548507";"8548507";"7434533";"7434533"
"SCRIPT_API";"dw.content.Content#getPageTitle()";"48";"2662824";"2662824";"1979617";"1979617"
"SCRIPT_API";"dw.content.Content#getTemplate()";"48";"57872";"57872";"991";"991"
"SCRIPT_API";"dw.content.Content#isOnline()";"63";"22489471";"22489471";"18799767";"18799767"
"SCRIPT_API";"dw.content.ContentMgr#getContent(String)";"72";"20179446";"20179446";"16489301";"16489301"
"SCRIPT_API";"dw.content.MarkupText#getMarkup()";"13";"176047";"176047";"374";"374"
"SCRIPT_API";"dw.content.MediaFile#getAbsURL()";"92";"1251235";"1251235";"0";"0"
"SCRIPT_API";"dw.content.MediaFile#getAlt()";"122";"136069";"136069";"3862";"3862"
"SCRIPT_API";"dw.content.MediaFile#getTitle()";"122";"131138";"131138";"4401";"4401"
"SCRIPT_API";"dw.content.MediaFile#getURL()";"122";"142801760";"142801760";"120737798";"120737798"
"SCRIPT_API";"dw.customer.Customer#getAddressBook()";"8";"21246";"21246";"129";"129"
"SCRIPT_API";"dw.customer.Customer#getExternalProfiles()";"8";"11202604";"11202604";"10900919";"10900919"
"SCRIPT_API";"dw.customer.Customer#getProfile()";"31";"92421";"92421";"25082";"25082"
"SCRIPT_API";"dw.customer.Customer#isAuthenticated()";"10";"23483";"23483";"928";"928"
"SCRIPT_API";"dw.customer.Customer#isExternallyAuthenticated()";"10";"56316";"56316";"96";"96"
"SCRIPT_API";"dw.customer.CustomerGroup#getDescription()";"6";"13410546";"13410546";"12491162";"12491162"
"SCRIPT_API";"dw.customer.CustomerGroup#getID()";"6";"20602";"20602";"258";"258"
"SCRIPT_API";"dw.customer.CustomerGroup#isRuleBased()";"6";"51734";"51734";"605";"605"
"SCRIPT_API";"dw.customer.CustomerList#getDescription()";"7";"8199468";"8199468";"7809037";"7809037"
"SCRIPT_API";"dw.customer.CustomerList#getID()";"7";"24321";"24321";"137";"137"
"SCRIPT_API";"dw.customer.CustomerMgr#getCustomerGroups()";"14";"5081638";"5081638";"4045124";"4045124"
"SCRIPT_API";"dw.customer.CustomerMgr#getPasswordConstraints()";"3";"90122";"90122";"255";"255"
"SCRIPT_API";"dw.customer.CustomerMgr#getRegisteredCustomerCount()";"3";"4962922";"4962922";"4460225";"4460225"
"SCRIPT_API";"dw.customer.CustomerMgr#getSiteCustomerList()";"10";"3250930";"3250930";"0";"0"
"SCRIPT_API";"dw.customer.CustomerMgr#searchProfiles(String,String,Object[])";"1";"10946612";"10946612";"5039164";"5039164"
"SCRIPT_API";"dw.experience.PageMgr#getPage(String)";"2";"1390791";"1390791";"1224870";"1224870"
"SCRIPT_API";"dw.experience.PageMgr#getPageByCategory(dw.catalog.Category,Boolean,String)";"2";"5459082";"5459082";"3296521";"3296521"
"SCRIPT_API";"dw.io.PrintWriter#print(String)";"21";"217025";"217025";"5679";"5679"
"SCRIPT_API";"dw.object.ExtensibleObject#getCustom()";"592";"6751201";"6751201";"4223914";"4223914"
"SCRIPT_API";"dw.object.PersistentObject#getCreationDate()";"16";"72371";"72371";"741";"741"
"SCRIPT_API";"dw.object.PersistentObject#getLastModified()";"6";"14873";"14873";"186";"186"
"SCRIPT_API";"dw.object.PersistentObject#getUUID()";"292";"612028";"612028";"37903";"37903"
"SCRIPT_API";"dw.order.BasketMgr#getCurrentBasket()";"60";"10805024";"10805024";"4027733";"4027733"
"SCRIPT_API";"dw.order.BasketMgr#getCurrentOrNewBasket()";"2";"10977888";"10977888";"8207099";"8207099"
"SCRIPT_API";"dw.order.LineItem#getLineItemText()";"56";"83274";"83274";"1834";"1834"
"SCRIPT_API";"dw.order.LineItem#getTaxClassID()";"84";"109723";"109723";"2243";"2243"
"SCRIPT_API";"dw.order.LineItem#getTaxRate()";"56";"79855";"79855";"736";"736"
"SCRIPT_API";"dw.order.LineItem#updateTax(Number)";"28";"8219596";"8219596";"5697777";"5697777"
"SCRIPT_API";"dw.order.LineItemCtnr#createBillingAddress()";"1";"57181";"57181";"0";"0"
"SCRIPT_API";"dw.order.LineItemCtnr#createProductLineItem(dw.catalog.Product,dw.catalog.ProductOptionModel,dw.order.Shipment)";"1";"20111884";"20111884";"15371694";"15371694"
"SCRIPT_API";"dw.order.LineItemCtnr#getAdjustedMerchandizeTotalPrice(Boolean)";"55";"562216";"562216";"0";"0"
"SCRIPT_API";"dw.order.LineItemCtnr#getAdjustedShippingTotalPrice()";"20";"131757";"131757";"0";"0"
"SCRIPT_API";"dw.order.LineItemCtnr#getAllLineItems()";"20";"202662";"202662";"1409";"1409"
"SCRIPT_API";"dw.order.LineItemCtnr#getAllProductLineItems()";"28";"193120";"193120";"7";"7"
"SCRIPT_API";"dw.order.LineItemCtnr#getAllShippingPriceAdjustments()";"15";"69243";"69243";"74";"74"
"SCRIPT_API";"dw.order.LineItemCtnr#getBillingAddress()";"40";"256906";"256906";"759";"759"
"SCRIPT_API";"dw.order.LineItemCtnr#getBonusDiscountLineItems()";"32";"229115";"229115";"553";"553"
"SCRIPT_API";"dw.order.LineItemCtnr#getBonusLineItems()";"10";"77343";"77343";"0";"0"
"SCRIPT_API";"dw.order.LineItemCtnr#getCouponLineItems()";"20";"81079";"81079";"520";"520"
"SCRIPT_API";"dw.order.LineItemCtnr#getCurrencyCode()";"7";"34962";"34962";"593";"593"
"SCRIPT_API";"dw.order.LineItemCtnr#getCustomer()";"7";"58955";"58955";"267";"267"
"SCRIPT_API";"dw.order.LineItemCtnr#getCustomerEmail()";"12";"47286";"47286";"280";"280"
"SCRIPT_API";"dw.order.LineItemCtnr#getDefaultShipment()";"25";"260873";"260873";"146";"146"
"SCRIPT_API";"dw.order.LineItemCtnr#getGiftCertificateLineItems()";"14";"101060";"101060";"334";"334"
"SCRIPT_API";"dw.order.LineItemCtnr#getMerchandizeTotalPrice()";"10";"202239";"202239";"0";"0"
"SCRIPT_API";"dw.order.LineItemCtnr#getPaymentInstruments()";"10";"102153";"102153";"0";"0"
"SCRIPT_API";"dw.order.LineItemCtnr#getPriceAdjustments()";"34";"178970";"178970";"0";"0"
"SCRIPT_API";"dw.order.LineItemCtnr#getProductLineItems()";"46";"626749";"626749";"10675";"10675"
"SCRIPT_API";"dw.order.LineItemCtnr#getProductQuantities()";"28";"675144";"675144";"5982";"5982"
"SCRIPT_API";"dw.order.LineItemCtnr#getProductQuantityTotal()";"23";"129774";"129774";"311";"311"
"SCRIPT_API";"dw.order.LineItemCtnr#getShipments()";"97";"574183";"574183";"3037";"3037"
"SCRIPT_API";"dw.order.LineItemCtnr#getShippingPriceAdjustments()";"14";"80290";"80290";"97";"97"
"SCRIPT_API";"dw.order.LineItemCtnr#getShippingTotalPrice()";"35";"222954";"222954";"0";"0"
"SCRIPT_API";"dw.order.LineItemCtnr#getTotalGrossPrice()";"25";"112398";"112398";"719";"719"
"SCRIPT_API";"dw.order.LineItemCtnr#getTotalTax()";"15";"125144";"125144";"52";"52"
"SCRIPT_API";"dw.order.LineItemCtnr#setCustomerEmail(String)";"1";"32492";"32492";"0";"0"
"SCRIPT_API";"dw.order.LineItemCtnr#updateTotals()";"14";"880591";"880591";"2613";"2613"
"SCRIPT_API";"dw.order.OrderAddress#getAddress1()";"29";"58791";"58791";"1237";"1237"
"SCRIPT_API";"dw.order.OrderAddress#getAddress2()";"19";"44598";"44598";"285";"285"
"SCRIPT_API";"dw.order.OrderAddress#getCity()";"19";"38515";"38515";"244";"244"
"SCRIPT_API";"dw.order.OrderAddress#getCompanyName()";"18";"30774";"30774";"188";"188"
"SCRIPT_API";"dw.order.OrderAddress#getCountryCode()";"37";"5660387";"5660387";"4724628";"4724628"
"SCRIPT_API";"dw.order.OrderAddress#getFirstName()";"29";"58727";"58727";"228";"228"
"SCRIPT_API";"dw.order.OrderAddress#getJobTitle()";"18";"59163";"59163";"137";"137"
"SCRIPT_API";"dw.order.OrderAddress#getLastName()";"19";"82657";"82657";"0";"0"
"SCRIPT_API";"dw.order.OrderAddress#getPhone()";"20";"97803";"97803";"450";"450"
"SCRIPT_API";"dw.order.OrderAddress#getPostBox()";"18";"32510";"32510";"361";"361"
"SCRIPT_API";"dw.order.OrderAddress#getPostalCode()";"19";"36908";"36908";"174";"174"
"SCRIPT_API";"dw.order.OrderAddress#getSalutation()";"18";"40978";"40978";"87";"87"
"SCRIPT_API";"dw.order.OrderAddress#getSecondName()";"18";"35730";"35730";"127";"127"
"SCRIPT_API";"dw.order.OrderAddress#getStateCode()";"19";"64890";"64890";"0";"0"
"SCRIPT_API";"dw.order.OrderAddress#getSuffix()";"18";"35891";"35891";"0";"0"
"SCRIPT_API";"dw.order.OrderAddress#getSuite()";"18";"29193";"29193";"110";"110"
"SCRIPT_API";"dw.order.OrderAddress#getTitle()";"18";"36236";"36236";"142";"142"
"SCRIPT_API";"dw.order.OrderAddress#isEquivalentAddress(Object)";"8";"139849";"139849";"0";"0"
"SCRIPT_API";"dw.order.OrderAddress#setAddress1(String)";"7";"21903";"21903";"79";"79"
"SCRIPT_API";"dw.order.OrderAddress#setAddress2(String)";"7";"15780";"15780";"104";"104"
"SCRIPT_API";"dw.order.OrderAddress#setCity(String)";"7";"15791";"15791";"91";"91"
"SCRIPT_API";"dw.order.OrderAddress#setCountryCode(String)";"7";"23816";"23816";"199";"199"
"SCRIPT_API";"dw.order.OrderAddress#setFirstName(String)";"7";"60470";"60470";"122";"122"
"SCRIPT_API";"dw.order.OrderAddress#setLastName(String)";"7";"16765";"16765";"207";"207"
"SCRIPT_API";"dw.order.OrderAddress#setPhone(String)";"7";"16472";"16472";"74";"74"
"SCRIPT_API";"dw.order.OrderAddress#setPostalCode(String)";"7";"17422";"17422";"90";"90"
"SCRIPT_API";"dw.order.OrderAddress#setStateCode(String)";"7";"18468";"18468";"211";"211"
"SCRIPT_API";"dw.order.PaymentCard#getCardType()";"40";"46276";"46276";"1328";"1328"
"SCRIPT_API";"dw.order.PaymentCard#getName()";"40";"13212993";"13212993";"11906019";"11906019"
"SCRIPT_API";"dw.order.PaymentMethod#getApplicablePaymentCards(dw.customer.Customer,String,Number)";"10";"17593738";"17593738";"16140029";"16140029"
"SCRIPT_API";"dw.order.PaymentMethod#getID()";"10";"28626";"28626";"237";"237"
"SCRIPT_API";"dw.order.PaymentMethod#getName()";"10";"7698546";"7698546";"6766180";"6766180"
"SCRIPT_API";"dw.order.PaymentMgr#getApplicablePaymentMethods(dw.customer.Customer,String,Number)";"10";"16856190";"16856190";"14802685";"14802685"
"SCRIPT_API";"dw.order.PaymentMgr#getPaymentMethod(String)";"10";"4880244";"4880244";"4659489";"4659489"
"SCRIPT_API";"dw.order.ProductLineItem#getAdjustedPrice()";"30";"200005";"200005";"119";"119"
"SCRIPT_API";"dw.order.ProductLineItem#getOptionProductLineItems()";"90";"408447";"408447";"1602";"1602"
"SCRIPT_API";"dw.order.ProductLineItem#getPriceAdjustments()";"65";"400566";"400566";"2059";"2059"
"SCRIPT_API";"dw.order.ProductLineItem#getProduct()";"220";"3394992";"3394992";"0";"0"
"SCRIPT_API";"dw.order.ProductLineItem#getProductInventoryListID()";"30";"75742";"75742";"683";"683"
"SCRIPT_API";"dw.order.ProductLineItem#getQuantity()";"61";"162180";"162180";"934";"934"
"SCRIPT_API";"dw.order.ProductLineItem#getQuantityValue()";"14";"101396";"101396";"171";"171"
"SCRIPT_API";"dw.order.ProductLineItem#getShipment()";"30";"120883";"120883";"1006";"1006"
"SCRIPT_API";"dw.order.ProductLineItem#isBonusProductLineItem()";"88";"157252";"157252";"2222";"2222"
"SCRIPT_API";"dw.order.ProductLineItem#isBundledProductLineItem()";"28";"66364";"66364";"380";"380"
"SCRIPT_API";"dw.order.ProductLineItem#isCatalogProduct()";"28";"132026";"132026";"353";"353"
"SCRIPT_API";"dw.order.ProductLineItem#isGift()";"30";"106187";"106187";"1685";"1685"
"SCRIPT_API";"dw.order.ProductLineItem#isOptionProductLineItem()";"28";"73064";"73064";"0";"0"
"SCRIPT_API";"dw.order.ProductLineItem#setPriceValue(Number)";"28";"587866";"587866";"0";"0"
"SCRIPT_API";"dw.order.ProductLineItem#setQuantityValue(Number)";"1";"11830";"11830";"0";"0"
"SCRIPT_API";"dw.order.Shipment#createShippingAddress()";"1";"92356";"92356";"0";"0"
"SCRIPT_API";"dw.order.Shipment#getAllLineItems()";"14";"233864";"233864";"3319";"3319"
"SCRIPT_API";"dw.order.Shipment#getGiftMessage()";"15";"31805";"31805";"261";"261"
"SCRIPT_API";"dw.order.Shipment#getProductLineItems()";"23";"142010";"142010";"169";"169"
"SCRIPT_API";"dw.order.Shipment#getShippingAddress()";"102";"377452";"377452";"2687";"2687"
"SCRIPT_API";"dw.order.Shipment#getShippingMethod()";"90";"442687";"442687";"791";"791"
"SCRIPT_API";"dw.order.Shipment#getShippingPriceAdjustments()";"5";"34000";"34000";"111";"111"
"SCRIPT_API";"dw.order.Shipment#isGift()";"15";"86161";"86161";"322";"322"
"SCRIPT_API";"dw.order.Shipment#setGift(Boolean)";"6";"31146";"31146";"162";"162"
"SCRIPT_API";"dw.order.Shipment#setGiftMessage(String)";"6";"14109";"14109";"95";"95"
"SCRIPT_API";"dw.order.Shipment#setShippingMethod(dw.order.ShippingMethod)";"7";"94564";"94564";"79";"79"
"SCRIPT_API";"dw.order.ShipmentShippingCost#getAmount()";"140";"108500";"108500";"4100";"4100"
"SCRIPT_API";"dw.order.ShipmentShippingModel#getApplicableShippingMethods()";"22";"33253449";"33253449";"24929645";"24929645"
"SCRIPT_API";"dw.order.ShipmentShippingModel#getShippingCost(dw.order.ShippingMethod)";"70";"18360743";"18360743";"11480424";"11480424"
"SCRIPT_API";"dw.order.ShippingLocation(dw.order.OrderAddress)";"10";"867479";"867479";"4171";"4171"
"SCRIPT_API";"dw.order.ShippingMethod#getDescription()";"70";"2790273";"2790273";"1922962";"1922962"
"SCRIPT_API";"dw.order.ShippingMethod#getDisplayName()";"70";"3240955";"3240955";"1924300";"1924300"
"SCRIPT_API";"dw.order.ShippingMethod#getID()";"224";"253496";"253496";"12746";"12746"
"SCRIPT_API";"dw.order.ShippingMethod#isDefaultMethod()";"70";"91729";"91729";"4951";"4951"
"SCRIPT_API";"dw.order.ShippingMgr#applyShippingCost(dw.order.LineItemCtnr)";"14";"12706675";"12706675";"7120474";"7120474"
"SCRIPT_API";"dw.order.ShippingMgr#getDefaultShippingMethod()";"7";"12785235";"12785235";"12141078";"12141078"
"SCRIPT_API";"dw.order.ShippingMgr#getShipmentShippingModel(dw.order.Shipment)";"92";"123920";"123920";"4205";"4205"
"SCRIPT_API";"dw.order.TaxMgr#getCustomRateTaxClassID()";"28";"30006";"30006";"772";"772"
"SCRIPT_API";"dw.order.TaxMgr#getDefaultTaxJurisdictionID()";"4";"5431561";"5431561";"5203960";"5203960"
"SCRIPT_API";"dw.order.TaxMgr#getTaxJurisdictionID(dw.order.ShippingLocation)";"10";"9412769";"9412769";"8732383";"8732383"
"SCRIPT_API";"dw.order.TaxMgr#getTaxRate(String,String)";"28";"16947203";"16947203";"16231576";"16231576"
"SCRIPT_API";"dw.system.HookMgr#callHook(String,String,Object[])";"69";"353498196";"5188623";"207876736";"0"
"SCRIPT_API";"dw.system.HookMgr#hasHook(String)";"877";"5060551";"5060551";"78527";"78527"
"SCRIPT_API";"dw.system.Logger#debug(String,Object[])";"56";"532861";"532861";"210";"210"
"SCRIPT_API";"dw.system.Logger#warn(String,Object[])";"6";"13446452";"13446452";"11036396";"11036396"
"SCRIPT_API";"dw.system.Request#getHttpHeaders()";"858";"14699993";"14699993";"0";"0"
"SCRIPT_API";"dw.system.Request#getHttpHost()";"873";"955475";"955475";"15759";"15759"
"SCRIPT_API";"dw.system.Request#getHttpMethod()";"858";"627978";"627978";"16936";"16936"
"SCRIPT_API";"dw.system.Request#getHttpParameterMap()";"8";"13024";"13024";"405";"405"
"SCRIPT_API";"dw.system.Request#getHttpPath()";"858";"1286188";"1286188";"8531";"8531"
"SCRIPT_API";"dw.system.Request#getHttpQueryString()";"1199";"1449364";"1449364";"119482";"119482"
"SCRIPT_API";"dw.system.Request#getLocale()";"1073";"1010759";"1010759";"82010";"82010"
"SCRIPT_API";"dw.system.Request#getPageMetaData()";"19";"33717";"33717";"3139";"3139"
"SCRIPT_API";"dw.system.Request#getRequestID()";"22";"25393";"25393";"684";"684"
"SCRIPT_API";"dw.system.Request#isHttpSecure()";"858";"795787";"795787";"20424";"20424"
"SCRIPT_API";"dw.system.Request#isIncludeRequest()";"1716";"1255710";"1255710";"42738";"42738"
"SCRIPT_API";"dw.system.Response#getWriter()";"21";"12258830";"12258830";"0";"0"
"SCRIPT_API";"dw.system.Response#redirect(dw.web.URL)";"1";"67524";"67524";"0";"0"
"SCRIPT_API";"dw.system.Response#setContentType(String)";"21";"95749";"95749";"4069";"4069"
"SCRIPT_API";"dw.system.Response#setExpires(Date)";"86";"296160";"296160";"12041";"12041"
"SCRIPT_API";"dw.system.Response#setHttpHeader(String,String)";"1716";"2305340";"2305340";"36063";"36063"
"SCRIPT_API";"dw.system.Response#setStatus(Number)";"10";"65840";"65840";"1201";"1201"
"SCRIPT_API";"dw.system.Response#setVaryBy(String)";"24";"38988";"38988";"468";"468"
"SCRIPT_API";"dw.system.Session#getClickStream()";"2";"9912";"9912";"50";"50"
"SCRIPT_API";"dw.system.Session#getCurrency()";"1608";"4600890";"4600890";"8186";"8186"
"SCRIPT_API";"dw.system.Session#getForms()";"33";"106609";"106609";"9433";"9433"
"SCRIPT_API";"dw.system.Session#getPrivacy()";"136";"244674";"244674";"12958";"12958"
"SCRIPT_API";"dw.system.Session#setTrackingAllowed(Boolean)";"25";"244054";"244054";"68";"68"
"SCRIPT_API";"dw.system.Site#getAllowedLocales()";"12";"65207";"65207";"31";"31"
"SCRIPT_API";"dw.system.Site#getCalendar()";"2";"1456902";"1456902";"1255097";"1255097"
"SCRIPT_API";"dw.system.Site#getCurrent()";"23";"4880451";"4880451";"3791776";"3791776"
"SCRIPT_API";"dw.system.Site#getID()";"12";"18486";"18486";"370";"370"
"SCRIPT_API";"dw.system.Site#getPageMetaTags()";"2";"2490598";"2490598";"1361877";"1361877"
"SCRIPT_API";"dw.system.Site#getPreferences()";"9";"1668598";"1668598";"1459998";"1459998"
"SCRIPT_API";"dw.system.Status(Number)";"42";"93888";"93888";"2024";"2024"
"SCRIPT_API";"dw.system.System#getInstanceType()";"39";"70204";"70204";"3028";"3028"
"SCRIPT_API";"dw.system.Transaction#wrap(Function)";"34";"350357508";"7391984";"217420000";"1008253"
"SCRIPT_API";"dw.template.ISML#renderTemplate(String,Object)";"142";"625155635";"19052537";"320559974";"0"
"SCRIPT_API";"dw.util.ArrayList()";"22";"33515";"33515";"726";"726"
"SCRIPT_API";"dw.util.Calendar#getTime()";"2";"5964";"5964";"50";"50"
"SCRIPT_API";"dw.util.Collection#getLength()";"228";"372475";"372475";"7116";"7116"
"SCRIPT_API";"dw.util.Collection#isEmpty()";"31";"41511";"41511";"725";"725"
"SCRIPT_API";"dw.util.Collection#iterator()";"793";"1098033";"1098033";"44184";"44184"
"SCRIPT_API";"dw.util.Collection#size()";"4";"9520";"9520";"103";"103"
"SCRIPT_API";"dw.util.Collection#toArray()";"1";"12990";"12990";"45";"45"
"SCRIPT_API";"dw.util.Currency#getCurrencyCode()";"1154";"662437";"662437";"24812";"24812"
"SCRIPT_API";"dw.util.Currency#getDefaultFractionDigits()";"970";"589270";"589270";"15129";"15129"
"SCRIPT_API";"dw.util.Currency#getName()";"970";"558112";"558112";"13923";"13923"
"SCRIPT_API";"dw.util.Currency#getSymbol()";"970";"577365";"577365";"13620";"13620"
"SCRIPT_API";"dw.util.Decimal#get()";"55";"60216";"60216";"1139";"1139"
"SCRIPT_API";"dw.util.Decimal#toString()";"55";"75737";"75737";"1183";"1183"
"SCRIPT_API";"dw.util.HashMap()";"119";"216931";"216931";"6022";"6022"
"SCRIPT_API";"dw.util.Iterator#hasNext()";"1556";"1493040";"1493040";"58729";"58729"
"SCRIPT_API";"dw.util.Iterator#next()";"837";"1756597";"1756597";"12531";"12531"
"SCRIPT_API";"dw.util.List#get(Number)";"2";"12478";"12478";"47";"47"
"SCRIPT_API";"dw.util.List#indexOf(Object)";"160";"139986";"139986";"5330";"5330"
"SCRIPT_API";"dw.util.List#size()";"15";"38758";"38758";"565";"565"
"SCRIPT_API";"dw.util.Locale#getCountry()";"22";"47951";"47951";"2948";"2948"
"SCRIPT_API";"dw.util.Locale#getDisplayCountry()";"12";"91220";"91220";"5";"5"
"SCRIPT_API";"dw.util.Locale#getDisplayLanguage()";"12";"18050";"18050";"108";"108"
"SCRIPT_API";"dw.util.Locale#getDisplayName()";"12";"169583";"169583";"0";"0"
"SCRIPT_API";"dw.util.Locale#getID()";"1200";"778635";"778635";"22891";"22891"
"SCRIPT_API";"dw.util.Locale#getLanguage()";"21";"32857";"32857";"321";"321"
"SCRIPT_API";"dw.util.Locale#getLocale(String)";"215";"1000293";"1000293";"1121";"1121"
"SCRIPT_API";"dw.util.Map#get(Object)";"66";"218624";"218624";"1435";"1435"
"SCRIPT_API";"dw.util.Map#keySet()";"28";"63320";"63320";"986";"986"
"SCRIPT_API";"dw.util.Map#put(Object,Object)";"119";"251603";"251603";"5905";"5905"
"SCRIPT_API";"dw.util.SecureEncoder#forHtmlInDoubleQuoteAttribute(String)";"104";"138045";"138045";"1943";"1943"
"SCRIPT_API";"dw.util.SeekableIterator#getCount()";"1";"7826";"7826";"41";"41"
"SCRIPT_API";"dw.util.StringUtils#formatInteger(Number)";"4";"234586";"234586";"0";"0"
"SCRIPT_API";"dw.util.StringUtils#formatMoney(dw.value.Money)";"245";"3330357";"3330357";"0";"0"
"SCRIPT_API";"dw.util.StringUtils#formatNumber(Number,String,String)";"33";"623510";"623510";"0";"0"
"SCRIPT_API";"dw.util.Template#render(dw.util.Map)";"82";"36330796";"9859786";"0";"0"
"SCRIPT_API";"dw.util.Template(String)";"82";"154649";"154649";"1993";"1993"
"SCRIPT_API";"dw.value.EnumValue#getDisplayValue()";"18";"21471";"21471";"386";"386"
"SCRIPT_API";"dw.value.EnumValue#getValue()";"19";"22144";"22144";"401";"401"
"SCRIPT_API";"dw.value.MimeEncodedText#getText()";"82";"113688";"113688";"2107";"2107"
"SCRIPT_API";"dw.value.Money#getCurrencyCode()";"125";"116188";"116188";"1823";"1823"
"SCRIPT_API";"dw.value.Money#getDecimalValue()";"110";"132575";"132575";"2594";"2594"
"SCRIPT_API";"dw.value.Money#getValue()";"297";"211645";"211645";"7456";"7456"
"SCRIPT_API";"dw.value.Money#getValueOrNull()";"114";"158754";"158754";"2263";"2263"
"SCRIPT_API";"dw.value.Money#isAvailable()";"300";"206334";"206334";"9642";"9642"
"SCRIPT_API";"dw.value.Money#subtract(dw.value.Money)";"30";"43299";"43299";"742";"742"
"SCRIPT_API";"dw.value.Money(Number,String)";"70";"176075";"176075";"2079";"2079"
"SCRIPT_API";"dw.value.Quantity#getValue()";"333";"270929";"270929";"6769";"6769"
"SCRIPT_API";"dw.web.CSRFProtection#generateToken()";"43";"1594780";"1594780";"0";"0"
"SCRIPT_API";"dw.web.CSRFProtection#getTokenName()";"43";"116828";"116828";"5052";"5052"
"SCRIPT_API";"dw.web.CSRFProtection#validateRequest()";"9";"616884";"616884";"1435";"1435"
"SCRIPT_API";"dw.web.ClickStream#getClicks()";"1";"6254";"6254";"0";"0"
"SCRIPT_API";"dw.web.ClickStream#isPartial()";"1";"2911";"2911";"2";"2"
"SCRIPT_API";"dw.web.ClickStreamEntry#getHost()";"6";"4127";"4127";"190";"190"
"SCRIPT_API";"dw.web.ClickStreamEntry#getLocale()";"6";"3759";"3759";"86";"86"
"SCRIPT_API";"dw.web.ClickStreamEntry#getPath()";"6";"4180";"4180";"77";"77"
"SCRIPT_API";"dw.web.ClickStreamEntry#getPipelineName()";"6";"4557";"4557";"69";"69"
"SCRIPT_API";"dw.web.ClickStreamEntry#getQueryString()";"6";"29118";"29118";"0";"0"
"SCRIPT_API";"dw.web.ClickStreamEntry#getReferer()";"6";"4067";"4067";"51";"51"
"SCRIPT_API";"dw.web.ClickStreamEntry#getRemoteAddress()";"6";"5338";"5338";"60";"60"
"SCRIPT_API";"dw.web.ClickStreamEntry#getTimestamp()";"6";"5405";"5405";"89";"89"
"SCRIPT_API";"dw.web.ClickStreamEntry#getUrl()";"6";"8953";"8953";"134";"134"
"SCRIPT_API";"dw.web.ClickStreamEntry#getUserAgent()";"6";"4387";"4387";"9";"9"
"SCRIPT_API";"dw.web.FormAction#getDescription()";"66";"69591";"69591";"2953";"2953"
"SCRIPT_API";"dw.web.FormAction#getLabel()";"66";"61867";"61867";"1284";"1284"
"SCRIPT_API";"dw.web.FormAction#isSubmitted()";"66";"63953";"63953";"960";"960"
"SCRIPT_API";"dw.web.FormAction#isTriggered()";"66";"57640";"57640";"682";"682"
"SCRIPT_API";"dw.web.FormElement#clearFormElement()";"13";"163171";"163171";"122";"122"
"SCRIPT_API";"dw.web.FormElement#getDynamicHtmlName()";"622";"1118492";"1118492";"13481";"13481"
"SCRIPT_API";"dw.web.FormElement#getHtmlName()";"882";"12750336";"12750336";"11894414";"11894414"
"SCRIPT_API";"dw.web.FormElement#isValid()";"622";"5975549";"5975549";"5135434";"5135434"
"SCRIPT_API";"dw.web.FormField#getDescription()";"522";"578269";"578269";"11169";"11169"
"SCRIPT_API";"dw.web.FormField#getError()";"492";"284930";"284930";"15421";"15421"
"SCRIPT_API";"dw.web.FormField#getHtmlValue()";"700";"552888";"552888";"19012";"19012"
"SCRIPT_API";"dw.web.FormField#getLabel()";"912";"793054";"793054";"20038";"20038"
"SCRIPT_API";"dw.web.FormField#getMaxLength()";"406";"249329";"249329";"15636";"15636"
"SCRIPT_API";"dw.web.FormField#getMaxValue()";"12";"14748";"14748";"461";"461"
"SCRIPT_API";"dw.web.FormField#getMinLength()";"406";"314424";"314424";"12486";"12486"
"SCRIPT_API";"dw.web.FormField#getMinValue()";"12";"12582";"12582";"318";"318"
"SCRIPT_API";"dw.web.FormField#getOptions()";"12640";"6439204";"6439204";"223386";"223386"
"SCRIPT_API";"dw.web.FormField#getRegEx()";"406";"247113";"247113";"13459";"13459"
"SCRIPT_API";"dw.web.FormField#getSelectedOption()";"86";"495552";"495552";"0";"0"
"SCRIPT_API";"dw.web.FormField#getType()";"1088";"691217";"691217";"39451";"39451"
"SCRIPT_API";"dw.web.FormField#getValue()";"73";"63682";"63682";"3746";"3746"
"SCRIPT_API";"dw.web.FormField#isChecked()";"74";"95907";"95907";"2585";"2585"
"SCRIPT_API";"dw.web.FormField#isMandatory()";"566";"341843";"341843";"2868";"2868"
"SCRIPT_API";"dw.web.FormField#isSelected()";"74";"67936";"67936";"2400";"2400"
"SCRIPT_API";"dw.web.FormFieldOption#getHtmlValue()";"1620";"2759393";"2759393";"1242";"1242"
"SCRIPT_API";"dw.web.FormFieldOption#getLabel()";"3240";"2335859";"2335859";"68786";"68786"
"SCRIPT_API";"dw.web.FormFieldOption#getOptionId()";"1646";"845278";"845278";"39780";"39780"
"SCRIPT_API";"dw.web.FormFieldOption#getValue()";"1620";"981613";"981613";"65919";"65919"
"SCRIPT_API";"dw.web.FormFieldOption#isChecked()";"1620";"886147";"886147";"42496";"42496"
"SCRIPT_API";"dw.web.FormFieldOption#isSelected()";"1620";"856442";"856442";"40397";"40397"
"SCRIPT_API";"dw.web.FormFieldOptions#getOptionsCount()";"680";"428739";"428739";"11236";"11236"
"SCRIPT_API";"dw.web.FormGroup#getError()";"130";"170377";"170377";"2021";"2021"
"SCRIPT_API";"dw.web.HttpParameter#getDoubleValue()";"4";"11869";"11869";"152";"152"
"SCRIPT_API";"dw.web.HttpParameter#getRawValue()";"36";"23061";"23061";"1740";"1740"
"SCRIPT_API";"dw.web.HttpParameterMap#get(Object)";"18";"12887";"12887";"432";"432"
"SCRIPT_API";"dw.web.HttpParameterMap#getParameterNames()";"12";"9337";"9337";"440";"440"
"SCRIPT_API";"dw.web.LoopIterator#getCount()";"64";"68917";"68917";"6199";"6199"
"SCRIPT_API";"dw.web.LoopIterator#getIndex()";"86";"52765";"52765";"3605";"3605"
"SCRIPT_API";"dw.web.LoopIterator#isFirst()";"3";"13873";"13873";"158";"158"
"SCRIPT_API";"dw.web.LoopIterator#isLast()";"3";"6347";"6347";"331";"331"
"SCRIPT_API";"dw.web.PageMetaData#addPageMetaTags(Array)";"3";"49867";"49867";"154";"154"
"SCRIPT_API";"dw.web.PageMetaData#getDescription()";"25";"20762";"20762";"415";"415"
"SCRIPT_API";"dw.web.PageMetaData#getKeywords()";"25";"22518";"22518";"460";"460"
"SCRIPT_API";"dw.web.PageMetaData#getPageMetaTags()";"25";"84508";"84508";"0";"0"
"SCRIPT_API";"dw.web.PageMetaData#getTitle()";"25";"26495";"26495";"958";"958"
"SCRIPT_API";"dw.web.PageMetaTag#getContent()";"6";"9249";"9249";"156";"156"
"SCRIPT_API";"dw.web.PageMetaTag#getID()";"8";"17520";"17520";"231";"231"
"SCRIPT_API";"dw.web.PageMetaTag#isName()";"12";"15844";"15844";"379";"379"
"SCRIPT_API";"dw.web.PageMetaTag#isProperty()";"2";"7134";"7134";"56";"56"
"SCRIPT_API";"dw.web.PageMetaTag#isTitle()";"6";"14698";"14698";"320";"320"
"SCRIPT_API";"dw.web.PagingModel#appendPaging(dw.web.URL)";"2";"20739";"20739";"2";"2"
"SCRIPT_API";"dw.web.PagingModel#getCurrentPage()";"2";"4609";"4609";"100";"100"
"SCRIPT_API";"dw.web.PagingModel#getEnd()";"18";"17254";"17254";"523";"523"
"SCRIPT_API";"dw.web.PagingModel#getPageElements()";"2";"13101";"13101";"25";"25"
"SCRIPT_API";"dw.web.PagingModel#setPageSize(Number)";"4";"6716";"6716";"76";"76"
"SCRIPT_API";"dw.web.PagingModel#setStart(Number)";"6";"12048";"12048";"201";"201"
"SCRIPT_API";"dw.web.PagingModel(dw.util.Iterator,Number)";"4";"21239";"21239";"98";"98"
"SCRIPT_API";"dw.web.Resource#msg(String,String,String)";"3069";"114229443";"114229443";"1761626";"1761626"
"SCRIPT_API";"dw.web.Resource#msgf(String,String,String,Object[])";"118";"10591736";"10591736";"14533";"14533"
"SCRIPT_API";"dw.web.URL#append(String,String)";"1";"4420";"4420";"35";"35"
"SCRIPT_API";"dw.web.URL#appendCSRFTokenBM()";"2";"5718";"5718";"49";"49"
"SCRIPT_API";"dw.web.URL#relative()";"50";"124245";"124245";"496";"496"
"SCRIPT_API";"dw.web.URL#toString()";"384";"103468105";"103468105";"89225244";"89225244"
"SCRIPT_API";"dw.web.URLAction(String,String)";"2";"36860";"36860";"0";"0"
"SCRIPT_API";"dw.web.URLUtils#abs(String,String[])";"12";"104931";"104931";"1076";"1076"
"SCRIPT_API";"dw.web.URLUtils#home()";"1";"28505";"28505";"0";"0"
"SCRIPT_API";"dw.web.URLUtils#https(String,String[])";"56";"447575";"447575";"3968";"3968"
"SCRIPT_API";"dw.web.URLUtils#https(dw.web.URLAction,dw.web.URLParameter[])";"2";"39787";"39787";"0";"0"
"SCRIPT_API";"dw.web.URLUtils#staticURL(String)";"118";"86250982";"86250982";"71948559";"71948559"
"SCRIPT_API";"dw.web.URLUtils#url(String,String[])";"348";"1388182";"1388182";"21956";"21956"
"SCRIPT_API";"java.lang.Object#getClass()";"21";"491179";"491179";"1573";"1573"
"SCRIPT_CONTROLLER";"app_storefront_base/cartridge/controllers/Account.js#Header";"12";"53789360";"40664395";"903567";"0"
"SCRIPT_CONTROLLER";"app_storefront_base/cartridge/controllers/Account.js#Show";"1";"6125239";"5444139";"311";"0"
"SCRIPT_CONTROLLER";"app_storefront_base/cartridge/controllers/Cart.js#AddProduct";"1";"262620370";"48710880";"182859308";"23945260"
"SCRIPT_CONTROLLER";"app_storefront_base/cartridge/controllers/Cart.js#MiniCart";"6";"32476661";"25152218";"710814";"681313"
"SCRIPT_CONTROLLER";"app_storefront_base/cartridge/controllers/Cart.js#MiniCartShow";"2";"140104935";"85734261";"14847861";"6758102"
"SCRIPT_CONTROLLER";"app_storefront_base/cartridge/controllers/Cart.js#Show";"2";"137850439";"48201677";"53107637";"19888215"
"SCRIPT_CONTROLLER";"app_storefront_base/cartridge/controllers/Checkout.js#Begin";"3";"533561156";"253270096";"95418020";"11419570"
"SCRIPT_CONTROLLER";"app_storefront_base/cartridge/controllers/CheckoutServices.js#SubmitCustomer";"1";"51483252";"35511466";"25520471";"20202280"
"SCRIPT_CONTROLLER";"app_storefront_base/cartridge/controllers/CheckoutShippingServices.js#SelectShippingMethod";"3";"2767836";"2767836";"441057";"441057"
"SCRIPT_CONTROLLER";"app_storefront_base/cartridge/controllers/CheckoutShippingServices.js#SubmitShipping";"12";"330649142108";"330326123827";"330305662959";"330140851472"
"SCRIPT_CONTROLLER";"app_storefront_base/cartridge/controllers/CheckoutShippingServices.js#UpdateShippingMethodsList";"1";"7674182";"7674182";"6015427";"6015427"
"SCRIPT_CONTROLLER";"app_storefront_base/cartridge/controllers/ConsentTracking.js#Check";"9";"29928724";"18517673";"4073802";"0"
"SCRIPT_CONTROLLER";"app_storefront_base/cartridge/controllers/ConsentTracking.js#GetContent";"1";"6213043";"4494777";"3101538";"2092391"
"SCRIPT_CONTROLLER";"app_storefront_base/cartridge/controllers/ConsentTracking.js#SetConsent";"1";"3956114";"2919401";"344";"0"
"SCRIPT_CONTROLLER";"app_storefront_base/cartridge/controllers/Default.js#Start";"2";"69036109";"17526833";"26082335";"0"
"SCRIPT_CONTROLLER";"app_storefront_base/cartridge/controllers/Error.js#Start";"10";"45463090";"27598868";"696629";"0"
"SCRIPT_CONTROLLER";"app_storefront_base/cartridge/controllers/Login.js#Show";"1";"50796687";"3944534";"25064717";"34229"
"SCRIPT_CONTROLLER";"app_storefront_base/cartridge/controllers/Page.js#Include";"53";"262815798";"127581011";"111657947";"19602584"
"SCRIPT_CONTROLLER";"app_storefront_base/cartridge/controllers/Page.js#IncludeHeaderMenu";"6";"168237663";"42179414";"129160866";"22282226"
"SCRIPT_CONTROLLER";"app_storefront_base/cartridge/controllers/Page.js#Locale";"12";"33255523";"26539669";"3599";"0"
"SCRIPT_CONTROLLER";"app_storefront_base/cartridge/controllers/Product.js#ShowQuickView";"1";"194396046";"20074804";"142904952";"1042746"
"SCRIPT_CONTROLLER";"app_storefront_base/cartridge/controllers/Product.js#Variation";"1";"95091515";"21060727";"75981515";"10893981"
"SCRIPT_CONTROLLER";"app_storefront_base/cartridge/controllers/ReportingEvent.js#MiniCart";"1";"4424241";"3180702";"189";"0"
"SCRIPT_CONTROLLER";"app_storefront_base/cartridge/controllers/ReportingEvent.js#Start";"8";"16417327";"14183729";"1966";"0"
"SCRIPT_CONTROLLER";"app_storefront_base/cartridge/controllers/Search.js#Refinebar";"1";"13493290";"4179403";"6711170";"949509"
"SCRIPT_CONTROLLER";"app_storefront_base/cartridge/controllers/Search.js#Show";"1";"443303454";"31434081";"341476633";"2793523"
"SCRIPT_CONTROLLER";"app_storefront_base/cartridge/controllers/Tile.js#Show";"22";"637060632";"161586850";"326411188";"647519"
"SCRIPT_HOOK";"app_storefront_base/cartridge/scripts/hooks/cart/calculate.js#calculate";"14";"276257043";"14299383";"164597193";"31468"
"SCRIPT_HOOK";"app_storefront_base/cartridge/scripts/hooks/cart/calculate.js#calculateShipping";"14";"13725039";"968552";"7129846";"8484"
"SCRIPT_HOOK";"app_storefront_base/cartridge/scripts/hooks/cart/calculate.js#calculateTax";"14";"58327491";"15231660";"36152620";"253400"
"SF_PAGE";"/Sites-RefArch-Site/-/null-null";"2";"69612101";"575992";"26083492";"1157"
"SF_PAGE";"/Sites-RefArch-Site/en_US/Account-Header";"12";"55571259";"1781899";"910641";"7074"
"SF_PAGE";"/Sites-RefArch-Site/en_US/Account-Show";"1";"7902706";"1777467";"335952";"335641"
"SF_PAGE";"/Sites-RefArch-Site/en_US/Cart-AddProduct";"1";"272533215";"9912845";"189213582";"6354274"
"SF_PAGE";"/Sites-RefArch-Site/en_US/Cart-MiniCart";"6";"33359893";"883232";"714307";"3493"
"SF_PAGE";"/Sites-RefArch-Site/en_US/Cart-MiniCartShow";"2";"140527186";"422251";"14848979";"1118"
"SF_PAGE";"/Sites-RefArch-Site/en_US/Cart-Show";"2";"138321360";"470921";"53108615";"978"
"SF_PAGE";"/Sites-RefArch-Site/en_US/Checkout-Begin";"3";"534375289";"814133";"95419585";"1565"
"SF_PAGE";"/Sites-RefArch-Site/en_US/CheckoutServices-SubmitCustomer";"1";"56308149";"4824897";"29314846";"3794375"
"SF_PAGE";"/Sites-RefArch-Site/en_US/CheckoutShippingServices-SelectShippingMethod";"3";"18544074";"5335374";"445195";"1175"
"SF_PAGE";"/Sites-RefArch-Site/en_US/CheckoutShippingServices-SubmitShipping";"12";"330712854633";"33790487";"330317941136";"11585286"
"SF_PAGE";"/Sites-RefArch-Site/en_US/CheckoutShippingServices-UpdateShippingMethodsList";"1";"18078641";"5304271";"8225018";"2208816"
"SF_PAGE";"/Sites-RefArch-Site/en_US/ConsentTracking-Check";"9";"31251283";"1322559";"4078571";"4769"
"SF_PAGE";"/Sites-RefArch-Site/en_US/ConsentTracking-GetContent";"1";"6369894";"156851";"3102167";"629"
"SF_PAGE";"/Sites-RefArch-Site/en_US/ConsentTracking-SetConsent";"1";"4303122";"347008";"1056";"712"
"SF_PAGE";"/Sites-RefArch-Site/en_US/Login-Show";"1";"51356534";"559847";"25298532";"233815"
"SF_PAGE";"/Sites-RefArch-Site/en_US/Page-Include";"53";"269729048";"6913250";"111692351";"34404"
"SF_PAGE";"/Sites-RefArch-Site/en_US/Page-IncludeHeaderMenu";"6";"168998590";"760927";"129165086";"4220"
"SF_PAGE";"/Sites-RefArch-Site/en_US/Page-Locale";"12";"35094079";"1838556";"11333";"7734"
"SF_PAGE";"/Sites-RefArch-Site/en_US/Product-ShowQuickView";"1";"194810422";"414376";"142905606";"654"
"SF_PAGE";"/Sites-RefArch-Site/en_US/Product-Variation";"1";"95390610";"299095";"75982278";"763"
"SF_PAGE";"/Sites-RefArch-Site/en_US/ReportingEvent-MiniCart";"1";"4627119";"202878";"757";"568"
"SF_PAGE";"/Sites-RefArch-Site/en_US/ReportingEvent-Start";"8";"17786560";"1369233";"7453";"5487"
"SF_PAGE";"/Sites-RefArch-Site/en_US/Search-Refinebar";"1";"13621976";"128686";"6712012";"842"
"SF_PAGE";"/Sites-RefArch-Site/en_US/Search-Show";"1";"443639324";"335870";"341476752";"119"
"SF_PAGE";"/Sites-RefArch-Site/en_US/Tile-Show";"22";"640646834";"3586202";"326426141";"14953"
"SF_PAGE";"/Sites-RefArch-Site/en_US/__SYSTEM__Slot-Render";"26";"177310865";"96776261";"130215424";"77559112"
"SF_PAGE";"/Sites-RefArch-Site/en_US/__SYSTEM__Slot-Request";"28";"207184460";"207184460";"169476686";"169476686"
"SF_PAGE";"/Sites-RefArch-Site/en_US/__SYSTEM__StorefrontToolkit-Start";"8";"6855749";"6855749";"6109";"6109"
