"Type";"Name";"Count";"TotalTime";"OwnTime";"TotalWaitTime";"OwnWaitTime"
"ISML";"app_storefront_base/default//common/consent";"1";"481284";"423775";"191";"0"
"ISML";"app_storefront_base/default//common/htmlHead";"9";"54310766";"14274029";"43331824";"9311978"
"ISML";"app_storefront_base/default//common/scripts";"18";"1616958";"1154746";"0";"0"
"ISML";"app_storefront_base/default//components/content/contentAsset";"52";"1676223";"1568046";"1061";"431"
"ISML";"app_storefront_base/default//components/content/offlineContent";"23";"679112";"679112";"0";"0"
"ISML";"app_storefront_base/default//components/footer/pageFooter";"9";"3199112";"1584882";"1754";"0"
"ISML";"app_storefront_base/default//components/header/countrySelector";"3";"427065";"427065";"195";"195"
"ISML";"app_storefront_base/default//components/header/menu";"3";"1486409";"1185067";"0";"0"
"ISML";"app_storefront_base/default//components/header/miniCart";"3";"1003368";"860757";"246";"0"
"ISML";"app_storefront_base/default//components/header/mobileCountrySelector";"3";"370138";"370138";"68";"68"
"ISML";"app_storefront_base/default//components/header/pageHeader";"7";"10728590";"2474990";"4885357";"0"
"ISML";"app_storefront_base/default//components/header/pageHeaderNomenu";"2";"7633619";"2949320";"5940115";"2226297"
"ISML";"app_storefront_base/default//components/header/skipNav";"9";"627907";"433553";"541";"0"
"ISML";"app_storefront_base/default//components/modules";"9";"100953";"100953";"647";"647"
"ISML";"app_storefront_base/default//components/schema";"7";"426394";"426394";"5935";"5935"
"ISML";"app_storefront_base/default//product/components/pricing/default";"53";"6058798";"4156913";"5959";"2603"
"ISML";"app_storefront_base/default//product/components/pricing/formatted";"54";"959298";"959298";"3975";"3975"
"ISML";"app_storefront_base/default//product/components/pricing/main";"5";"472335";"178518";"536";"306"
"ISML";"app_storefront_base/default//reporting/reporting";"6";"209426";"209426";"250";"250"
"ISML";"app_storefront_base/default//reporting/reportingUrls";"1";"215113";"215113";"0";"0"
"ISML";"app_storefront_base/default//search/searchRefineBar";"1";"638325";"269053";"305";"0"
"ISML";"app_storefront_base/default/account/header";"3";"1625526";"691100";"291";"47"
"ISML";"app_storefront_base/default/account/mobileHeader";"3";"591220";"521524";"403";"186"
"ISML";"app_storefront_base/default/cart/cartCouponDisplay";"16";"1336717";"1336717";"2263";"2263"
"ISML";"app_storefront_base/default/cart/cartRemoveProductModal";"3";"220041";"165607";"61";"0"
"ISML";"app_storefront_base/default/cart/checkoutButtons";"3";"254770";"216793";"304";"26"
"ISML";"app_storefront_base/default/cart/productCard/cartProductCardAvailability";"5";"205540";"205540";"0";"0"
"ISML";"app_storefront_base/default/checkout/addressSummary";"4";"155909";"155909";"215";"215"
"ISML";"app_storefront_base/default/checkout/billing/addressSelector";"2";"464191";"381866";"330";"0"
"ISML";"app_storefront_base/default/checkout/billing/addressSelectorShipping";"2";"56130";"56130";"365";"365"
"ISML";"app_storefront_base/default/checkout/billing/billing";"2";"10133296";"1071656";"2016266";"0"
"ISML";"app_storefront_base/default/checkout/billing/billingAddress";"2";"2531625";"2370409";"396";"0"
"ISML";"app_storefront_base/default/checkout/billing/billingSummary";"2";"529547";"370965";"257";"0"
"ISML";"app_storefront_base/default/checkout/billing/creditCardForm";"2";"1546871";"1440358";"437";"0"
"ISML";"app_storefront_base/default/checkout/billing/paymentOptions";"2";"5958350";"457751";"2016393";"0"
"ISML";"app_storefront_base/default/checkout/billing/paymentOptions/creditCardContent";"2";"2324448";"692482";"171";"0"
"ISML";"app_storefront_base/default/checkout/billing/paymentOptions/creditCardTab";"2";"2608511";"127695";"2016281";"1190"
"ISML";"app_storefront_base/default/checkout/billing/paymentOptions/paymentOptionsContent";"2";"2624307";"299859";"333";"162"
"ISML";"app_storefront_base/default/checkout/billing/paymentOptions/paymentOptionsSummary";"2";"69428";"69428";"359";"359"
"ISML";"app_storefront_base/default/checkout/billing/paymentOptions/paymentOptionsTabs";"2";"2876292";"267781";"2016159";"0"
"ISML";"app_storefront_base/default/checkout/billing/storedPaymentInstruments";"1";"63184";"63184";"790";"790"
"ISML";"app_storefront_base/default/checkout/cart/miniCart";"3";"5101542";"1481817";"254";"0"
"ISML";"app_storefront_base/default/checkout/checkout";"2";"89132999";"3940127";"44565405";"11326"
"ISML";"app_storefront_base/default/checkout/customer/customer";"1";"1558757";"141865";"29";"0"
"ISML";"app_storefront_base/default/checkout/customer/customerCard";"1";"504709";"428939";"29";"0"
"ISML";"app_storefront_base/default/checkout/customer/customerOAuthCard";"1";"902819";"182474";"117";"855"
"ISML";"app_storefront_base/default/checkout/customer/customerSummary";"2";"177251";"161618";"298";"53"
"ISML";"app_storefront_base/default/checkout/orderProductSummary";"2";"1889174";"401510";"245";"0"
"ISML";"app_storefront_base/default/checkout/orderTotalSummary";"2";"335934";"278783";"299";"0"
"ISML";"app_storefront_base/default/checkout/productCard/productCard";"5";"4210399";"2041511";"738";"0"
"ISML";"app_storefront_base/default/checkout/productCard/productCardProductName";"4";"73402";"73402";"294";"294"
"ISML";"app_storefront_base/default/checkout/productCard/productCardProductNameAndRemove";"3";"268061";"227954";"263";"206"
"ISML";"app_storefront_base/default/checkout/productCard/productCardProductPromotions";"3";"59431";"59431";"143";"143"
"ISML";"app_storefront_base/default/checkout/productCard/productCardProductRenderedTotalPrice";"32";"5710364";"4344222";"3760";"3305"
"ISML";"app_storefront_base/default/checkout/productCard/productCardProductTotalPrice";"37";"1481842";"1481842";"793";"793"
"ISML";"app_storefront_base/default/checkout/productCard/productCardQuantityDisplay";"2";"143632";"126776";"131";"3"
"ISML";"app_storefront_base/default/checkout/productCard/productCardQuantitySelector";"3";"801160";"590015";"78";"0"
"ISML";"app_storefront_base/default/checkout/productCard/productShippingCard";"2";"392317";"346528";"0";"0"
"ISML";"app_storefront_base/default/checkout/shipping/giftMessageSummary";"6";"229728";"187835";"377";"121"
"ISML";"app_storefront_base/default/checkout/shipping/isGift";"4";"629476";"514925";"303";"0"
"ISML";"app_storefront_base/default/checkout/shipping/multiShipCheckbox";"2";"114488";"114488";"194";"194"
"ISML";"app_storefront_base/default/checkout/shipping/multiShippingButtons";"4";"321818";"226722";"353";"0"
"ISML";"app_storefront_base/default/checkout/shipping/selectedShippingMethod";"22";"540323";"540323";"838";"838"
"ISML";"app_storefront_base/default/checkout/shipping/shipmentCard";"4";"22098953";"8773624";"9262587";"6373395"
"ISML";"app_storefront_base/default/checkout/shipping/shipmentSelector";"4";"2026127";"1672563";"984683";"983844"
"ISML";"app_storefront_base/default/checkout/shipping/shipmentSelectorOptions";"4";"243630";"212632";"323";"61"
"ISML";"app_storefront_base/default/checkout/shipping/shipping";"2";"23811758";"1161592";"9262698";"0"
"ISML";"app_storefront_base/default/checkout/shipping/shippingAddress";"4";"5578069";"4421117";"302";"0"
"ISML";"app_storefront_base/default/checkout/shipping/shippingAddressTemplate";"2";"114227";"82865";"335";"198"
"ISML";"app_storefront_base/default/checkout/shipping/shippingCard";"4";"634727";"466656";"571";"234"
"ISML";"app_storefront_base/default/checkout/shipping/shippingMethod";"4";"4079933";"3502387";"1902038";"1900944"
"ISML";"app_storefront_base/default/checkout/shipping/shippingSummary";"2";"1529911";"633449";"286";"268"
"ISML";"app_storefront_base/default/checkout/shipping/shippingTitle";"2";"76351";"58059";"275";"191"
"ISML";"app_storefront_base/default/common/layout/checkout";"2";"43370521";"10303459";"33271574";"7606286"
"ISML";"app_storefront_base/default/common/layout/page";"7";"54246717";"8727385";"30432842";"1933770"
"ISML";"app_storefront_base/default/components/content/contentAssetInc";"5";"35238126";"35238126";"30623390";"30623390"
"ISML";"app_storefront_base/default/components/header/menuItem";"3";"191880";"191880";"182";"182"
"ISML";"app_storefront_base/default/components/header/search";"14";"1727848";"1394347";"1252";"0"
"ISML";"app_storefront_base/default/error";"4";"11993614";"1403446";"680";"0"
"ISML";"app_storefront_base/default/home/homePage";"2";"38310737";"1406493";"25575152";"281"
"ISML";"app_storefront_base/default/product/components/addToCartGlobal";"1";"104055";"95661";"132";"0"
"ISML";"app_storefront_base/default/product/components/attributes";"1";"53617";"53617";"78";"78"
"ISML";"app_storefront_base/default/product/components/attributesPre";"1";"207173";"153556";"227";"149"
"ISML";"app_storefront_base/default/product/components/availability";"2";"120825";"98360";"316";"137"
"ISML";"app_storefront_base/default/product/components/imageCarousel";"1";"282127";"252920";"396";"0"
"ISML";"app_storefront_base/default/product/components/mainAttributes";"1";"39273";"39273";"163";"163"
"ISML";"app_storefront_base/default/product/components/options";"1";"79141";"79141";"112";"112"
"ISML";"app_storefront_base/default/product/components/pricing/ajaxMain";"35";"26052896";"7080501";"12406708";"582"
"ISML";"app_storefront_base/default/product/components/pricing/main";"48";"21298973";"15533992";"12407187";"12401458"
"ISML";"app_storefront_base/default/product/components/productRating";"12";"467990";"467990";"0";"0"
"ISML";"app_storefront_base/default/product/components/productTileImage";"12";"1119928";"864829";"769";"781"
"ISML";"app_storefront_base/default/product/components/productTileName";"12";"257258";"257258";"153";"153"
"ISML";"app_storefront_base/default/product/components/productTileSwatch";"12";"962101";"937829";"103";"0"
"ISML";"app_storefront_base/default/product/components/promotions";"2";"121753";"121753";"102";"102"
"ISML";"app_storefront_base/default/product/components/quantity";"2";"408290";"395019";"0";"0"
"ISML";"app_storefront_base/default/product/components/ratings";"12";"932018";"464028";"749";"1169"
"ISML";"app_storefront_base/default/product/components/variationAttribute";"2";"374698";"348173";"152";"0"
"ISML";"app_storefront_base/default/product/gridTile";"12";"9969548";"2004052";"556";"0"
"ISML";"app_storefront_base/default/product/productTile";"12";"7965496";"1748991";"824";"0"
"ISML";"app_storefront_base/default/product/productTileFooter";"12";"1648217";"499185";"582";"0"
"ISML";"app_storefront_base/default/product/quickView";"1";"2539033";"1046940";"209";"0"
"ISML";"app_storefront_base/default/reporting/reportingUrls";"5";"556890";"556890";"0";"0"
"ISML";"app_storefront_base/default/search/components/productTiles";"1";"19682798";"19577353";"9263605";"9251045"
"ISML";"app_storefront_base/default/search/filterBar";"1";"205437";"172768";"202";"61"
"ISML";"app_storefront_base/default/search/productGrid";"1";"19954842";"257220";"9263789";"102"
"ISML";"app_storefront_base/default/search/resultsCount";"2";"12026291";"10784659";"9167408";"9168404"
"ISML";"app_storefront_base/default/search/searchResults";"1";"44033425";"644449";"24786287";"0"
"ISML";"app_storefront_base/default/search/searchResultsNoDecorator";"1";"32740194";"631437";"18430987";"0"
"ISML";"app_storefront_base/default/search/sortOrderMenu";"1";"109333";"98122";"172";"86"
"ISML";"app_storefront_base/default/slots/content/contentAssetBody";"1";"3956926";"3940571";"3018345";"3018328"
"ISML";"app_storefront_base/default/slots/content/htmlSlotContainer";"1";"633621";"155451";"795";"472"
"ISML";"app_storefront_base/default/slots/htmlSlotContainer";"1";"478170";"451593";"323";"224"
"ONREQUEST";"/Sites-Mailchimp-Site/-/null-null";"1";"288559380";"288559380";"267653828";"267653828"
"ONREQUEST";"/Sites-Mailchimp-Site/default/Cart-AddProduct";"1";"719515";"719515";"0";"0"
"ONREQUEST";"/Sites-Mailchimp-Site/default/Cart-MiniCartShow";"3";"2387915";"2387915";"8";"8"
"ONREQUEST";"/Sites-Mailchimp-Site/default/Checkout-Begin";"1";"812653";"812653";"375";"375"
"ONREQUEST";"/Sites-Mailchimp-Site/default/CheckoutServices-SubmitCustomer";"1";"766253";"766253";"33";"33"
"ONREQUEST";"/Sites-Mailchimp-Site/default/CheckoutShippingServices-SubmitShipping";"1";"595043";"595043";"34";"34"
"ONREQUEST";"/Sites-Mailchimp-Site/default/CheckoutShippingServices-UpdateShippingMethodsList";"1";"2504717";"2504717";"1536";"1536"
"ONREQUEST";"/Sites-Mailchimp-Site/default/Home-Show";"1";"8680025";"8680025";"4748159";"4748159"
"ONREQUEST";"/Sites-Mailchimp-Site/default/Product-ShowQuickView";"1";"1169021";"1169021";"1042";"1042"
"ONREQUEST";"/Sites-Mailchimp-Site/default/Product-Variation";"1";"854182";"854182";"0";"0"
"ONREQUEST";"/Sites-Mailchimp-Site/default/ReportingEvent-MiniCart";"1";"572590";"572590";"0";"0"
"ONREQUEST";"/Sites-Mailchimp-Site/default/Search-Show";"1";"2697104";"2697104";"1780";"1780"
"ONREQUEST";"/Sites-Mailchimp-Site/default/__Analytics-Start";"6";"7144346";"7144346";"1531";"1531"
"ONREQUEST";"/Sites-Mailchimp-Site/default/__SYSTEM__StorefrontToolkit-Start";"4";"3898737";"3898737";"2692";"2692"
"ONREQUEST";"/Sites-RefArch-Site/en_US/Checkout-Begin";"1";"774937";"774937";"633";"633"
"ONREQUEST";"/Sites-RefArch-Site/en_US/CheckoutServices-LoginCustomer";"1";"17213787";"17213787";"11221354";"11221354"
"ONREQUEST";"/Sites-RefArch-Site/en_US/CheckoutShippingServices-SubmitShipping";"5";"53954476";"53954476";"31626749";"31626749"
"ONREQUEST";"/Sites-RefArch-Site/en_US/CheckoutShippingServices-UpdateShippingMethodsList";"1";"737824";"737824";"290";"290"
"ONREQUEST";"/Sites-RefArch-Site/en_US/__Analytics-Start";"2";"2810952";"2810952";"19905";"19905"
"ONREQUEST";"/Sites-RefArch-Site/en_US/__SYSTEM__StorefrontToolkit-Start";"1";"1509157";"1509157";"1080";"1080"
"PIPELINE_NODE";"bc_api:Assign";"15";"3200859";"3200859";"0";"0"
"REST_DATA";"v20.2/catalogs";"1";"623777521";"623777521";"590446008";"590446008"
"REST_DATA";"v20.2/catalogs/{catalog_id}/categories";"7";"1134243411";"1134243411";"977648859";"977648859"
"REST_DATA";"v20.2/catalogs/{catalog_id}/categories/{category_id}/category_product_assignment_search";"155";"96195496164";"96195496164";"47056532582";"47056532582"
"SCRIPT_API";"dw.campaign.DiscountPlan#getApproachingOrderDiscounts()";"4";"18456";"18456";"6";"6"
"SCRIPT_API";"dw.campaign.DiscountPlan#getApproachingShippingDiscounts(dw.order.Shipment)";"4";"29539";"29539";"0";"0"
"SCRIPT_API";"dw.campaign.PromotionMgr#applyDiscounts(dw.order.LineItemCtnr)";"28";"134030553";"134030553";"98260342";"98260342"
"SCRIPT_API";"dw.campaign.PromotionMgr#getActiveCustomerPromotions()";"35";"4125820";"4125820";"992184";"992184"
"SCRIPT_API";"dw.campaign.PromotionMgr#getDiscounts(dw.order.LineItemCtnr)";"4";"707479";"707479";"0";"0"
"SCRIPT_API";"dw.campaign.PromotionPlan#getProductPromotions()";"1";"22912";"22912";"140";"140"
"SCRIPT_API";"dw.campaign.PromotionPlan#getProductPromotions(dw.catalog.Product)";"34";"3002888";"3002888";"0";"0"
"SCRIPT_API";"dw.campaign.SlotContent#getContent()";"2";"9911";"9911";"28";"28"
"SCRIPT_API";"dw.catalog.Catalog#getRoot()";"5";"98455";"98455";"0";"0"
"SCRIPT_API";"dw.catalog.CatalogMgr#getCategory(String)";"3";"2498935";"2498935";"2135069";"2135069"
"SCRIPT_API";"dw.catalog.CatalogMgr#getSiteCatalog()";"5";"2218683";"2218683";"2006171";"2006171"
"SCRIPT_API";"dw.catalog.CatalogMgr#getSortingOptions()";"2";"1565628";"1565628";"1378539";"1378539"
"SCRIPT_API";"dw.catalog.Category#getDefaultSortingRule()";"2";"141543";"141543";"0";"0"
"SCRIPT_API";"dw.catalog.Category#getDisplayName()";"8";"166879";"166879";"0";"0"
"SCRIPT_API";"dw.catalog.Category#getID()";"16";"21631";"21631";"940";"940"
"SCRIPT_API";"dw.catalog.Category#getImage()";"2";"9440";"9440";"214";"214"
"SCRIPT_API";"dw.catalog.Category#getOnlineSubCategories()";"9";"5389096";"5389096";"4261653";"4261653"
"SCRIPT_API";"dw.catalog.Category#getPageDescription()";"2";"3314610";"3314610";"2979824";"2979824"
"SCRIPT_API";"dw.catalog.Category#getPageKeywords()";"2";"3323351";"3323351";"2964382";"2964382"
"SCRIPT_API";"dw.catalog.Category#getPageTitle()";"2";"3366412";"3366412";"2996922";"2996922"
"SCRIPT_API";"dw.catalog.Category#getTemplate()";"1";"4915";"4915";"4";"4"
"SCRIPT_API";"dw.catalog.Category#hasOnlineProducts()";"24";"44829404";"44829404";"40904819";"40904819"
"SCRIPT_API";"dw.catalog.Category#hasOnlineSubCategories()";"21";"5631127";"5631127";"4945366";"4945366"
"SCRIPT_API";"dw.catalog.Category#isOnline()";"2";"18892";"18892";"29";"29"
"SCRIPT_API";"dw.catalog.PriceBook#getID()";"58";"63563";"63563";"1158";"1158"
"SCRIPT_API";"dw.catalog.PriceBook#getParentPriceBook()";"48";"78058";"78058";"1227";"1227"
"SCRIPT_API";"dw.catalog.PriceBookMgr#getApplicablePriceBooks()";"1";"8634";"8634";"0";"0"
"SCRIPT_API";"dw.catalog.PriceBookMgr#setApplicablePriceBooks(dw.catalog.PriceBook[])";"2";"20863";"20863";"55";"55"
"SCRIPT_API";"dw.catalog.Product#getAttributeModel()";"2";"10836587";"10836587";"9483525";"9483525"
"SCRIPT_API";"dw.catalog.Product#getAvailabilityModel()";"144";"2847967";"2847967";"1077833";"1077833"
"SCRIPT_API";"dw.catalog.Product#getBrand()";"13";"19231";"19231";"440";"440"
"SCRIPT_API";"dw.catalog.Product#getID()";"95";"132670";"132670";"2932";"2932"
"SCRIPT_API";"dw.catalog.Product#getImages(String)";"44";"7466699";"7466699";"0";"0"
"SCRIPT_API";"dw.catalog.Product#getLongDescription()";"2";"65956";"65956";"138";"138"
"SCRIPT_API";"dw.catalog.Product#getMinOrderQuantity()";"72";"147680";"147680";"2823";"2823"
"SCRIPT_API";"dw.catalog.Product#getName()";"13";"324152";"324152";"0";"0"
"SCRIPT_API";"dw.catalog.Product#getOptionModel()";"35";"1457207";"1457207";"986048";"986048"
"SCRIPT_API";"dw.catalog.Product#getPageDescription()";"1";"14796";"14796";"85";"85"
"SCRIPT_API";"dw.catalog.Product#getPageKeywords()";"1";"10991";"10991";"0";"0"
"SCRIPT_API";"dw.catalog.Product#getPageMetaTags()";"2";"115237";"115237";"0";"0"
"SCRIPT_API";"dw.catalog.Product#getPageTitle()";"1";"28194";"28194";"169";"169"
"SCRIPT_API";"dw.catalog.Product#getPriceModel()";"41";"20919231";"20919231";"15430753";"15430753"
"SCRIPT_API";"dw.catalog.Product#getPriceModel(dw.catalog.ProductOptionModel)";"34";"3603360";"3603360";"1051948";"1051948"
"SCRIPT_API";"dw.catalog.Product#getPrimaryCategory()";"3";"82560";"82560";"599";"599"
"SCRIPT_API";"dw.catalog.Product#getShortDescription()";"2";"33474";"33474";"0";"0"
"SCRIPT_API";"dw.catalog.Product#getStepQuantity()";"2";"25461";"25461";"0";"0"
"SCRIPT_API";"dw.catalog.Product#getTemplate()";"1";"3905";"3905";"147";"147"
"SCRIPT_API";"dw.catalog.Product#getVariationModel()";"44";"3425931";"3425931";"1944770";"1944770"
"SCRIPT_API";"dw.catalog.Product#isBundle()";"2";"7684";"7684";"101";"101"
"SCRIPT_API";"dw.catalog.Product#isMaster()";"118";"128964";"128964";"3545";"3545"
"SCRIPT_API";"dw.catalog.Product#isOnline()";"14";"592845";"592845";"0";"0"
"SCRIPT_API";"dw.catalog.Product#isVariant()";"33";"45316";"45316";"669";"669"
"SCRIPT_API";"dw.catalog.Product#isVariationGroup()";"66";"65264";"65264";"1256";"1256"
"SCRIPT_API";"dw.catalog.ProductAttributeModel#getVisibleAttributeGroups()";"2";"30159";"30159";"495";"495"
"SCRIPT_API";"dw.catalog.ProductAvailabilityLevels#getBackorder()";"34";"39142";"39142";"742";"742"
"SCRIPT_API";"dw.catalog.ProductAvailabilityLevels#getInStock()";"68";"72478";"72478";"1407";"1407"
"SCRIPT_API";"dw.catalog.ProductAvailabilityLevels#getNotAvailable()";"46";"53492";"53492";"1252";"1252"
"SCRIPT_API";"dw.catalog.ProductAvailabilityLevels#getPreorder()";"34";"45891";"45891";"858";"858"
"SCRIPT_API";"dw.catalog.ProductAvailabilityModel#getAvailabilityLevels(Number)";"46";"9229782";"9229782";"6610593";"6610593"
"SCRIPT_API";"dw.catalog.ProductAvailabilityModel#getInventoryRecord()";"100";"123217";"123217";"1816";"1816"
"SCRIPT_API";"dw.catalog.ProductAvailabilityModel#isOrderable(Number)";"66";"1187455";"1187455";"0";"0"
"SCRIPT_API";"dw.catalog.ProductInventoryRecord#getATS()";"33";"639299";"639299";"0";"0"
"SCRIPT_API";"dw.catalog.ProductInventoryRecord#getInStockDate()";"33";"81301";"81301";"582";"582"
"SCRIPT_API";"dw.catalog.ProductInventoryRecord#isPerpetual()";"33";"43729";"43729";"342";"342"
"SCRIPT_API";"dw.catalog.ProductMgr#getProduct(String)";"47";"384318";"384318";"877";"877"
"SCRIPT_API";"dw.catalog.ProductOptionModel#getOptions()";"71";"226575";"226575";"2026";"2026"
"SCRIPT_API";"dw.catalog.ProductPriceInfo#getPriceBook()";"58";"83450";"83450";"1232";"1232"
"SCRIPT_API";"dw.catalog.ProductPriceModel#getPrice()";"68";"388969";"388969";"984";"984"
"SCRIPT_API";"dw.catalog.ProductPriceModel#getPrice(dw.value.Quantity)";"28";"3129523";"3129523";"1970126";"1970126"
"SCRIPT_API";"dw.catalog.ProductPriceModel#getPriceBookPrice(String)";"34";"7190808";"7190808";"5712210";"5712210"
"SCRIPT_API";"dw.catalog.ProductPriceModel#getPriceInfo()";"70";"13548657";"13548657";"12000222";"12000222"
"SCRIPT_API";"dw.catalog.ProductPriceModel#getPriceTable()";"34";"816122";"816122";"0";"0"
"SCRIPT_API";"dw.catalog.ProductPriceModel#isPriceRange()";"1";"6476941";"6476941";"5729399";"5729399"
"SCRIPT_API";"dw.catalog.ProductPriceTable#getQuantities()";"34";"132126";"132126";"172";"172"
"SCRIPT_API";"dw.catalog.ProductSearchHit#getDiscountedPromotionIDs()";"12";"586779";"586779";"0";"0"
"SCRIPT_API";"dw.catalog.ProductSearchHit#getFirstRepresentedProduct()";"12";"127628";"127628";"927";"927"
"SCRIPT_API";"dw.catalog.ProductSearchHit#getMaxPrice()";"25";"65708";"65708";"0";"0"
"SCRIPT_API";"dw.catalog.ProductSearchHit#getMinPrice()";"25";"126692";"126692";"462";"462"
"SCRIPT_API";"dw.catalog.ProductSearchHit#getProduct()";"1";"7471";"7471";"2";"2"
"SCRIPT_API";"dw.catalog.ProductSearchHit#getProductID()";"48";"36971";"36971";"1618";"1618"
"SCRIPT_API";"dw.catalog.ProductSearchHit#getRepresentedVariationValues(Object)";"12";"725275";"725275";"0";"0"
"SCRIPT_API";"dw.catalog.ProductSearchModel#getCategory()";"22";"29002";"29002";"1462";"1462"
"SCRIPT_API";"dw.catalog.ProductSearchModel#getPageMetaTags()";"2";"3530683";"3530683";"3224923";"3224923"
"SCRIPT_API";"dw.catalog.ProductSearchModel#getProductSearchHit(dw.catalog.Product)";"13";"2840603";"2840603";"0";"0"
"SCRIPT_API";"dw.catalog.ProductSearchModel#getProductSearchHits()";"4";"2810604";"2810604";"0";"0"
"SCRIPT_API";"dw.catalog.ProductSearchModel#getRefinements()";"4";"172610";"172610";"5";"5"
"SCRIPT_API";"dw.catalog.ProductSearchModel#getSearchPhraseSuggestions()";"2";"13074";"13074";"24";"24"
"SCRIPT_API";"dw.catalog.ProductSearchModel#isCategorySearch()";"4";"5231";"5231";"108";"108"
"SCRIPT_API";"dw.catalog.ProductSearchModel#isPersonalizedSort()";"1";"5369";"5369";"73";"73"
"SCRIPT_API";"dw.catalog.ProductSearchModel#isRefinedCategorySearch()";"2";"6341";"6341";"76";"76"
"SCRIPT_API";"dw.catalog.ProductSearchModel#search()";"15";"40543265";"40543265";"27604723";"27604723"
"SCRIPT_API";"dw.catalog.ProductSearchModel#setCategoryID(String)";"2";"9912";"9912";"85";"85"
"SCRIPT_API";"dw.catalog.ProductSearchModel#setPriceMax(Number)";"2";"4057";"4057";"63";"63"
"SCRIPT_API";"dw.catalog.ProductSearchModel#setPriceMin(Number)";"2";"5632";"5632";"0";"0"
"SCRIPT_API";"dw.catalog.ProductSearchModel#setRecursiveCategorySearch(Boolean)";"2";"6193";"6193";"259";"259"
"SCRIPT_API";"dw.catalog.ProductSearchModel()";"15";"9319102";"9319102";"7576602";"7576602"
"SCRIPT_API";"dw.catalog.ProductVariationAttribute#getAttributeID()";"208";"295106";"295106";"28393";"28393"
"SCRIPT_API";"dw.catalog.ProductVariationAttribute#getDisplayName()";"68";"8028671";"8028671";"5961704";"5961704"
"SCRIPT_API";"dw.catalog.ProductVariationAttribute#getID()";"145";"135959";"135959";"4088";"4088"
"SCRIPT_API";"dw.catalog.ProductVariationAttributeValue#equals(Object)";"133";"175971";"175971";"4345";"4345"
"SCRIPT_API";"dw.catalog.ProductVariationAttributeValue#getDescription()";"148";"683958";"683958";"0";"0"
"SCRIPT_API";"dw.catalog.ProductVariationAttributeValue#getDisplayValue()";"282";"1567136";"1567136";"0";"0"
"SCRIPT_API";"dw.catalog.ProductVariationAttributeValue#getID()";"153";"163989";"163989";"3671";"3671"
"SCRIPT_API";"dw.catalog.ProductVariationAttributeValue#getImage(String,Number)";"12";"874684";"874684";"0";"0"
"SCRIPT_API";"dw.catalog.ProductVariationAttributeValue#getImages(String)";"34";"2927494";"2927494";"0";"0"
"SCRIPT_API";"dw.catalog.ProductVariationAttributeValue#getValue()";"163";"793051";"793051";"0";"0"
"SCRIPT_API";"dw.catalog.ProductVariationModel#getAllValues(dw.catalog.ProductVariationAttribute)";"75";"646642";"646642";"0";"0"
"SCRIPT_API";"dw.catalog.ProductVariationModel#getImages(String)";"4";"623404";"623404";"0";"0"
"SCRIPT_API";"dw.catalog.ProductVariationModel#getMaster()";"34";"71882";"71882";"1393";"1393"
"SCRIPT_API";"dw.catalog.ProductVariationModel#getProductVariationAttributes()";"38";"252474";"252474";"2108";"2108"
"SCRIPT_API";"dw.catalog.ProductVariationModel#getSelectedValue(dw.catalog.ProductVariationAttribute)";"68";"1086035";"1086035";"0";"0"
"SCRIPT_API";"dw.catalog.ProductVariationModel#getSelectedVariant()";"36";"145942";"145942";"1646";"1646"
"SCRIPT_API";"dw.catalog.ProductVariationModel#getVariants()";"2";"49202";"49202";"0";"0"
"SCRIPT_API";"dw.catalog.ProductVariationModel#hasOrderableVariants(dw.catalog.ProductVariationAttribute,dw.catalog.ProductVariationAttributeValue)";"136";"23648751";"23648751";"15031923";"15031923"
"SCRIPT_API";"dw.catalog.ProductVariationModel#setSelectedAttributeValue(String,String)";"3";"19785";"19785";"0";"0"
"SCRIPT_API";"dw.catalog.ProductVariationModel#url(String,Object[])";"2";"37488";"37488";"51";"51"
"SCRIPT_API";"dw.catalog.ProductVariationModel#urlSelectVariationValue(String,dw.catalog.ProductVariationAttribute,dw.catalog.ProductVariationAttributeValue)";"69";"1904928";"1904928";"0";"0"
"SCRIPT_API";"dw.catalog.ProductVariationModel#urlUnselectVariationValue(String,dw.catalog.ProductVariationAttribute)";"67";"3037985";"3037985";"0";"0"
"SCRIPT_API";"dw.catalog.SearchModel#getCount()";"19";"135910";"135910";"527";"527"
"SCRIPT_API";"dw.catalog.SearchModel#getSearchPhrase()";"2";"5117";"5117";"52";"52"
"SCRIPT_API";"dw.catalog.SearchModel#setSearchPhrase(String)";"13";"30372";"30372";"54";"54"
"SCRIPT_API";"dw.catalog.SearchModel#url(String)";"4";"57484";"57484";"27";"27"
"SCRIPT_API";"dw.catalog.SearchRefinements#getRefinementDefinitions()";"2";"19866";"19866";"0";"0"
"SCRIPT_API";"dw.catalog.Variant#getBrand()";"33";"120835";"120835";"326";"326"
"SCRIPT_API";"dw.catalog.Variant#getLongDescription()";"2";"67393";"67393";"0";"0"
"SCRIPT_API";"dw.catalog.Variant#getMasterProduct()";"1";"3657";"3657";"26";"26"
"SCRIPT_API";"dw.catalog.Variant#getName()";"33";"932557";"932557";"0";"0"
"SCRIPT_API";"dw.catalog.Variant#getPageDescription()";"1";"17541";"17541";"0";"0"
"SCRIPT_API";"dw.catalog.Variant#getPageKeywords()";"1";"14124";"14124";"0";"0"
"SCRIPT_API";"dw.catalog.Variant#getPageTitle()";"1";"32760";"32760";"0";"0"
"SCRIPT_API";"dw.catalog.Variant#getShortDescription()";"2";"36461";"36461";"0";"0"
"SCRIPT_API";"dw.catalog.Variant#getTemplate()";"1";"5575";"5575";"4";"4"
"SCRIPT_API";"dw.content.Content#getID()";"5";"13260";"13260";"176";"176"
"SCRIPT_API";"dw.content.Content#getName()";"5";"3653334";"3653334";"3158951";"3158951"
"SCRIPT_API";"dw.content.Content#getPageDescription()";"5";"3576996";"3576996";"3134744";"3134744"
"SCRIPT_API";"dw.content.Content#getPageKeywords()";"5";"3510524";"3510524";"3080774";"3080774"
"SCRIPT_API";"dw.content.Content#getPageMetaTags()";"5";"5914701";"5914701";"5365358";"5365358"
"SCRIPT_API";"dw.content.Content#getPageTitle()";"5";"3615412";"3615412";"3135138";"3135138"
"SCRIPT_API";"dw.content.Content#getTemplate()";"5";"12015";"12015";"203";"203"
"SCRIPT_API";"dw.content.Content#isOnline()";"6";"17009147";"17009147";"15637711";"15637711"
"SCRIPT_API";"dw.content.ContentMgr#getContent(String)";"42";"18086665";"18086665";"15379115";"15379115"
"SCRIPT_API";"dw.content.MarkupText#getMarkup()";"5";"51800";"51800";"139";"139"
"SCRIPT_API";"dw.content.MediaFile#getAbsURL()";"86";"990995";"990995";"0";"0"
"SCRIPT_API";"dw.content.MediaFile#getAlt()";"98";"112129";"112129";"3022";"3022"
"SCRIPT_API";"dw.content.MediaFile#getTitle()";"98";"101146";"101146";"2714";"2714"
"SCRIPT_API";"dw.content.MediaFile#getURL()";"98";"85619305";"85619305";"74003376";"74003376"
"SCRIPT_API";"dw.customer.AddressBook#getAddresses()";"21";"6929897";"6929897";"6782750";"6782750"
"SCRIPT_API";"dw.customer.AddressBook#getPreferredAddress()";"9";"17486";"17486";"140";"140"
"SCRIPT_API";"dw.customer.AuthenticationStatus#getStatus()";"2";"6862";"6862";"498";"498"
"SCRIPT_API";"dw.customer.Customer#getActiveData()";"1";"44806";"44806";"0";"0"
"SCRIPT_API";"dw.customer.Customer#getAddressBook()";"39";"80737";"80737";"859";"859"
"SCRIPT_API";"dw.customer.Customer#getCDPData()";"1";"4062654";"4062654";"3762027";"3762027"
"SCRIPT_API";"dw.customer.Customer#getCustomerGroups()";"1";"9598040";"9598040";"9314634";"9314634"
"SCRIPT_API";"dw.customer.Customer#getExternalProfiles()";"33";"3396208";"3396208";"2921647";"2921647"
"SCRIPT_API";"dw.customer.Customer#getGlobalPartyID()";"1";"5276";"5276";"0";"0"
"SCRIPT_API";"dw.customer.Customer#getID()";"1";"35177";"35177";"0";"0"
"SCRIPT_API";"dw.customer.Customer#getNote()";"1";"3213";"3213";"12";"12"
"SCRIPT_API";"dw.customer.Customer#getOrderHistory()";"1";"3517";"3517";"21";"21"
"SCRIPT_API";"dw.customer.Customer#getProfile()";"79";"102752";"102752";"2928";"2928"
"SCRIPT_API";"dw.customer.Customer#isAnonymous()";"1";"3476";"3476";"29";"29"
"SCRIPT_API";"dw.customer.Customer#isAuthenticated()";"21";"82739";"82739";"734";"734"
"SCRIPT_API";"dw.customer.Customer#isExternallyAuthenticated()";"13";"1180336";"1180336";"1045585";"1045585"
"SCRIPT_API";"dw.customer.Customer#isRegistered()";"5";"17711";"17711";"110";"110"
"SCRIPT_API";"dw.customer.CustomerMgr#authenticateCustomer(String,String)";"1";"13415143";"13415143";"8792043";"8792043"
"SCRIPT_API";"dw.customer.CustomerMgr#loginCustomer(dw.customer.AuthenticationStatus,Boolean)";"1";"7556903";"7556903";"4224011";"4224011"
"SCRIPT_API";"dw.customer.CustomerMgr#searchProfiles(String,String,Object[])";"6";"22837395";"22837395";"16613409";"16613409"
"SCRIPT_API";"dw.customer.Profile#getAddressBook()";"29";"20777880";"20777880";"17310783";"17310783"
"SCRIPT_API";"dw.customer.Profile#getBirthday()";"29";"165972";"165972";"1001";"1001"
"SCRIPT_API";"dw.customer.Profile#getCompanyName()";"29";"281576";"281576";"62";"62"
"SCRIPT_API";"dw.customer.Profile#getCredentials()";"29";"270033";"270033";"0";"0"
"SCRIPT_API";"dw.customer.Profile#getCustomer()";"30";"357524";"357524";"561";"561"
"SCRIPT_API";"dw.customer.Profile#getCustomerNo()";"37";"72610";"72610";"1025";"1025"
"SCRIPT_API";"dw.customer.Profile#getEmail()";"38";"86397";"86397";"3271";"3271"
"SCRIPT_API";"dw.customer.Profile#getFax()";"29";"191470";"191470";"520";"520"
"SCRIPT_API";"dw.customer.Profile#getFirstName()";"38";"106916";"106916";"1701";"1701"
"SCRIPT_API";"dw.customer.Profile#getGender()";"29";"5198627";"5198627";"3840971";"3840971"
"SCRIPT_API";"dw.customer.Profile#getJobTitle()";"29";"171677";"171677";"1087";"1087"
"SCRIPT_API";"dw.customer.Profile#getLastLoginTime()";"29";"165261";"165261";"428";"428"
"SCRIPT_API";"dw.customer.Profile#getLastName()";"38";"118659";"118659";"907";"907"
"SCRIPT_API";"dw.customer.Profile#getLastVisitTime()";"29";"151649";"151649";"1312";"1312"
"SCRIPT_API";"dw.customer.Profile#getNextBirthday()";"29";"799302";"799302";"23991";"23991"
"SCRIPT_API";"dw.customer.Profile#getPhoneBusiness()";"29";"165192";"165192";"191";"191"
"SCRIPT_API";"dw.customer.Profile#getPhoneHome()";"38";"123230";"123230";"582";"582"
"SCRIPT_API";"dw.customer.Profile#getPhoneMobile()";"29";"170893";"170893";"194";"194"
"SCRIPT_API";"dw.customer.Profile#getPreferredLocale()";"29";"214584";"214584";"362";"362"
"SCRIPT_API";"dw.customer.Profile#getPreviousLoginTime()";"29";"197325";"197325";"260";"260"
"SCRIPT_API";"dw.customer.Profile#getPreviousVisitTime()";"29";"343278";"343278";"0";"0"
"SCRIPT_API";"dw.customer.Profile#getSalutation()";"29";"183147";"183147";"336";"336"
"SCRIPT_API";"dw.customer.Profile#getSecondName()";"29";"189322";"189322";"268";"268"
"SCRIPT_API";"dw.customer.Profile#getSuffix()";"29";"164336";"164336";"361";"361"
"SCRIPT_API";"dw.customer.Profile#getTaxID()";"29";"591937";"591937";"0";"0"
"SCRIPT_API";"dw.customer.Profile#getTaxIDMasked()";"29";"223862";"223862";"96";"96"
"SCRIPT_API";"dw.customer.Profile#getTaxIDType()";"29";"177464";"177464";"850";"850"
"SCRIPT_API";"dw.customer.Profile#getTitle()";"29";"169313";"169313";"369";"369"
"SCRIPT_API";"dw.customer.Profile#getWallet()";"41";"83215";"83215";"1259";"1259"
"SCRIPT_API";"dw.customer.Profile#isFemale()";"29";"333141";"333141";"650";"650"
"SCRIPT_API";"dw.customer.Profile#isMale()";"29";"574185";"574185";"0";"0"
"SCRIPT_API";"dw.customer.Wallet#getPaymentInstruments()";"11";"2653056";"2653056";"2444449";"2444449"
"SCRIPT_API";"dw.experience.PageMgr#getPage(String)";"2";"6511751";"6511751";"6115275";"6115275"
"SCRIPT_API";"dw.experience.PageMgr#getPageByCategory(dw.catalog.Category,Boolean,String)";"2";"5314629";"5314629";"3165842";"3165842"
"SCRIPT_API";"dw.io.PrintWriter#print(String)";"13";"230914";"230914";"6115";"6115"
"SCRIPT_API";"dw.object.ExtensibleObject#getCustom()";"489";"4424788";"4424788";"2188036";"2188036"
"SCRIPT_API";"dw.object.ObjectAttributeDefinition#getDisplayName()";"68";"1216101";"1216101";"0";"0"
"SCRIPT_API";"dw.object.ObjectAttributeDefinition#getUnit()";"34";"69663";"69663";"643";"643"
"SCRIPT_API";"dw.object.PersistentObject#getCreationDate()";"41";"157027";"157027";"1524";"1524"
"SCRIPT_API";"dw.object.PersistentObject#getLastModified()";"29";"483583";"483583";"128";"128"
"SCRIPT_API";"dw.object.PersistentObject#getUUID()";"269";"857570";"857570";"13186";"13186"
"SCRIPT_API";"dw.order.BasketMgr#getCurrentBasket()";"58";"20307757";"20307757";"12164925";"12164925"
"SCRIPT_API";"dw.order.BasketMgr#getCurrentOrNewBasket()";"2";"9949777";"9949777";"8518074";"8518074"
"SCRIPT_API";"dw.order.LineItem#getLineItemText()";"56";"82699";"82699";"2638";"2638"
"SCRIPT_API";"dw.order.LineItem#getTaxClassID()";"84";"106919";"106919";"1929";"1929"
"SCRIPT_API";"dw.order.LineItem#getTaxRate()";"56";"82841";"82841";"875";"875"
"SCRIPT_API";"dw.order.LineItem#updateTax(Number)";"28";"13299350";"13299350";"11402926";"11402926"
"SCRIPT_API";"dw.order.LineItemCtnr#createBillingAddress()";"2";"154765";"154765";"0";"0"
"SCRIPT_API";"dw.order.LineItemCtnr#createProductLineItem(dw.catalog.Product,dw.catalog.ProductOptionModel,dw.order.Shipment)";"1";"13062331";"13062331";"10367967";"10367967"
"SCRIPT_API";"dw.order.LineItemCtnr#getAdjustedMerchandizeTotalPrice(Boolean)";"56";"2651751";"2651751";"1938527";"1938527"
"SCRIPT_API";"dw.order.LineItemCtnr#getAdjustedShippingTotalPrice()";"20";"121093";"121093";"0";"0"
"SCRIPT_API";"dw.order.LineItemCtnr#getAllLineItems()";"19";"156254";"156254";"767";"767"
"SCRIPT_API";"dw.order.LineItemCtnr#getAllProductLineItems()";"28";"183948";"183948";"0";"0"
"SCRIPT_API";"dw.order.LineItemCtnr#getAllShippingPriceAdjustments()";"16";"114955";"114955";"9282";"9282"
"SCRIPT_API";"dw.order.LineItemCtnr#getBillingAddress()";"46";"265209";"265209";"112";"112"
"SCRIPT_API";"dw.order.LineItemCtnr#getBonusDiscountLineItems()";"34";"208291";"208291";"637";"637"
"SCRIPT_API";"dw.order.LineItemCtnr#getBonusLineItems()";"8";"49467";"49467";"0";"0"
"SCRIPT_API";"dw.order.LineItemCtnr#getCouponLineItems()";"20";"71309";"71309";"618";"618"
"SCRIPT_API";"dw.order.LineItemCtnr#getCurrencyCode()";"5";"22023";"22023";"307";"307"
"SCRIPT_API";"dw.order.LineItemCtnr#getCustomer()";"10";"70540";"70540";"322";"322"
"SCRIPT_API";"dw.order.LineItemCtnr#getCustomerEmail()";"13";"51068";"51068";"412";"412"
"SCRIPT_API";"dw.order.LineItemCtnr#getDefaultShipment()";"25";"362742";"362742";"2973";"2973"
"SCRIPT_API";"dw.order.LineItemCtnr#getGiftCertificateLineItems()";"14";"98369";"98369";"108";"108"
"SCRIPT_API";"dw.order.LineItemCtnr#getMerchandizeTotalPrice()";"8";"116827";"116827";"0";"0"
"SCRIPT_API";"dw.order.LineItemCtnr#getPaymentInstruments()";"12";"124201";"124201";"0";"0"
"SCRIPT_API";"dw.order.LineItemCtnr#getPriceAdjustments()";"34";"172354";"172354";"56";"56"
"SCRIPT_API";"dw.order.LineItemCtnr#getProductLineItems()";"42";"522263";"522263";"5333";"5333"
"SCRIPT_API";"dw.order.LineItemCtnr#getProductQuantities()";"28";"590463";"590463";"3268";"3268"
"SCRIPT_API";"dw.order.LineItemCtnr#getProductQuantityTotal()";"25";"136230";"136230";"503";"503"
"SCRIPT_API";"dw.order.LineItemCtnr#getShipments()";"92";"509116";"509116";"1821";"1821"
"SCRIPT_API";"dw.order.LineItemCtnr#getShippingPriceAdjustments()";"14";"84309";"84309";"0";"0"
"SCRIPT_API";"dw.order.LineItemCtnr#getShippingTotalPrice()";"36";"238745";"238745";"0";"0"
"SCRIPT_API";"dw.order.LineItemCtnr#getTotalGrossPrice()";"28";"117028";"117028";"562";"562"
"SCRIPT_API";"dw.order.LineItemCtnr#getTotalTax()";"16";"209134";"209134";"0";"0"
"SCRIPT_API";"dw.order.LineItemCtnr#setCustomerEmail(String)";"2";"45556";"45556";"54";"54"
"SCRIPT_API";"dw.order.LineItemCtnr#updateTotals()";"14";"614373";"614373";"0";"0"
"SCRIPT_API";"dw.order.OrderAddress#getAddress1()";"26";"48553";"48553";"998";"998"
"SCRIPT_API";"dw.order.OrderAddress#getAddress2()";"18";"240564";"240564";"156996";"156996"
"SCRIPT_API";"dw.order.OrderAddress#getCity()";"18";"53269";"53269";"158";"158"
"SCRIPT_API";"dw.order.OrderAddress#getCompanyName()";"16";"29444";"29444";"150";"150"
"SCRIPT_API";"dw.order.OrderAddress#getCountryCode()";"34";"493393";"493393";"0";"0"
"SCRIPT_API";"dw.order.OrderAddress#getFirstName()";"28";"44932";"44932";"668";"668"
"SCRIPT_API";"dw.order.OrderAddress#getJobTitle()";"16";"69187";"69187";"99";"99"
"SCRIPT_API";"dw.order.OrderAddress#getLastName()";"18";"70979";"70979";"138";"138"
"SCRIPT_API";"dw.order.OrderAddress#getPhone()";"20";"61496";"61496";"608";"608"
"SCRIPT_API";"dw.order.OrderAddress#getPostBox()";"16";"35311";"35311";"149";"149"
"SCRIPT_API";"dw.order.OrderAddress#getPostalCode()";"18";"47654";"47654";"215";"215"
"SCRIPT_API";"dw.order.OrderAddress#getSalutation()";"16";"42965";"42965";"157";"157"
"SCRIPT_API";"dw.order.OrderAddress#getSecondName()";"16";"41826";"41826";"107";"107"
"SCRIPT_API";"dw.order.OrderAddress#getStateCode()";"18";"43477";"43477";"175";"175"
"SCRIPT_API";"dw.order.OrderAddress#getSuffix()";"16";"30051";"30051";"125";"125"
"SCRIPT_API";"dw.order.OrderAddress#getSuite()";"16";"28223";"28223";"116";"116"
"SCRIPT_API";"dw.order.OrderAddress#getTitle()";"16";"29970";"29970";"116";"116"
"SCRIPT_API";"dw.order.OrderAddress#isEquivalentAddress(Object)";"6";"97116";"97116";"0";"0"
"SCRIPT_API";"dw.order.OrderAddress#setAddress1(String)";"10";"34385";"34385";"167";"167"
"SCRIPT_API";"dw.order.OrderAddress#setAddress2(String)";"10";"22931";"22931";"195";"195"
"SCRIPT_API";"dw.order.OrderAddress#setCity(String)";"10";"26938";"26938";"154";"154"
"SCRIPT_API";"dw.order.OrderAddress#setCountryCode(String)";"10";"26951";"26951";"299";"299"
"SCRIPT_API";"dw.order.OrderAddress#setFirstName(String)";"10";"142508";"142508";"372";"372"
"SCRIPT_API";"dw.order.OrderAddress#setLastName(String)";"10";"27586";"27586";"279";"279"
"SCRIPT_API";"dw.order.OrderAddress#setPhone(String)";"10";"23298";"23298";"12";"12"
"SCRIPT_API";"dw.order.OrderAddress#setPostalCode(String)";"10";"25530";"25530";"169";"169"
"SCRIPT_API";"dw.order.OrderAddress#setStateCode(String)";"10";"28294";"28294";"187";"187"
"SCRIPT_API";"dw.order.PaymentCard#getCardType()";"48";"58491";"58491";"1389";"1389"
"SCRIPT_API";"dw.order.PaymentCard#getName()";"48";"23067613";"23067613";"21101895";"21101895"
"SCRIPT_API";"dw.order.PaymentMethod#getApplicablePaymentCards(dw.customer.Customer,String,Number)";"12";"28099703";"28099703";"25682700";"25682700"
"SCRIPT_API";"dw.order.PaymentMethod#getID()";"12";"35856";"35856";"246";"246"
"SCRIPT_API";"dw.order.PaymentMethod#getName()";"12";"9866600";"9866600";"8766022";"8766022"
"SCRIPT_API";"dw.order.PaymentMgr#getApplicablePaymentMethods(dw.customer.Customer,String,Number)";"12";"12340520";"12340520";"10416748";"10416748"
"SCRIPT_API";"dw.order.PaymentMgr#getPaymentMethod(String)";"12";"4318191";"4318191";"3856969";"3856969"
"SCRIPT_API";"dw.order.ProductLineItem#getAdjustedPrice()";"32";"202523";"202523";"0";"0"
"SCRIPT_API";"dw.order.ProductLineItem#getOptionProductLineItems()";"96";"372037";"372037";"672";"672"
"SCRIPT_API";"dw.order.ProductLineItem#getPriceAdjustments()";"68";"386830";"386830";"1920";"1920"
"SCRIPT_API";"dw.order.ProductLineItem#getProduct()";"224";"3973460";"3973460";"0";"0"
"SCRIPT_API";"dw.order.ProductLineItem#getProductInventoryListID()";"32";"80215";"80215";"710";"710"
"SCRIPT_API";"dw.order.ProductLineItem#getQuantity()";"65";"158860";"158860";"1241";"1241"
"SCRIPT_API";"dw.order.ProductLineItem#getQuantityValue()";"12";"80149";"80149";"165";"165"
"SCRIPT_API";"dw.order.ProductLineItem#getShipment()";"32";"119473";"119473";"517";"517"
"SCRIPT_API";"dw.order.ProductLineItem#isBonusProductLineItem()";"92";"153363";"153363";"2574";"2574"
"SCRIPT_API";"dw.order.ProductLineItem#isBundledProductLineItem()";"28";"58217";"58217";"558";"558"
"SCRIPT_API";"dw.order.ProductLineItem#isCatalogProduct()";"28";"69728";"69728";"596";"596"
"SCRIPT_API";"dw.order.ProductLineItem#isGift()";"32";"108937";"108937";"1158";"1158"
"SCRIPT_API";"dw.order.ProductLineItem#isOptionProductLineItem()";"28";"46137";"46137";"632";"632"
"SCRIPT_API";"dw.order.ProductLineItem#setPriceValue(Number)";"28";"582992";"582992";"0";"0"
"SCRIPT_API";"dw.order.ProductLineItem#setQuantityValue(Number)";"1";"11582";"11582";"0";"0"
"SCRIPT_API";"dw.order.Shipment#createShippingAddress()";"2";"261275";"261275";"0";"0"
"SCRIPT_API";"dw.order.Shipment#getAllLineItems()";"14";"178947";"178947";"32";"32"
"SCRIPT_API";"dw.order.Shipment#getGiftMessage()";"16";"47407";"47407";"290";"290"
"SCRIPT_API";"dw.order.Shipment#getProductLineItems()";"22";"126447";"126447";"196";"196"
"SCRIPT_API";"dw.order.Shipment#getShippingAddress()";"106";"386889";"386889";"2290";"2290"
"SCRIPT_API";"dw.order.Shipment#getShippingMethod()";"108";"3520793";"3520793";"2801633";"2801633"
"SCRIPT_API";"dw.order.Shipment#getShippingPriceAdjustments()";"4";"20821";"20821";"86";"86"
"SCRIPT_API";"dw.order.Shipment#isGift()";"16";"128904";"128904";"140";"140"
"SCRIPT_API";"dw.order.Shipment#setGift(Boolean)";"6";"31691";"31691";"147";"147"
"SCRIPT_API";"dw.order.Shipment#setGiftMessage(String)";"6";"13982";"13982";"72";"72"
"SCRIPT_API";"dw.order.Shipment#setShippingMethod(dw.order.ShippingMethod)";"9";"111568";"111568";"44";"44"
"SCRIPT_API";"dw.order.ShipmentShippingCost#getAmount()";"168";"144602";"144602";"4309";"4309"
"SCRIPT_API";"dw.order.ShipmentShippingModel#getApplicableShippingMethods()";"25";"27458350";"27458350";"17890637";"17890637"
"SCRIPT_API";"dw.order.ShipmentShippingModel#getShippingCost(dw.order.ShippingMethod)";"84";"35077975";"35077975";"25979938";"25979938"
"SCRIPT_API";"dw.order.ShippingLocation(dw.order.OrderAddress)";"10";"5634552";"5634552";"4589194";"4589194"
"SCRIPT_API";"dw.order.ShippingMethod#getDescription()";"84";"3857552";"3857552";"2923440";"2923440"
"SCRIPT_API";"dw.order.ShippingMethod#getDisplayName()";"84";"4439129";"4439129";"2962388";"2962388"
"SCRIPT_API";"dw.order.ShippingMethod#getID()";"270";"268117";"268117";"12896";"12896"
"SCRIPT_API";"dw.order.ShippingMethod#isDefaultMethod()";"84";"111325";"111325";"6028";"6028"
"SCRIPT_API";"dw.order.ShippingMgr#applyShippingCost(dw.order.LineItemCtnr)";"14";"10566148";"10566148";"6181618";"6181618"
"SCRIPT_API";"dw.order.ShippingMgr#getDefaultShippingMethod()";"9";"9124227";"9124227";"8145913";"8145913"
"SCRIPT_API";"dw.order.ShippingMgr#getShipmentShippingModel(dw.order.Shipment)";"109";"145670";"145670";"5001";"5001"
"SCRIPT_API";"dw.order.TaxMgr#getCustomRateTaxClassID()";"28";"31618";"31618";"822";"822"
"SCRIPT_API";"dw.order.TaxMgr#getDefaultTaxJurisdictionID()";"4";"3516848";"3516848";"3164958";"3164958"
"SCRIPT_API";"dw.order.TaxMgr#getTaxJurisdictionID(dw.order.ShippingLocation)";"10";"14907298";"14907298";"13750041";"13750041"
"SCRIPT_API";"dw.order.TaxMgr#getTaxRate(String,String)";"28";"10268495";"10268495";"9134300";"9134300"
"SCRIPT_API";"dw.system.HookMgr#callHook(String,String,Object[])";"69";"301795001";"2981442";"205450900";"0"
"SCRIPT_API";"dw.system.HookMgr#hasHook(String)";"507";"2786117";"2786117";"25513";"25513"
"SCRIPT_API";"dw.system.Logger#debug(String,Object[])";"56";"628818";"628818";"0";"0"
"SCRIPT_API";"dw.system.Logger#warn(String,Object[])";"23";"5912191";"5912191";"2441355";"2441355"
"SCRIPT_API";"dw.system.Request#getHttpHeaders()";"489";"8190241";"8190241";"0";"0"
"SCRIPT_API";"dw.system.Request#getHttpHost()";"554";"727674";"727674";"28963";"28963"
"SCRIPT_API";"dw.system.Request#getHttpMethod()";"489";"349708";"349708";"9641";"9641"
"SCRIPT_API";"dw.system.Request#getHttpParameterMap()";"28";"32895";"32895";"1161";"1161"
"SCRIPT_API";"dw.system.Request#getHttpPath()";"489";"703048";"703048";"6777";"6777"
"SCRIPT_API";"dw.system.Request#getHttpQueryString()";"705";"818281";"818281";"66193";"66193"
"SCRIPT_API";"dw.system.Request#getLocale()";"639";"563020";"563020";"37119";"37119"
"SCRIPT_API";"dw.system.Request#getPageMetaData()";"19";"29189";"29189";"1855";"1855"
"SCRIPT_API";"dw.system.Request#getRequestID()";"12";"11343";"11343";"284";"284"
"SCRIPT_API";"dw.system.Request#isHttpSecure()";"489";"446305";"446305";"12853";"12853"
"SCRIPT_API";"dw.system.Request#isIncludeRequest()";"978";"715775";"715775";"23976";"23976"
"SCRIPT_API";"dw.system.Response#getWriter()";"13";"7981100";"7981100";"0";"0"
"SCRIPT_API";"dw.system.Response#setContentType(String)";"13";"48646";"48646";"1466";"1466"
"SCRIPT_API";"dw.system.Response#setExpires(Date)";"48";"195214";"195214";"7560";"7560"
"SCRIPT_API";"dw.system.Response#setHttpHeader(String,String)";"978";"1329175";"1329175";"18364";"18364"
"SCRIPT_API";"dw.system.Response#setStatus(Number)";"4";"17676";"17676";"308";"308"
"SCRIPT_API";"dw.system.Response#setVaryBy(String)";"14";"21087";"21087";"280";"280"
"SCRIPT_API";"dw.system.Session#getClickStream()";"2";"9786";"9786";"56";"56"
"SCRIPT_API";"dw.system.Session#getCurrency()";"848";"2233685";"2233685";"3665";"3665"
"SCRIPT_API";"dw.system.Session#getForms()";"30";"94287";"94287";"8162";"8162"
"SCRIPT_API";"dw.system.Session#getPrivacy()";"71";"145340";"145340";"6583";"6583"
"SCRIPT_API";"dw.system.Session#setTrackingAllowed(Boolean)";"2";"17621";"17621";"16";"16"
"SCRIPT_API";"dw.system.Site#getAllowedLocales()";"6";"32988";"32988";"2";"2"
"SCRIPT_API";"dw.system.Site#getCalendar()";"10";"3166342";"3166342";"2459871";"2459871"
"SCRIPT_API";"dw.system.Site#getCurrent()";"17";"3162767";"3162767";"2476001";"2476001"
"SCRIPT_API";"dw.system.Site#getID()";"6";"10479";"10479";"176";"176"
"SCRIPT_API";"dw.system.Site#getPageMetaTags()";"2";"54673";"54673";"1";"1"
"SCRIPT_API";"dw.system.Site#getPreferences()";"9";"2778122";"2778122";"2491661";"2491661"
"SCRIPT_API";"dw.system.Status(Number)";"42";"97060";"97060";"1675";"1675"
"SCRIPT_API";"dw.system.System#getInstanceType()";"21";"33684";"33684";"1931";"1931"
"SCRIPT_API";"dw.system.Transaction#wrap(Function)";"35";"320409892";"22158297";"215350940";"11810787"
"SCRIPT_API";"dw.template.ISML#renderTemplate(String,Object)";"79";"247574301";"6067324";"125556414";"3177"
"SCRIPT_API";"dw.util.ArrayList()";"12";"15286";"15286";"396";"396"
"SCRIPT_API";"dw.util.Calendar#getTime()";"10";"25442";"25442";"59";"59"
"SCRIPT_API";"dw.util.Collection#getLength()";"253";"414207";"414207";"6671";"6671"
"SCRIPT_API";"dw.util.Collection#isEmpty()";"33";"64540";"64540";"5329";"5329"
"SCRIPT_API";"dw.util.Collection#iterator()";"812";"1019298";"1019298";"39857";"39857"
"SCRIPT_API";"dw.util.Collection#size()";"16";"31357";"31357";"120";"120"
"SCRIPT_API";"dw.util.Collection#toArray()";"2";"17129";"17129";"126";"126"
"SCRIPT_API";"dw.util.Currency#getCurrencyCode()";"584";"358271";"358271";"18659";"18659"
"SCRIPT_API";"dw.util.Currency#getDefaultFractionDigits()";"554";"343109";"343109";"8980";"8980"
"SCRIPT_API";"dw.util.Currency#getName()";"554";"341908";"341908";"8483";"8483"
"SCRIPT_API";"dw.util.Currency#getSymbol()";"554";"317501";"317501";"7975";"7975"
"SCRIPT_API";"dw.util.Decimal#get()";"47";"51898";"51898";"1069";"1069"
"SCRIPT_API";"dw.util.Decimal#toString()";"47";"64981";"64981";"1640";"1640"
"SCRIPT_API";"dw.util.HashMap()";"124";"278835";"278835";"44677";"44677"
"SCRIPT_API";"dw.util.Iterator#hasNext()";"1737";"1521059";"1521059";"51831";"51831"
"SCRIPT_API";"dw.util.Iterator#next()";"990";"1746336";"1746336";"15042";"15042"
"SCRIPT_API";"dw.util.List#get(Number)";"2";"10893";"10893";"49";"49"
"SCRIPT_API";"dw.util.List#indexOf(Object)";"36";"30314";"30314";"1093";"1093"
"SCRIPT_API";"dw.util.List#size()";"65";"154189";"154189";"2782";"2782"
"SCRIPT_API";"dw.util.Locale#getCountry()";"18";"34957";"34957";"550";"550"
"SCRIPT_API";"dw.util.Locale#getDisplayCountry()";"6";"9997";"9997";"119";"119"
"SCRIPT_API";"dw.util.Locale#getDisplayLanguage()";"6";"8181";"8181";"278";"278"
"SCRIPT_API";"dw.util.Locale#getDisplayName()";"6";"33444";"33444";"80";"80"
"SCRIPT_API";"dw.util.Locale#getID()";"750";"462858";"462858";"15802";"15802"
"SCRIPT_API";"dw.util.Locale#getLanguage()";"15";"22866";"22866";"170";"170"
"SCRIPT_API";"dw.util.Locale#getLocale(String)";"150";"412605";"412605";"1356";"1356"
"SCRIPT_API";"dw.util.Map#get(Object)";"60";"231097";"231097";"985";"985"
"SCRIPT_API";"dw.util.Map#keySet()";"28";"61342";"61342";"926";"926"
"SCRIPT_API";"dw.util.Map#put(Object,Object)";"124";"318909";"318909";"6558";"6558"
"SCRIPT_API";"dw.util.SecureEncoder#forHtmlInDoubleQuoteAttribute(String)";"61";"79052";"79052";"1320";"1320"
"SCRIPT_API";"dw.util.SeekableIterator#asList(Number,Number)";"6";"40684052";"40684052";"36932311";"36932311"
"SCRIPT_API";"dw.util.StringUtils#formatInteger(Number)";"66";"637716";"637716";"6368";"6368"
"SCRIPT_API";"dw.util.StringUtils#formatMoney(dw.value.Money)";"259";"8302593";"8302593";"4854499";"4854499"
"SCRIPT_API";"dw.util.StringUtils#formatNumber(Number,String,String)";"26";"446161";"446161";"0";"0"
"SCRIPT_API";"dw.util.Template#render(dw.util.Map)";"87";"43865052";"7879969";"12401449";"0"
"SCRIPT_API";"dw.util.Template(String)";"87";"164201";"164201";"1987";"1987"
"SCRIPT_API";"dw.value.EnumValue#getDisplayValue()";"16";"20601";"20601";"352";"352"
"SCRIPT_API";"dw.value.EnumValue#getValue()";"18";"22332";"22332";"366";"366"
"SCRIPT_API";"dw.value.MimeEncodedText#getText()";"87";"111300";"111300";"2000";"2000"
"SCRIPT_API";"dw.value.Money#getCurrencyCode()";"131";"115507";"115507";"2682";"2682"
"SCRIPT_API";"dw.value.Money#getDecimalValue()";"94";"117052";"117052";"2153";"2153"
"SCRIPT_API";"dw.value.Money#getValue()";"276";"192867";"192867";"6965";"6965"
"SCRIPT_API";"dw.value.Money#getValueOrNull()";"108";"142431";"142431";"2062";"2062"
"SCRIPT_API";"dw.value.Money#isAvailable()";"279";"191665";"191665";"7432";"7432"
"SCRIPT_API";"dw.value.Money#subtract(dw.value.Money)";"32";"45849";"45849";"817";"817"
"SCRIPT_API";"dw.value.Money(Number,String)";"84";"210491";"210491";"2492";"2492"
"SCRIPT_API";"dw.value.Quantity#getValue()";"351";"262334";"262334";"8145";"8145"
"SCRIPT_API";"dw.web.CSRFProtection#generateToken()";"80";"2296855";"2296855";"0";"0"
"SCRIPT_API";"dw.web.CSRFProtection#getTokenName()";"79";"240242";"240242";"7415";"7415"
"SCRIPT_API";"dw.web.CSRFProtection#validateRequest()";"8";"491630";"491630";"2255";"2255"
"SCRIPT_API";"dw.web.ClickStream#getClicks()";"1";"5340";"5340";"35";"35"
"SCRIPT_API";"dw.web.ClickStream#isPartial()";"1";"2487";"2487";"2";"2"
"SCRIPT_API";"dw.web.ClickStreamEntry#getHost()";"2";"2560";"2560";"205";"205"
"SCRIPT_API";"dw.web.ClickStreamEntry#getLocale()";"2";"1748";"1748";"85";"85"
"SCRIPT_API";"dw.web.ClickStreamEntry#getPath()";"2";"2265";"2265";"31";"31"
"SCRIPT_API";"dw.web.ClickStreamEntry#getPipelineName()";"2";"2182";"2182";"98";"98"
"SCRIPT_API";"dw.web.ClickStreamEntry#getQueryString()";"2";"15733";"15733";"0";"0"
"SCRIPT_API";"dw.web.ClickStreamEntry#getReferer()";"2";"2035";"2035";"27";"27"
"SCRIPT_API";"dw.web.ClickStreamEntry#getRemoteAddress()";"2";"2524";"2524";"18";"18"
"SCRIPT_API";"dw.web.ClickStreamEntry#getTimestamp()";"2";"3356";"3356";"20";"20"
"SCRIPT_API";"dw.web.ClickStreamEntry#getUrl()";"2";"3968";"3968";"19";"19"
"SCRIPT_API";"dw.web.ClickStreamEntry#getUserAgent()";"2";"2191";"2191";"73";"73"
"SCRIPT_API";"dw.web.FormAction#getDescription()";"62";"66615";"66615";"2547";"2547"
"SCRIPT_API";"dw.web.FormAction#getLabel()";"62";"55380";"55380";"1246";"1246"
"SCRIPT_API";"dw.web.FormAction#isSubmitted()";"62";"60292";"60292";"652";"652"
"SCRIPT_API";"dw.web.FormAction#isTriggered()";"62";"53678";"53678";"1040";"1040"
"SCRIPT_API";"dw.web.FormElement#clearFormElement()";"8";"135687";"135687";"33";"33"
"SCRIPT_API";"dw.web.FormElement#getDynamicHtmlName()";"527";"1039648";"1039648";"8516";"8516"
"SCRIPT_API";"dw.web.FormElement#getHtmlName()";"743";"776268";"776268";"15052";"15052"
"SCRIPT_API";"dw.web.FormElement#isValid()";"527";"2559000";"2559000";"1932772";"1932772"
"SCRIPT_API";"dw.web.FormField#getDescription()";"445";"562032";"562032";"8395";"8395"
"SCRIPT_API";"dw.web.FormField#getError()";"419";"242924";"242924";"13047";"13047"
"SCRIPT_API";"dw.web.FormField#getHtmlValue()";"541";"470639";"470639";"14834";"14834"
"SCRIPT_API";"dw.web.FormField#getLabel()";"772";"710603";"710603";"15681";"15681"
"SCRIPT_API";"dw.web.FormField#getMaxLength()";"345";"214932";"214932";"11889";"11889"
"SCRIPT_API";"dw.web.FormField#getMaxValue()";"8";"9902";"9902";"396";"396"
"SCRIPT_API";"dw.web.FormField#getMinLength()";"345";"269525";"269525";"9148";"9148"
"SCRIPT_API";"dw.web.FormField#getMinValue()";"8";"8192";"8192";"346";"346"
"SCRIPT_API";"dw.web.FormField#getOptions()";"11292";"5855663";"5855663";"192881";"192881"
"SCRIPT_API";"dw.web.FormField#getRegEx()";"345";"209228";"209228";"8690";"8690"
"SCRIPT_API";"dw.web.FormField#getSelectedOption()";"78";"451062";"451062";"0";"0"
"SCRIPT_API";"dw.web.FormField#getType()";"899";"561506";"561506";"34298";"34298"
"SCRIPT_API";"dw.web.FormField#getValue()";"76";"71384";"71384";"4638";"4638"
"SCRIPT_API";"dw.web.FormField#isChecked()";"66";"87532";"87532";"2287";"2287"
"SCRIPT_API";"dw.web.FormField#isMandatory()";"485";"295321";"295321";"12340";"12340"
"SCRIPT_API";"dw.web.FormField#isSelected()";"66";"63866";"63866";"1958";"1958"
"SCRIPT_API";"dw.web.FormFieldOption#getHtmlValue()";"1464";"7813527";"7813527";"5251191";"5251191"
"SCRIPT_API";"dw.web.FormFieldOption#getLabel()";"2928";"2207099";"2207099";"76858";"76858"
"SCRIPT_API";"dw.web.FormFieldOption#getOptionId()";"1490";"783112";"783112";"19003";"19003"
"SCRIPT_API";"dw.web.FormFieldOption#getValue()";"1464";"863965";"863965";"19655";"19655"
"SCRIPT_API";"dw.web.FormFieldOption#isChecked()";"1464";"829528";"829528";"41985";"41985"
"SCRIPT_API";"dw.web.FormFieldOption#isSelected()";"1464";"807920";"807920";"39368";"39368"
"SCRIPT_API";"dw.web.FormFieldOptions#getOptionsCount()";"548";"333661";"333661";"9872";"9872"
"SCRIPT_API";"dw.web.FormGroup#getError()";"108";"159746";"159746";"1602";"1602"
"SCRIPT_API";"dw.web.HttpParameter#getDoubleValue()";"4";"14445";"14445";"727";"727"
"SCRIPT_API";"dw.web.HttpParameter#getRawValue()";"416";"241872";"241872";"8375";"8375"
"SCRIPT_API";"dw.web.HttpParameterMap#get(Object)";"218";"138023";"138023";"4051";"4051"
"SCRIPT_API";"dw.web.HttpParameterMap#getParameterNames()";"52";"37365";"37365";"1432";"1432"
"SCRIPT_API";"dw.web.LoopIterator#getCount()";"24";"24272";"24272";"1912";"1912"
"SCRIPT_API";"dw.web.LoopIterator#getIndex()";"66";"39793";"39793";"2574";"2574"
"SCRIPT_API";"dw.web.LoopIterator#isFirst()";"2";"7457";"7457";"138";"138"
"SCRIPT_API";"dw.web.LoopIterator#isLast()";"2";"3254";"3254";"131";"131"
"SCRIPT_API";"dw.web.PageMetaData#addPageMetaTags(Array)";"3";"34149";"34149";"230";"230"
"SCRIPT_API";"dw.web.PageMetaData#getDescription()";"25";"20596";"20596";"422";"422"
"SCRIPT_API";"dw.web.PageMetaData#getKeywords()";"25";"23136";"23136";"393";"393"
"SCRIPT_API";"dw.web.PageMetaData#getPageMetaTags()";"25";"68297";"68297";"89";"89"
"SCRIPT_API";"dw.web.PageMetaData#getTitle()";"25";"26373";"26373";"830";"830"
"SCRIPT_API";"dw.web.PagingModel#appendPaging(dw.web.URL)";"2";"21519";"21519";"174";"174"
"SCRIPT_API";"dw.web.PagingModel#getCurrentPage()";"2";"4780";"4780";"77";"77"
"SCRIPT_API";"dw.web.PagingModel#getEnd()";"2";"3444";"3444";"72";"72"
"SCRIPT_API";"dw.web.PagingModel#getPageElements()";"2";"83462";"83462";"11";"11"
"SCRIPT_API";"dw.web.PagingModel#setPageSize(Number)";"4";"5762";"5762";"27";"27"
"SCRIPT_API";"dw.web.PagingModel#setStart(Number)";"6";"10496";"10496";"236";"236"
"SCRIPT_API";"dw.web.PagingModel(dw.util.Iterator,Number)";"4";"21761";"21761";"812";"812"
"SCRIPT_API";"dw.web.Resource#msg(String,String,String)";"2597";"75398370";"75398370";"16025816";"16025816"
"SCRIPT_API";"dw.web.Resource#msgf(String,String,String,Object[])";"69";"2193190";"2193190";"0";"0"
"SCRIPT_API";"dw.web.URL#abs()";"1";"44733";"44733";"0";"0"
"SCRIPT_API";"dw.web.URL#append(String,String)";"1";"4425";"4425";"8";"8"
"SCRIPT_API";"dw.web.URL#appendCSRFTokenBM()";"3";"209518";"209518";"0";"0"
"SCRIPT_API";"dw.web.URL#relative()";"29";"66221";"66221";"356";"356"
"SCRIPT_API";"dw.web.URL#toString()";"281";"12568474";"12568474";"9946272";"9946272"
"SCRIPT_API";"dw.web.URLAction(String,String)";"1";"13716";"13716";"15";"15"
"SCRIPT_API";"dw.web.URLUtils#abs(String,String[])";"12";"63379";"63379";"523";"523"
"SCRIPT_API";"dw.web.URLUtils#https(String,String[])";"34";"272782";"272782";"1566";"1566"
"SCRIPT_API";"dw.web.URLUtils#https(dw.web.URLAction,dw.web.URLParameter[])";"1";"24524";"24524";"0";"0"
"SCRIPT_API";"dw.web.URLUtils#staticURL(String)";"111";"46589011";"46589011";"40017020";"40017020"
"SCRIPT_API";"dw.web.URLUtils#url(String,String[])";"252";"852362";"852362";"18305";"18305"
"SCRIPT_API";"java.lang.Object#getClass()";"37";"81197";"81197";"710";"710"
"SCRIPT_CONTROLLER";"app_storefront_base/cartridge/controllers/Account.js#Header";"6";"19349640";"14275006";"1870";"0"
"SCRIPT_CONTROLLER";"app_storefront_base/cartridge/controllers/Cart.js#AddProduct";"1";"106832063";"30925996";"74947537";"18485147"
"SCRIPT_CONTROLLER";"app_storefront_base/cartridge/controllers/Cart.js#MiniCart";"3";"9812303";"7090538";"1731";"0"
"SCRIPT_CONTROLLER";"app_storefront_base/cartridge/controllers/Cart.js#MiniCartShow";"3";"72899442";"33659770";"4124838";"0"
"SCRIPT_CONTROLLER";"app_storefront_base/cartridge/controllers/Checkout.js#Begin";"2";"268529386";"61284771";"111085587";"0"
"SCRIPT_CONTROLLER";"app_storefront_base/cartridge/controllers/CheckoutServices.js#LoginCustomer";"1";"114470237";"31615867";"61664995";"6061289"
"SCRIPT_CONTROLLER";"app_storefront_base/cartridge/controllers/CheckoutServices.js#SubmitCustomer";"1";"26597172";"15214944";"2449852";"0"
"SCRIPT_CONTROLLER";"app_storefront_base/cartridge/controllers/CheckoutShippingServices.js#SubmitShipping";"6";"296646132967";"296118212070";"296298642430";"295947595120"
"SCRIPT_CONTROLLER";"app_storefront_base/cartridge/controllers/CheckoutShippingServices.js#UpdateShippingMethodsList";"2";"92509056";"43145628";"14388272";"0"
"SCRIPT_CONTROLLER";"app_storefront_base/cartridge/controllers/ConsentTracking.js#Check";"5";"19531491";"13131483";"6350897";"2354412"
"SCRIPT_CONTROLLER";"app_storefront_base/cartridge/controllers/Default.js#Start";"1";"34068723";"2915494";"22890408";"0"
"SCRIPT_CONTROLLER";"app_storefront_base/cartridge/controllers/Error.js#Start";"4";"19430329";"5692729";"3458";"0"
"SCRIPT_CONTROLLER";"app_storefront_base/cartridge/controllers/Home.js#Show";"1";"21063164";"5230880";"10001319";"0"
"SCRIPT_CONTROLLER";"app_storefront_base/cartridge/controllers/Page.js#Include";"28";"163553625";"66267963";"94169654";"18447187"
"SCRIPT_CONTROLLER";"app_storefront_base/cartridge/controllers/Page.js#IncludeHeaderMenu";"3";"93504275";"28235828";"76263550";"20140404"
"SCRIPT_CONTROLLER";"app_storefront_base/cartridge/controllers/Page.js#Locale";"6";"13020008";"10211974";"1681";"0"
"SCRIPT_CONTROLLER";"app_storefront_base/cartridge/controllers/Product.js#ShowQuickView";"1";"86355926";"37150765";"59260178";"21718950"
"SCRIPT_CONTROLLER";"app_storefront_base/cartridge/controllers/Product.js#Variation";"1";"21568196";"10431553";"5750969";"1044504"
"SCRIPT_CONTROLLER";"app_storefront_base/cartridge/controllers/ReportingEvent.js#MiniCart";"1";"2739966";"1963528";"81";"0"
"SCRIPT_CONTROLLER";"app_storefront_base/cartridge/controllers/ReportingEvent.js#Start";"6";"8469164";"7035551";"1775";"0"
"SCRIPT_CONTROLLER";"app_storefront_base/cartridge/controllers/Search.js#Refinebar";"1";"11958774";"5064175";"6205039";"2118775"
"SCRIPT_CONTROLLER";"app_storefront_base/cartridge/controllers/Search.js#Show";"1";"154462584";"50887673";"96477155";"23205953"
"SCRIPT_CONTROLLER";"app_storefront_base/cartridge/controllers/Tile.js#Show";"12";"122788516";"35454124";"48930063";"21580"
"SCRIPT_HOOK";"app_storefront_base/cartridge/scripts/hooks/cart/calculate.js#calculate";"14";"230394957";"6954787";"157214443";"27471"
"SCRIPT_HOOK";"app_storefront_base/cartridge/scripts/hooks/cart/calculate.js#calculateShipping";"14";"11327077";"705155";"6190142";"7997"
"SCRIPT_HOOK";"app_storefront_base/cartridge/scripts/hooks/cart/calculate.js#calculateTax";"14";"57091525";"7192761";"42048757";"0"
"SF_PAGE";"/Sites-Mailchimp-Site/-/null-null";"1";"35169176";"1100453";"23750335";"859927"
"SF_PAGE";"/Sites-Mailchimp-Site/default/Account-Header";"6";"20235690";"886050";"6498";"4628"
"SF_PAGE";"/Sites-Mailchimp-Site/default/Cart-AddProduct";"1";"121212303";"14380240";"88005391";"13057854"
"SF_PAGE";"/Sites-Mailchimp-Site/default/Cart-MiniCart";"3";"31033720";"21221417";"20702289";"20700558"
"SF_PAGE";"/Sites-Mailchimp-Site/default/Cart-MiniCartShow";"3";"73541940";"642498";"4125929";"1091"
"SF_PAGE";"/Sites-Mailchimp-Site/default/Checkout-Begin";"1";"118553962";"217203";"46482475";"661"
"SF_PAGE";"/Sites-Mailchimp-Site/default/CheckoutServices-SubmitCustomer";"1";"32446059";"5848887";"7193685";"4743833"
"SF_PAGE";"/Sites-Mailchimp-Site/default/CheckoutShippingServices-SubmitShipping";"1";"41909577350";"5263744";"41866090824";"4017260"
"SF_PAGE";"/Sites-Mailchimp-Site/default/CheckoutShippingServices-UpdateShippingMethodsList";"1";"50727629";"6567098";"17290635";"5577929"
"SF_PAGE";"/Sites-Mailchimp-Site/default/ConsentTracking-Check";"4";"68045857";"35142780";"12960200";"9615026"
"SF_PAGE";"/Sites-Mailchimp-Site/default/Home-Show";"1";"21390515";"327351";"10001506";"187"
"SF_PAGE";"/Sites-Mailchimp-Site/default/Page-Include";"23";"58869022";"3024950";"8315101";"15093"
"SF_PAGE";"/Sites-Mailchimp-Site/default/Page-IncludeHeaderMenu";"3";"93888303";"384028";"76265349";"1799"
"SF_PAGE";"/Sites-Mailchimp-Site/default/Page-Locale";"6";"13922631";"902623";"6267";"4586"
"SF_PAGE";"/Sites-Mailchimp-Site/default/Product-ShowQuickView";"1";"86682390";"326464";"59260922";"744"
"SF_PAGE";"/Sites-Mailchimp-Site/default/Product-Variation";"1";"21827812";"259616";"5751954";"985"
"SF_PAGE";"/Sites-Mailchimp-Site/default/ReportingEvent-MiniCart";"1";"2902353";"162387";"815";"734"
"SF_PAGE";"/Sites-Mailchimp-Site/default/ReportingEvent-Start";"5";"7674224";"831576";"4069";"2731"
"SF_PAGE";"/Sites-Mailchimp-Site/default/Search-Refinebar";"1";"12079806";"121032";"6205828";"789"
"SF_PAGE";"/Sites-Mailchimp-Site/default/Search-Show";"1";"154703219";"240635";"96477536";"381"
"SF_PAGE";"/Sites-Mailchimp-Site/default/Tile-Show";"12";"124244416";"1455900";"48938617";"8554"
"SF_PAGE";"/Sites-Mailchimp-Site/default/__SYSTEM__Slot-Request";"16";"24874798";"24874798";"8211423";"8211423"
"SF_PAGE";"/Sites-Mailchimp-Site/default/__SYSTEM__StorefrontToolkit-Start";"4";"3612656";"3612656";"3235";"3235"
"SF_PAGE";"/Sites-RefArch-Site/en_US/Checkout-Begin";"1";"150451760";"259133";"64604380";"607"
"SF_PAGE";"/Sites-RefArch-Site/en_US/CheckoutServices-LoginCustomer";"1";"118528384";"4058147";"64168682";"2503687"
"SF_PAGE";"/Sites-RefArch-Site/en_US/CheckoutShippingServices-SubmitShipping";"5";"254759082675";"17263314";"254447673058";"11104192"
"SF_PAGE";"/Sites-RefArch-Site/en_US/CheckoutShippingServices-UpdateShippingMethodsList";"1";"53545346";"5196821";"6661991";"3986425"
"SF_PAGE";"/Sites-RefArch-Site/en_US/ConsentTracking-Check";"1";"6255663";"196920";"3009604";"423"
"SF_PAGE";"/Sites-RefArch-Site/en_US/Page-Include";"5";"108662923";"953370";"85872756";"3110"
"SF_PAGE";"/Sites-RefArch-Site/en_US/ReportingEvent-Start";"1";"1862883";"236367";"1014";"577"
"SF_PAGE";"/Sites-RefArch-Site/en_US/__SYSTEM__Slot-Render";"2";"19608932";"15018385";"15690135";"12670995"
"SF_PAGE";"/Sites-RefArch-Site/en_US/__SYSTEM__Slot-Request";"2";"40842433";"40842433";"36048798";"36048798"
"SF_PAGE";"/Sites-RefArch-Site/en_US/__SYSTEM__StorefrontToolkit-Start";"1";"1007501";"1007501";"911";"911"
