"Type";"Name";"Count";"TotalTime";"OwnTime";"TotalWaitTime";"OwnWaitTime"
"ISML";"app_storefront_base/default//account/login";"4";"78821327";"6056128";"32055414";"0"
"ISML";"app_storefront_base/default//common/consent";"2";"730372";"641428";"335";"0"
"ISML";"app_storefront_base/default//common/htmlHead";"20";"92057689";"10171697";"64707866";"25317"
"ISML";"app_storefront_base/default//common/scripts";"40";"3811562";"2647651";"0";"0"
"ISML";"app_storefront_base/default//components/content/contentAsset";"119";"3948354";"3677125";"5205";"4246"
"ISML";"app_storefront_base/default//components/content/offlineContent";"55";"1692826";"1692826";"2189";"2189"
"ISML";"app_storefront_base/default//components/footer/pageFooter";"20";"8911337";"4293020";"3222";"0"
"ISML";"app_storefront_base/default//components/header/countrySelector";"10";"1348549";"1348549";"1863";"1863"
"ISML";"app_storefront_base/default//components/header/menu";"10";"6298566";"4486840";"1387";"0"
"ISML";"app_storefront_base/default//components/header/miniCart";"10";"3760361";"2795028";"1826";"1370"
"ISML";"app_storefront_base/default//components/header/mobileCountrySelector";"10";"1354891";"1354891";"2278";"2278"
"ISML";"app_storefront_base/default//components/header/pageHeader";"19";"38095970";"8073227";"12090054";"20958"
"ISML";"app_storefront_base/default//components/header/pageHeaderNomenu";"1";"18271416";"290540";"17014716";"4312"
"ISML";"app_storefront_base/default//components/header/skipNav";"20";"3320394";"1132910";"2232";"4110"
"ISML";"app_storefront_base/default//components/modules";"20";"245589";"245589";"1172";"1172"
"ISML";"app_storefront_base/default//components/schema";"19";"908712";"908712";"17882";"17882"
"ISML";"app_storefront_base/default//product/components/pricing/default";"33";"3930698";"2441452";"2940";"1173"
"ISML";"app_storefront_base/default//product/components/pricing/formatted";"34";"515242";"515242";"2667";"2667"
"ISML";"app_storefront_base/default//product/components/pricing/main";"3";"314458";"127502";"245";"142"
"ISML";"app_storefront_base/default//reporting/reporting";"8";"265141";"265141";"433";"433"
"ISML";"app_storefront_base/default//reporting/reportingUrls";"1";"299270";"299270";"90";"90"
"ISML";"app_storefront_base/default//search/searchRefineBar";"1";"791205";"297294";"325";"358"
"ISML";"app_storefront_base/default/account/accountDashboard";"2";"33087002";"2020572";"14556083";"0"
"ISML";"app_storefront_base/default/account/addressBookCard";"2";"420624";"253417";"768";"376"
"ISML";"app_storefront_base/default/account/components/loginForm";"4";"1538362";"1058504";"963";"0"
"ISML";"app_storefront_base/default/account/components/navTabs";"4";"564593";"402017";"1122";"1071"
"ISML";"app_storefront_base/default/account/components/oauth";"4";"796402";"592318";"861";"312"
"ISML";"app_storefront_base/default/account/components/registerForm";"4";"7338567";"2791902";"661";"0"
"ISML";"app_storefront_base/default/account/components/trackOrderForm";"4";"1754339";"1190179";"1132";"0"
"ISML";"app_storefront_base/default/account/components/trackOrderFormBillingZipCode";"4";"251495";"173309";"1218";"1110"
"ISML";"app_storefront_base/default/account/dashboardProfileCards";"2";"5664476";"1147290";"556";"0"
"ISML";"app_storefront_base/default/account/header";"10";"3777304";"2672495";"2228";"889"
"ISML";"app_storefront_base/default/account/mobileHeader";"10";"3105275";"2253479";"2825";"2563"
"ISML";"app_storefront_base/default/account/password/passwordResetForm";"4";"757986";"498842";"847";"0"
"ISML";"app_storefront_base/default/account/password/requestPasswordResetModal";"4";"1431078";"589688";"1119";"0"
"ISML";"app_storefront_base/default/account/passwordCard";"2";"475633";"274545";"817";"463"
"ISML";"app_storefront_base/default/account/payment/savedPayment";"1";"141031";"84494";"402";"327"
"ISML";"app_storefront_base/default/account/paymentCard";"2";"2762912";"442065";"659";"2218"
"ISML";"app_storefront_base/default/account/profileCard";"2";"858017";"504286";"611";"555"
"ISML";"app_storefront_base/default/cart/cart";"1";"17368871";"1603976";"5726358";"0"
"ISML";"app_storefront_base/default/cart/cartApproachingDiscount";"1";"48970";"47378";"258";"195"
"ISML";"app_storefront_base/default/cart/cartCouponDisplay";"10";"747308";"747308";"1134";"1134"
"ISML";"app_storefront_base/default/cart/cartPromoCode";"1";"272273";"150470";"102";"247"
"ISML";"app_storefront_base/default/cart/cartRemoveCouponModal";"1";"163405";"80793";"190";"220"
"ISML";"app_storefront_base/default/cart/cartRemoveProductModal";"2";"291405";"124768";"218";"321"
"ISML";"app_storefront_base/default/cart/cartShippingMethodSelection";"1";"232380";"202338";"138";"157"
"ISML";"app_storefront_base/default/cart/cartTotals";"1";"288872";"175613";"130";"296"
"ISML";"app_storefront_base/default/cart/checkoutButtons";"2";"232840";"157773";"201";"224"
"ISML";"app_storefront_base/default/cart/productCard/cartProductCard";"1";"1747923";"547802";"306";"0"
"ISML";"app_storefront_base/default/cart/productCard/cartProductCardAvailability";"3";"132266";"132266";"183";"183"
"ISML";"app_storefront_base/default/cart/productCard/cartProductCardEdit";"1";"199146";"110773";"208";"198"
"ISML";"app_storefront_base/default/cart/productCard/cartProductCardHeader";"1";"234394";"133616";"295";"34"
"ISML";"app_storefront_base/default/cart/productCard/cartProductCardProductPrice";"1";"649199";"176658";"129";"203"
"ISML";"app_storefront_base/default/checkout/addressSummary";"6";"325088";"325088";"203";"203"
"ISML";"app_storefront_base/default/checkout/billing/addressSelector";"1";"302925";"236282";"246";"142"
"ISML";"app_storefront_base/default/checkout/billing/addressSelectorShipping";"1";"30329";"30329";"125";"125"
"ISML";"app_storefront_base/default/checkout/billing/billing";"1";"6978107";"675579";"1267481";"0"
"ISML";"app_storefront_base/default/checkout/billing/billingAddress";"1";"1604737";"1334327";"286";"0"
"ISML";"app_storefront_base/default/checkout/billing/billingSummary";"2";"944383";"419483";"381";"0"
"ISML";"app_storefront_base/default/checkout/billing/creditCardForm";"1";"1055162";"855443";"172";"0"
"ISML";"app_storefront_base/default/checkout/billing/paymentOptions";"1";"4169911";"290431";"1267661";"48"
"ISML";"app_storefront_base/default/checkout/billing/paymentOptions/creditCardContent";"1";"1944910";"439566";"189";"0"
"ISML";"app_storefront_base/default/checkout/billing/paymentOptions/creditCardSummary";"1";"110264";"53964";"340";"273"
"ISML";"app_storefront_base/default/checkout/billing/paymentOptions/creditCardTab";"1";"1611761";"91826";"1267488";"258"
"ISML";"app_storefront_base/default/checkout/billing/paymentOptions/paymentOptionsContent";"1";"2109437";"164527";"175";"0"
"ISML";"app_storefront_base/default/checkout/billing/paymentOptions/paymentOptionsSummary";"2";"331668";"221404";"371";"31"
"ISML";"app_storefront_base/default/checkout/billing/paymentOptions/paymentOptionsTabs";"1";"1770043";"158282";"1267438";"0"
"ISML";"app_storefront_base/default/checkout/billing/storedPaymentInstruments";"2";"754689";"421851";"536";"211"
"ISML";"app_storefront_base/default/checkout/cart/miniCart";"1";"2896919";"803672";"344";"0"
"ISML";"app_storefront_base/default/checkout/checkout";"1";"49178762";"2103759";"23171377";"0"
"ISML";"app_storefront_base/default/checkout/confirmation/accountRegisteredEmail";"1";"533490";"415845";"406";"152"
"ISML";"app_storefront_base/default/checkout/confirmation/confirmation";"1";"16446585";"1054925";"7807372";"0"
"ISML";"app_storefront_base/default/checkout/confirmation/confirmationDetails";"1";"2241924";"292026";"189";"0"
"ISML";"app_storefront_base/default/checkout/confirmation/confirmationEmail";"1";"1846242";"957368";"190";"0"
"ISML";"app_storefront_base/default/checkout/confirmation/confirmationOrderTotal";"1";"236311";"138507";"124";"275"
"ISML";"app_storefront_base/default/checkout/confirmation/confirmationPaymentInfo";"1";"158055";"111035";"92";"125"
"ISML";"app_storefront_base/default/checkout/confirmation/shippingTitle";"1";"72490";"41575";"169";"165"
"ISML";"app_storefront_base/default/checkout/customer/customerSummary";"1";"133114";"99593";"378";"391"
"ISML";"app_storefront_base/default/checkout/orderProductSummary";"2";"1592361";"375032";"349";"365"
"ISML";"app_storefront_base/default/checkout/orderTotalSummary";"2";"594746";"313637";"295";"913"
"ISML";"app_storefront_base/default/checkout/productCard/productCard";"3";"2704772";"1395453";"512";"0"
"ISML";"app_storefront_base/default/checkout/productCard/productCardProductName";"3";"51697";"51697";"357";"357"
"ISML";"app_storefront_base/default/checkout/productCard/productCardProductNameAndRemove";"1";"137972";"97986";"238";"272"
"ISML";"app_storefront_base/default/checkout/productCard/productCardProductPromotions";"2";"42954";"42954";"180";"180"
"ISML";"app_storefront_base/default/checkout/productCard/productCardProductRenderedTotalPrice";"18";"2963162";"2301384";"1681";"1286"
"ISML";"app_storefront_base/default/checkout/productCard/productCardProductTotalPrice";"22";"765707";"765707";"477";"477"
"ISML";"app_storefront_base/default/checkout/productCard/productCardQuantityDisplay";"2";"212020";"136329";"154";"288"
"ISML";"app_storefront_base/default/checkout/productCard/productCardQuantitySelector";"2";"605279";"405590";"82";"0"
"ISML";"app_storefront_base/default/checkout/productCard/productShippingCard";"1";"238073";"216232";"47";"0"
"ISML";"app_storefront_base/default/checkout/shipping/giftMessageSummary";"4";"256276";"138388";"265";"216"
"ISML";"app_storefront_base/default/checkout/shipping/isGift";"2";"453438";"296175";"209";"0"
"ISML";"app_storefront_base/default/checkout/shipping/multiShipCheckbox";"1";"44175";"44175";"250";"250"
"ISML";"app_storefront_base/default/checkout/shipping/multiShippingButtons";"2";"354168";"134873";"152";"154"
"ISML";"app_storefront_base/default/checkout/shipping/selectedShippingMethod";"12";"301771";"301771";"803";"803"
"ISML";"app_storefront_base/default/checkout/shipping/shipmentCard";"2";"8456684";"1209861";"243";"0"
"ISML";"app_storefront_base/default/checkout/shipping/shipmentSelector";"2";"671471";"318830";"180";"0"
"ISML";"app_storefront_base/default/checkout/shipping/shipmentSelectorOptions";"2";"173383";"113382";"449";"528"
"ISML";"app_storefront_base/default/checkout/shipping/shipping";"1";"9283205";"491710";"170";"0"
"ISML";"app_storefront_base/default/checkout/shipping/shippingAddress";"2";"4173621";"2543203";"208";"0"
"ISML";"app_storefront_base/default/checkout/shipping/shippingAddressTemplate";"1";"122412";"56107";"258";"303"
"ISML";"app_storefront_base/default/checkout/shipping/shippingCard";"2";"396589";"254843";"503";"399"
"ISML";"app_storefront_base/default/checkout/shipping/shippingMethod";"2";"1127721";"811943";"474";"0"
"ISML";"app_storefront_base/default/checkout/shipping/shippingSummary";"2";"1880805";"602928";"328";"732"
"ISML";"app_storefront_base/default/checkout/shipping/shippingTitle";"2";"138460";"65077";"305";"345"
"ISML";"app_storefront_base/default/common/layout/checkout";"1";"26838460";"1151040";"21903648";"0"
"ISML";"app_storefront_base/default/common/layout/page";"19";"159423614";"21391324";"71894141";"0"
"ISML";"app_storefront_base/default/components/breadcrumbs/pageBreadcrumbs";"6";"810045";"794523";"1724";"1277"
"ISML";"app_storefront_base/default/components/content/contentAssetInc";"11";"2741944";"2741944";"0";"0"
"ISML";"app_storefront_base/default/components/deleteButton";"2";"180685";"102815";"345";"596"
"ISML";"app_storefront_base/default/components/header/menuItem";"10";"673516";"673516";"1848";"1848"
"ISML";"app_storefront_base/default/components/header/search";"38";"7621110";"3914967";"5224";"6854"
"ISML";"app_storefront_base/default/error";"9";"34497552";"3607795";"1709";"4242"
"ISML";"app_storefront_base/default/home/homePage";"1";"14633228";"810681";"5790816";"849"
"ISML";"app_storefront_base/default/product/components/addToCartGlobal";"1";"132163";"99138";"181";"55"
"ISML";"app_storefront_base/default/product/components/attributes";"1";"56893";"56893";"0";"0"
"ISML";"app_storefront_base/default/product/components/attributesPre";"1";"219889";"162996";"186";"196"
"ISML";"app_storefront_base/default/product/components/availability";"2";"203453";"102721";"436";"455"
"ISML";"app_storefront_base/default/product/components/imageCarousel";"1";"381794";"270384";"311";"0"
"ISML";"app_storefront_base/default/product/components/mainAttributes";"1";"45582";"45582";"145";"145"
"ISML";"app_storefront_base/default/product/components/options";"1";"91349";"91349";"161";"161"
"ISML";"app_storefront_base/default/product/components/pricing/ajaxMain";"17";"5713492";"2988557";"1734";"3"
"ISML";"app_storefront_base/default/product/components/pricing/main";"30";"5384681";"1640939";"2603";"0"
"ISML";"app_storefront_base/default/product/components/productRating";"12";"558447";"558447";"0";"0"
"ISML";"app_storefront_base/default/product/components/productTileImage";"12";"2169384";"997699";"434";"3575"
"ISML";"app_storefront_base/default/product/components/productTileName";"12";"273071";"273071";"409";"409"
"ISML";"app_storefront_base/default/product/components/productTileSwatch";"12";"1137090";"1107549";"1170";"0"
"ISML";"app_storefront_base/default/product/components/promotions";"2";"135110";"135110";"289";"289"
"ISML";"app_storefront_base/default/product/components/quantity";"2";"440673";"386682";"0";"0"
"ISML";"app_storefront_base/default/product/components/ratings";"12";"1208634";"650187";"707";"22902"
"ISML";"app_storefront_base/default/product/components/variationAttribute";"2";"475215";"354689";"177";"0"
"ISML";"app_storefront_base/default/product/gridTile";"12";"13522504";"2376497";"666";"0"
"ISML";"app_storefront_base/default/product/productTile";"12";"11146007";"2442394";"1443";"0"
"ISML";"app_storefront_base/default/product/productTileFooter";"12";"2560511";"646164";"583";"2812"
"ISML";"app_storefront_base/default/product/quickView";"1";"2996007";"1159091";"251";"0"
"ISML";"app_storefront_base/default/reporting/reportingUrls";"5";"618116";"618116";"0";"0"
"ISML";"app_storefront_base/default/search/components/productTiles";"1";"15382747";"15277214";"5127456";"5115128"
"ISML";"app_storefront_base/default/search/filterBar";"1";"155025";"125947";"350";"228"
"ISML";"app_storefront_base/default/search/productGrid";"1";"15769001";"318658";"5127637";"299"
"ISML";"app_storefront_base/default/search/resultsCount";"2";"2353201";"808471";"214";"1556"
"ISML";"app_storefront_base/default/search/searchResults";"1";"31576523";"827215";"11096822";"0"
"ISML";"app_storefront_base/default/search/searchResultsNoDecorator";"1";"19008124";"801775";"5127612";"0"
"ISML";"app_storefront_base/default/search/sortOrderMenu";"1";"142552";"99042";"199";"184"
"ISML";"app_storefront_base/default/slots/content/contentAssetBody";"2";"962849";"934210";"1031";"919"
"ISML";"app_storefront_base/default/slots/content/htmlSlotContainer";"2";"1291908";"286306";"1332";"825"
"ISML";"app_storefront_base/default/slots/htmlSlotContainer";"2";"1005602";"959223";"507";"409"
"ISML";"bm_mailchimp/default/displayCustomers";"17";"236141371";"229277129";"360870";"313611"
"JOB";"Sites@ProcessObjectTypeImpex";"3";"6225581559";"2403365269";"5692796309";"2162874214"
"ONREQUEST";"/Sites-Mailchimp-Site/default/Account-Login";"1";"1022481";"1022481";"687";"687"
"ONREQUEST";"/Sites-Mailchimp-Site/default/Account-Show";"2";"1447504";"1447504";"662";"662"
"ONREQUEST";"/Sites-Mailchimp-Site/default/Account-SubmitRegistration";"2";"3627328";"3627328";"1061";"1061"
"ONREQUEST";"/Sites-Mailchimp-Site/default/Cart-AddProduct";"1";"869376";"869376";"140";"140"
"ONREQUEST";"/Sites-Mailchimp-Site/default/Cart-MiniCartShow";"1";"792976";"792976";"382";"382"
"ONREQUEST";"/Sites-Mailchimp-Site/default/Cart-Show";"1";"914109";"914109";"606";"606"
"ONREQUEST";"/Sites-Mailchimp-Site/default/Checkout-Begin";"1";"1601219";"1601219";"272";"272"
"ONREQUEST";"/Sites-Mailchimp-Site/default/CheckoutServices-PlaceOrder";"1";"815833";"815833";"250";"250"
"ONREQUEST";"/Sites-Mailchimp-Site/default/CheckoutServices-SubmitPayment";"1";"1130916";"1130916";"331";"331"
"ONREQUEST";"/Sites-Mailchimp-Site/default/CheckoutShippingServices-SubmitShipping";"1";"2902881";"2902881";"1461";"1461"
"ONREQUEST";"/Sites-Mailchimp-Site/default/CheckoutShippingServices-UpdateShippingMethodsList";"1";"782394";"782394";"757";"757"
"ONREQUEST";"/Sites-Mailchimp-Site/default/Home-Show";"1";"7616044";"7616044";"3685047";"3685047"
"ONREQUEST";"/Sites-Mailchimp-Site/default/Login-Logout";"1";"29814080";"29814080";"23204200";"23204200"
"ONREQUEST";"/Sites-Mailchimp-Site/default/Login-Show";"2";"41601106";"41601106";"28522341";"28522341"
"ONREQUEST";"/Sites-Mailchimp-Site/default/Order-Confirm";"1";"899107";"899107";"411";"411"
"ONREQUEST";"/Sites-Mailchimp-Site/default/Product-ShowQuickView";"1";"1026798";"1026798";"358";"358"
"ONREQUEST";"/Sites-Mailchimp-Site/default/Product-Variation";"1";"2561385";"2561385";"8909";"8909"
"ONREQUEST";"/Sites-Mailchimp-Site/default/ReportingEvent-MiniCart";"1";"854874";"854874";"507";"507"
"ONREQUEST";"/Sites-Mailchimp-Site/default/Search-Show";"1";"2880440";"2880440";"1470";"1470"
"ONREQUEST";"/Sites-Mailchimp-Site/default/__Analytics-Start";"18";"25103798";"25103798";"6017";"6017"
"ONREQUEST";"/Sites-Mailchimp-Site/default/__SYSTEM__StorefrontToolkit-Start";"9";"13076618";"13076618";"8535";"8535"
"ONREQUEST";"/Sites-RefArch-Site/en_US/ConsentTracking-GetContent";"1";"603757";"603757";"197";"197"
"ONREQUEST";"/Sites-RefArch-Site/en_US/ConsentTracking-SetConsent";"1";"704539";"704539";"0";"0"
"ONREQUEST";"/Sites-RefArch-Site/en_US/Login-Show";"2";"38190425";"38190425";"30939644";"30939644"
"ONREQUEST";"/Sites-RefArch-Site/en_US/__Analytics-Start";"4";"4517937";"4517937";"10376";"10376"
"ONREQUEST";"/Sites-RefArch-Site/en_US/__SYSTEM__StorefrontToolkit-Start";"2";"1597615";"1597615";"1510";"1510"
"PIPELINE_NODE";"bc_api:Assign";"3";"112055";"112055";"0";"0"
"PIPELINE_NODE";"bc_api:ExportMetaData";"1";"3809072774";"3809072774";"3524600642";"3524600642"
"PIPELINE_NODE";"bc_api:ValidateXMLFile";"1";"13143516";"13143516";"5321453";"5321453"
"SCRIPT_API";"dw.campaign.DiscountPlan#getApproachingOrderDiscounts()";"3";"16799";"16799";"36";"36"
"SCRIPT_API";"dw.campaign.DiscountPlan#getApproachingShippingDiscounts(dw.order.Shipment)";"3";"24289";"24289";"6";"6"
"SCRIPT_API";"dw.campaign.PromotionMgr#applyDiscounts(dw.order.LineItemCtnr)";"16";"4784252";"4784252";"0";"0"
"SCRIPT_API";"dw.campaign.PromotionMgr#getActiveCustomerPromotions()";"21";"1230356";"1230356";"0";"0"
"SCRIPT_API";"dw.campaign.PromotionMgr#getDiscounts(dw.order.LineItemCtnr)";"3";"549991";"549991";"0";"0"
"SCRIPT_API";"dw.campaign.PromotionPlan#getProductPromotions()";"1";"31271";"31271";"4";"4"
"SCRIPT_API";"dw.campaign.PromotionPlan#getProductPromotions(dw.catalog.Product)";"20";"268652";"268652";"11";"11"
"SCRIPT_API";"dw.campaign.SlotContent#getContent()";"4";"21668";"21668";"0";"0"
"SCRIPT_API";"dw.catalog.Catalog#getRoot()";"12";"242702";"242702";"0";"0"
"SCRIPT_API";"dw.catalog.CatalogMgr#getCategory(String)";"3";"87799";"87799";"376";"376"
"SCRIPT_API";"dw.catalog.CatalogMgr#getSiteCatalog()";"12";"229337";"229337";"6927";"6927"
"SCRIPT_API";"dw.catalog.CatalogMgr#getSortingOptions()";"2";"1313077";"1313077";"1137178";"1137178"
"SCRIPT_API";"dw.catalog.Category#getDefaultSortingRule()";"2";"132801";"132801";"0";"0"
"SCRIPT_API";"dw.catalog.Category#getDisplayName()";"22";"409656";"409656";"0";"0"
"SCRIPT_API";"dw.catalog.Category#getID()";"44";"52430";"52430";"1970";"1970"
"SCRIPT_API";"dw.catalog.Category#getImage()";"2";"8873";"8873";"194";"194"
"SCRIPT_API";"dw.catalog.Category#getOnlineSubCategories()";"30";"17216729";"17216729";"13149357";"13149357"
"SCRIPT_API";"dw.catalog.Category#getPageDescription()";"2";"21370";"21370";"0";"0"
"SCRIPT_API";"dw.catalog.Category#getPageKeywords()";"2";"20168";"20168";"0";"0"
"SCRIPT_API";"dw.catalog.Category#getPageTitle()";"2";"31721";"31721";"0";"0"
"SCRIPT_API";"dw.catalog.Category#getTemplate()";"1";"6518";"6518";"5";"5"
"SCRIPT_API";"dw.catalog.Category#hasOnlineProducts()";"80";"90698070";"90698070";"79846674";"79846674"
"SCRIPT_API";"dw.catalog.Category#hasOnlineSubCategories()";"70";"815462";"815462";"0";"0"
"SCRIPT_API";"dw.catalog.Category#isOnline()";"2";"46896";"46896";"0";"0"
"SCRIPT_API";"dw.catalog.PriceBook#getID()";"40";"45354";"45354";"706";"706"
"SCRIPT_API";"dw.catalog.PriceBook#getParentPriceBook()";"30";"48028";"48028";"629";"629"
"SCRIPT_API";"dw.catalog.PriceBookMgr#getApplicablePriceBooks()";"1";"8392";"8392";"0";"0"
"SCRIPT_API";"dw.catalog.PriceBookMgr#setApplicablePriceBooks(dw.catalog.PriceBook[])";"2";"27887";"27887";"0";"0"
"SCRIPT_API";"dw.catalog.Product#getAttributeModel()";"2";"628416";"628416";"0";"0"
"SCRIPT_API";"dw.catalog.Product#getAvailabilityModel()";"68";"812444";"812444";"0";"0"
"SCRIPT_API";"dw.catalog.Product#getBrand()";"13";"24422";"24422";"368";"368"
"SCRIPT_API";"dw.catalog.Product#getID()";"67";"92068";"92068";"2608";"2608"
"SCRIPT_API";"dw.catalog.Product#getImages(String)";"30";"3713295";"3713295";"0";"0"
"SCRIPT_API";"dw.catalog.Product#getLongDescription()";"2";"119297";"119297";"0";"0"
"SCRIPT_API";"dw.catalog.Product#getMinOrderQuantity()";"36";"72256";"72256";"828";"828"
"SCRIPT_API";"dw.catalog.Product#getName()";"13";"345279";"345279";"0";"0"
"SCRIPT_API";"dw.catalog.Product#getOptionModel()";"21";"211233";"211233";"0";"0"
"SCRIPT_API";"dw.catalog.Product#getPageDescription()";"1";"10719";"10719";"0";"0"
"SCRIPT_API";"dw.catalog.Product#getPageKeywords()";"1";"9818";"9818";"0";"0"
"SCRIPT_API";"dw.catalog.Product#getPageMetaTags()";"2";"104981";"104981";"0";"0"
"SCRIPT_API";"dw.catalog.Product#getPageTitle()";"1";"21527";"21527";"0";"0"
"SCRIPT_API";"dw.catalog.Product#getPriceModel()";"29";"17769556";"17769556";"12942759";"12942759"
"SCRIPT_API";"dw.catalog.Product#getPriceModel(dw.catalog.ProductOptionModel)";"16";"993910";"993910";"0";"0"
"SCRIPT_API";"dw.catalog.Product#getPrimaryCategory()";"3";"74938";"74938";"280";"280"
"SCRIPT_API";"dw.catalog.Product#getShortDescription()";"2";"28843";"28843";"0";"0"
"SCRIPT_API";"dw.catalog.Product#getStepQuantity()";"2";"13354";"13354";"43";"43"
"SCRIPT_API";"dw.catalog.Product#getTemplate()";"1";"2896";"2896";"6";"6"
"SCRIPT_API";"dw.catalog.Product#getVariationModel()";"30";"774709";"774709";"0";"0"
"SCRIPT_API";"dw.catalog.Product#isBundle()";"2";"8397";"8397";"90";"90"
"SCRIPT_API";"dw.catalog.Product#isMaster()";"68";"80640";"80640";"2110";"2110"
"SCRIPT_API";"dw.catalog.Product#isOnline()";"10";"616846";"616846";"0";"0"
"SCRIPT_API";"dw.catalog.Product#isVariant()";"19";"25587";"25587";"382";"382"
"SCRIPT_API";"dw.catalog.Product#isVariationGroup()";"30";"31446";"31446";"317";"317"
"SCRIPT_API";"dw.catalog.ProductAttributeModel#getVisibleAttributeGroups()";"2";"25236";"25236";"39";"39"
"SCRIPT_API";"dw.catalog.ProductAvailabilityLevels#getBackorder()";"16";"18622";"18622";"239";"239"
"SCRIPT_API";"dw.catalog.ProductAvailabilityLevels#getInStock()";"32";"26858";"26858";"642";"642"
"SCRIPT_API";"dw.catalog.ProductAvailabilityLevels#getNotAvailable()";"24";"27620";"27620";"430";"430"
"SCRIPT_API";"dw.catalog.ProductAvailabilityLevels#getPreorder()";"16";"22330";"22330";"437";"437"
"SCRIPT_API";"dw.catalog.ProductAvailabilityModel#getAvailabilityLevels(Number)";"24";"2300149";"2300149";"0";"0"
"SCRIPT_API";"dw.catalog.ProductAvailabilityModel#getInventoryRecord()";"46";"54806";"54806";"1044";"1044"
"SCRIPT_API";"dw.catalog.ProductAvailabilityModel#isOrderable(Number)";"30";"579194";"579194";"0";"0"
"SCRIPT_API";"dw.catalog.ProductInventoryRecord#getATS()";"15";"293266";"293266";"0";"0"
"SCRIPT_API";"dw.catalog.ProductInventoryRecord#getInStockDate()";"15";"23347";"23347";"271";"271"
"SCRIPT_API";"dw.catalog.ProductInventoryRecord#isPerpetual()";"15";"20413";"20413";"211";"211"
"SCRIPT_API";"dw.catalog.ProductMgr#getProduct(String)";"33";"371784";"371784";"344";"344"
"SCRIPT_API";"dw.catalog.ProductOptionModel#getOptions()";"43";"131398";"131398";"851";"851"
"SCRIPT_API";"dw.catalog.ProductPriceInfo#getPriceBook()";"40";"56140";"56140";"805";"805"
"SCRIPT_API";"dw.catalog.ProductPriceModel#getPrice()";"32";"296919";"296919";"465";"465"
"SCRIPT_API";"dw.catalog.ProductPriceModel#getPrice(dw.value.Quantity)";"16";"566170";"566170";"0";"0"
"SCRIPT_API";"dw.catalog.ProductPriceModel#getPriceBookPrice(String)";"16";"3211913";"3211913";"2247868";"2247868"
"SCRIPT_API";"dw.catalog.ProductPriceModel#getPriceInfo()";"52";"868723";"868723";"0";"0"
"SCRIPT_API";"dw.catalog.ProductPriceModel#getPriceTable()";"16";"2194693";"2194693";"1361968";"1361968"
"SCRIPT_API";"dw.catalog.ProductPriceModel#isPriceRange()";"1";"2518597";"2518597";"2040014";"2040014"
"SCRIPT_API";"dw.catalog.ProductPriceTable#getQuantities()";"16";"61970";"61970";"39";"39"
"SCRIPT_API";"dw.catalog.ProductSearchHit#getDiscountedPromotionIDs()";"12";"583413";"583413";"64";"64"
"SCRIPT_API";"dw.catalog.ProductSearchHit#getFirstRepresentedProduct()";"12";"157298";"157298";"954";"954"
"SCRIPT_API";"dw.catalog.ProductSearchHit#getMaxPrice()";"25";"53790";"53790";"0";"0"
"SCRIPT_API";"dw.catalog.ProductSearchHit#getMinPrice()";"25";"135601";"135601";"217";"217"
"SCRIPT_API";"dw.catalog.ProductSearchHit#getProduct()";"1";"9349";"9349";"17";"17"
"SCRIPT_API";"dw.catalog.ProductSearchHit#getProductID()";"48";"36521";"36521";"1599";"1599"
"SCRIPT_API";"dw.catalog.ProductSearchHit#getRepresentedVariationValues(Object)";"12";"810878";"810878";"0";"0"
"SCRIPT_API";"dw.catalog.ProductSearchModel#getCategory()";"22";"19128";"19128";"1066";"1066"
"SCRIPT_API";"dw.catalog.ProductSearchModel#getPageMetaTags()";"2";"61222";"61222";"0";"0"
"SCRIPT_API";"dw.catalog.ProductSearchModel#getProductSearchHit(dw.catalog.Product)";"13";"2474089";"2474089";"0";"0"
"SCRIPT_API";"dw.catalog.ProductSearchModel#getProductSearchHits()";"4";"1472621";"1472621";"0";"0"
"SCRIPT_API";"dw.catalog.ProductSearchModel#getRefinements()";"4";"198172";"198172";"0";"0"
"SCRIPT_API";"dw.catalog.ProductSearchModel#getSearchPhraseSuggestions()";"2";"15077";"15077";"76";"76"
"SCRIPT_API";"dw.catalog.ProductSearchModel#isCategorySearch()";"4";"5469";"5469";"82";"82"
"SCRIPT_API";"dw.catalog.ProductSearchModel#isPersonalizedSort()";"1";"6065";"6065";"66";"66"
"SCRIPT_API";"dw.catalog.ProductSearchModel#isRefinedCategorySearch()";"2";"7919";"7919";"41";"41"
"SCRIPT_API";"dw.catalog.ProductSearchModel#search()";"15";"40713872";"40713872";"26575839";"26575839"
"SCRIPT_API";"dw.catalog.ProductSearchModel#setCategoryID(String)";"2";"9804";"9804";"31";"31"
"SCRIPT_API";"dw.catalog.ProductSearchModel#setPriceMax(Number)";"2";"3697";"3697";"3";"3"
"SCRIPT_API";"dw.catalog.ProductSearchModel#setPriceMin(Number)";"2";"5192";"5192";"0";"0"
"SCRIPT_API";"dw.catalog.ProductSearchModel#setRecursiveCategorySearch(Boolean)";"2";"5649";"5649";"31";"31"
"SCRIPT_API";"dw.catalog.ProductSearchModel()";"15";"3468900";"3468900";"1835455";"1835455"
"SCRIPT_API";"dw.catalog.ProductVariationAttribute#getAttributeID()";"124";"159327";"159327";"16470";"16470"
"SCRIPT_API";"dw.catalog.ProductVariationAttribute#getDisplayName()";"40";"559888";"559888";"0";"0"
"SCRIPT_API";"dw.catalog.ProductVariationAttribute#getID()";"89";"81322";"81322";"1813";"1813"
"SCRIPT_API";"dw.catalog.ProductVariationAttributeValue#equals(Object)";"77";"98248";"98248";"2235";"2235"
"SCRIPT_API";"dw.catalog.ProductVariationAttributeValue#getDescription()";"92";"332548";"332548";"0";"0"
"SCRIPT_API";"dw.catalog.ProductVariationAttributeValue#getDisplayValue()";"170";"432454";"432454";"0";"0"
"SCRIPT_API";"dw.catalog.ProductVariationAttributeValue#getID()";"97";"103498";"103498";"1820";"1820"
"SCRIPT_API";"dw.catalog.ProductVariationAttributeValue#getImage(String,Number)";"12";"809182";"809182";"0";"0"
"SCRIPT_API";"dw.catalog.ProductVariationAttributeValue#getImages(String)";"20";"1368509";"1368509";"0";"0"
"SCRIPT_API";"dw.catalog.ProductVariationAttributeValue#getValue()";"107";"541314";"541314";"0";"0"
"SCRIPT_API";"dw.catalog.ProductVariationModel#getAllValues(dw.catalog.ProductVariationAttribute)";"47";"478081";"478081";"0";"0"
"SCRIPT_API";"dw.catalog.ProductVariationModel#getImages(String)";"4";"609944";"609944";"0";"0"
"SCRIPT_API";"dw.catalog.ProductVariationModel#getMaster()";"20";"40908";"40908";"508";"508"
"SCRIPT_API";"dw.catalog.ProductVariationModel#getProductVariationAttributes()";"24";"202117";"202117";"907";"907"
"SCRIPT_API";"dw.catalog.ProductVariationModel#getSelectedValue(dw.catalog.ProductVariationAttribute)";"40";"607655";"607655";"0";"0"
"SCRIPT_API";"dw.catalog.ProductVariationModel#getSelectedVariant()";"22";"89395";"89395";"725";"725"
"SCRIPT_API";"dw.catalog.ProductVariationModel#getVariants()";"2";"51078";"51078";"0";"0"
"SCRIPT_API";"dw.catalog.ProductVariationModel#hasOrderableVariants(dw.catalog.ProductVariationAttribute,dw.catalog.ProductVariationAttributeValue)";"80";"5378739";"5378739";"0";"0"
"SCRIPT_API";"dw.catalog.ProductVariationModel#setSelectedAttributeValue(String,String)";"3";"21505";"21505";"0";"0"
"SCRIPT_API";"dw.catalog.ProductVariationModel#url(String,Object[])";"2";"32612";"32612";"0";"0"
"SCRIPT_API";"dw.catalog.ProductVariationModel#urlSelectVariationValue(String,dw.catalog.ProductVariationAttribute,dw.catalog.ProductVariationAttributeValue)";"41";"979906";"979906";"0";"0"
"SCRIPT_API";"dw.catalog.ProductVariationModel#urlUnselectVariationValue(String,dw.catalog.ProductVariationAttribute)";"39";"1523617";"1523617";"0";"0"
"SCRIPT_API";"dw.catalog.SearchModel#getCount()";"19";"156670";"156670";"471";"471"
"SCRIPT_API";"dw.catalog.SearchModel#getSearchPhrase()";"2";"5018";"5018";"62";"62"
"SCRIPT_API";"dw.catalog.SearchModel#setSearchPhrase(String)";"13";"36682";"36682";"121";"121"
"SCRIPT_API";"dw.catalog.SearchModel#url(String)";"4";"52046";"52046";"0";"0"
"SCRIPT_API";"dw.catalog.SearchRefinements#getRefinementDefinitions()";"2";"26431";"26431";"0";"0"
"SCRIPT_API";"dw.catalog.Variant#getBrand()";"19";"74775";"74775";"175";"175"
"SCRIPT_API";"dw.catalog.Variant#getLongDescription()";"2";"69354";"69354";"0";"0"
"SCRIPT_API";"dw.catalog.Variant#getMasterProduct()";"1";"4282";"4282";"0";"0"
"SCRIPT_API";"dw.catalog.Variant#getName()";"19";"528872";"528872";"0";"0"
"SCRIPT_API";"dw.catalog.Variant#getPageDescription()";"1";"17747";"17747";"0";"0"
"SCRIPT_API";"dw.catalog.Variant#getPageKeywords()";"1";"14204";"14204";"0";"0"
"SCRIPT_API";"dw.catalog.Variant#getPageTitle()";"1";"36474";"36474";"0";"0"
"SCRIPT_API";"dw.catalog.Variant#getShortDescription()";"2";"38579";"38579";"0";"0"
"SCRIPT_API";"dw.catalog.Variant#getTemplate()";"1";"6801";"6801";"0";"0"
"SCRIPT_API";"dw.content.Content#getID()";"11";"21554";"21554";"182";"182"
"SCRIPT_API";"dw.content.Content#getName()";"11";"173114";"173114";"0";"0"
"SCRIPT_API";"dw.content.Content#getPageDescription()";"11";"96777";"96777";"0";"0"
"SCRIPT_API";"dw.content.Content#getPageKeywords()";"11";"97114";"97114";"0";"0"
"SCRIPT_API";"dw.content.Content#getPageMetaTags()";"11";"140865";"140865";"0";"0"
"SCRIPT_API";"dw.content.Content#getPageTitle()";"11";"106877";"106877";"0";"0"
"SCRIPT_API";"dw.content.Content#getTemplate()";"11";"13016";"13016";"192";"192"
"SCRIPT_API";"dw.content.Content#isOnline()";"15";"592217";"592217";"0";"0"
"SCRIPT_API";"dw.content.ContentMgr#getContent(String)";"97";"2303827";"2303827";"3369";"3369"
"SCRIPT_API";"dw.content.MarkupText#getMarkup()";"6";"64884";"64884";"138";"138"
"SCRIPT_API";"dw.content.MediaFile#getAbsURL()";"58";"644246";"644246";"0";"0"
"SCRIPT_API";"dw.content.MediaFile#getAlt()";"70";"77778";"77778";"2044";"2044"
"SCRIPT_API";"dw.content.MediaFile#getTitle()";"70";"72792";"72792";"1786";"1786"
"SCRIPT_API";"dw.content.MediaFile#getURL()";"70";"53383504";"53383504";"46670908";"46670908"
"SCRIPT_API";"dw.customer.AddressBook#createAddress(String)";"1";"136193";"136193";"0";"0"
"SCRIPT_API";"dw.customer.AddressBook#getAddresses()";"128";"270385";"270385";"915";"915"
"SCRIPT_API";"dw.customer.AddressBook#getPreferredAddress()";"52";"121203";"121203";"721";"721"
"SCRIPT_API";"dw.customer.AuthenticationStatus#getStatus()";"3";"11751";"11751";"344";"344"
"SCRIPT_API";"dw.customer.Customer#getAddressBook()";"185";"302246";"302246";"2703";"2703"
"SCRIPT_API";"dw.customer.Customer#getExternalProfiles()";"44";"251273";"251273";"0";"0"
"SCRIPT_API";"dw.customer.Customer#getID()";"2";"4088";"4088";"44";"44"
"SCRIPT_API";"dw.customer.Customer#getOrderHistory()";"3";"13173";"13173";"24";"24"
"SCRIPT_API";"dw.customer.Customer#getProfile()";"390";"505593";"505593";"9499";"9499"
"SCRIPT_API";"dw.customer.Customer#isAuthenticated()";"60";"200914";"200914";"788";"788"
"SCRIPT_API";"dw.customer.Customer#isExternallyAuthenticated()";"6";"53848";"53848";"68";"68"
"SCRIPT_API";"dw.customer.Customer#isRegistered()";"8";"29142";"29142";"78";"78"
"SCRIPT_API";"dw.customer.CustomerAddress#getAddress1()";"12";"16068";"16068";"479";"479"
"SCRIPT_API";"dw.customer.CustomerAddress#getAddress2()";"12";"11085";"11085";"202";"202"
"SCRIPT_API";"dw.customer.CustomerAddress#getCity()";"12";"11774";"11774";"112";"112"
"SCRIPT_API";"dw.customer.CustomerAddress#getCompanyName()";"12";"11239";"11239";"157";"157"
"SCRIPT_API";"dw.customer.CustomerAddress#getCountryCode()";"24";"4020499";"4020499";"3449289";"3449289"
"SCRIPT_API";"dw.customer.CustomerAddress#getFirstName()";"12";"13050";"13050";"278";"278"
"SCRIPT_API";"dw.customer.CustomerAddress#getID()";"14";"15917";"15917";"236";"236"
"SCRIPT_API";"dw.customer.CustomerAddress#getLastName()";"12";"23324";"23324";"41";"41"
"SCRIPT_API";"dw.customer.CustomerAddress#getPhone()";"12";"15374";"15374";"25";"25"
"SCRIPT_API";"dw.customer.CustomerAddress#getPostBox()";"12";"12293";"12293";"68";"68"
"SCRIPT_API";"dw.customer.CustomerAddress#getPostalCode()";"12";"12643";"12643";"66";"66"
"SCRIPT_API";"dw.customer.CustomerAddress#getSalutation()";"12";"12559";"12559";"62";"62"
"SCRIPT_API";"dw.customer.CustomerAddress#getSecondName()";"12";"14823";"14823";"66";"66"
"SCRIPT_API";"dw.customer.CustomerAddress#getStateCode()";"12";"13104";"13104";"85";"85"
"SCRIPT_API";"dw.customer.CustomerAddress#getSuffix()";"12";"12395";"12395";"43";"43"
"SCRIPT_API";"dw.customer.CustomerAddress#getSuite()";"12";"13459";"13459";"26";"26"
"SCRIPT_API";"dw.customer.CustomerAddress#getTitle()";"12";"12537";"12537";"38";"38"
"SCRIPT_API";"dw.customer.CustomerAddress#isEquivalentAddress(Object)";"2";"41297";"41297";"17";"17"
"SCRIPT_API";"dw.customer.CustomerAddress#setAddress1(String)";"1";"5625";"5625";"88";"88"
"SCRIPT_API";"dw.customer.CustomerAddress#setAddress2(String)";"1";"2537";"2537";"18";"18"
"SCRIPT_API";"dw.customer.CustomerAddress#setCity(String)";"1";"3388";"3388";"14";"14"
"SCRIPT_API";"dw.customer.CustomerAddress#setCompanyName(String)";"1";"1718";"1718";"26";"26"
"SCRIPT_API";"dw.customer.CustomerAddress#setCountryCode(String)";"1";"2733";"2733";"25";"25"
"SCRIPT_API";"dw.customer.CustomerAddress#setFirstName(String)";"1";"3396";"3396";"10";"10"
"SCRIPT_API";"dw.customer.CustomerAddress#setJobTitle(String)";"1";"1963";"1963";"12";"12"
"SCRIPT_API";"dw.customer.CustomerAddress#setLastName(String)";"1";"2789";"2789";"4";"4"
"SCRIPT_API";"dw.customer.CustomerAddress#setPhone(String)";"1";"2739";"2739";"27";"27"
"SCRIPT_API";"dw.customer.CustomerAddress#setPostBox(String)";"1";"1958";"1958";"39";"39"
"SCRIPT_API";"dw.customer.CustomerAddress#setPostalCode(String)";"1";"2868";"2868";"21";"21"
"SCRIPT_API";"dw.customer.CustomerAddress#setSalutation(String)";"1";"2357";"2357";"26";"26"
"SCRIPT_API";"dw.customer.CustomerAddress#setSecondName(String)";"1";"1909";"1909";"31";"31"
"SCRIPT_API";"dw.customer.CustomerAddress#setStateCode(String)";"1";"2622";"2622";"20";"20"
"SCRIPT_API";"dw.customer.CustomerAddress#setSuffix(String)";"1";"2038";"2038";"28";"28"
"SCRIPT_API";"dw.customer.CustomerAddress#setSuite(String)";"1";"1950";"1950";"8";"8"
"SCRIPT_API";"dw.customer.CustomerAddress#setTitle(String)";"1";"1931";"1931";"15";"15"
"SCRIPT_API";"dw.customer.CustomerMgr#authenticateCustomer(String,String)";"2";"11090747";"11090747";"3266670";"3266670"
"SCRIPT_API";"dw.customer.CustomerMgr#createCustomer(String,String)";"1";"7604616";"7604616";"3079733";"3079733"
"SCRIPT_API";"dw.customer.CustomerMgr#getCustomerByCustomerNumber(String)";"7";"464625";"464625";"0";"0"
"SCRIPT_API";"dw.customer.CustomerMgr#getRegisteredCustomerCount()";"1";"1353538";"1353538";"1071476";"1071476"
"SCRIPT_API";"dw.customer.CustomerMgr#isAcceptablePassword(String)";"2";"227163";"227163";"0";"0"
"SCRIPT_API";"dw.customer.CustomerMgr#loginCustomer(dw.customer.AuthenticationStatus,Boolean)";"2";"5557587";"5557587";"3824920";"3824920"
"SCRIPT_API";"dw.customer.CustomerMgr#logoutCustomer(Boolean)";"1";"275251";"275251";"0";"0"
"SCRIPT_API";"dw.customer.CustomerMgr#searchProfiles(String,String,Object[])";"19";"35045670";"35045670";"22354159";"22354159"
"SCRIPT_API";"dw.customer.CustomerPaymentInstrument#getCreditCardNumber()";"43";"304843";"304843";"0";"0"
"SCRIPT_API";"dw.customer.OrderHistory#getOrderCount()";"1";"2659388";"2659388";"2419718";"2419718"
"SCRIPT_API";"dw.customer.OrderHistory#getOrders(String,String,Object[])";"2";"6472881";"6472881";"4278425";"4278425"
"SCRIPT_API";"dw.customer.Profile#getAddressBook()";"1";"5405";"5405";"10";"10"
"SCRIPT_API";"dw.customer.Profile#getCustomerNo()";"230";"399709";"399709";"36865";"36865"
"SCRIPT_API";"dw.customer.Profile#getEmail()";"143";"207075";"207075";"4550";"4550"
"SCRIPT_API";"dw.customer.Profile#getFirstName()";"53";"84978";"84978";"582";"582"
"SCRIPT_API";"dw.customer.Profile#getLastName()";"53";"84466";"84466";"517";"517"
"SCRIPT_API";"dw.customer.Profile#getPhoneHome()";"52";"77705";"77705";"684";"684"
"SCRIPT_API";"dw.customer.Profile#getWallet()";"53";"68242";"68242";"606";"606"
"SCRIPT_API";"dw.customer.Profile#setEmail(String)";"1";"9232";"9232";"0";"0"
"SCRIPT_API";"dw.customer.Profile#setFirstName(String)";"1";"12655";"12655";"0";"0"
"SCRIPT_API";"dw.customer.Profile#setLastName(String)";"1";"6272";"6272";"0";"0"
"SCRIPT_API";"dw.customer.Profile#setPhoneHome(String)";"1";"5377";"5377";"0";"0"
"SCRIPT_API";"dw.customer.Wallet#getPaymentInstruments()";"53";"3523517";"3523517";"2265598";"2265598"
"SCRIPT_API";"dw.experience.PageMgr#getPage(String)";"1";"41531";"41531";"0";"0"
"SCRIPT_API";"dw.experience.PageMgr#getPageByCategory(dw.catalog.Category,Boolean,String)";"2";"3999134";"3999134";"3377444";"3377444"
"SCRIPT_API";"dw.io.PrintWriter#print(String)";"11";"133398";"133398";"1586";"1586"
"SCRIPT_API";"dw.net.Mail#addTo(String)";"2";"206664";"206664";"0";"0"
"SCRIPT_API";"dw.net.Mail#send()";"2";"532416";"532416";"0";"0"
"SCRIPT_API";"dw.net.Mail#setContent(String,String,String)";"2";"258076";"258076";"0";"0"
"SCRIPT_API";"dw.net.Mail#setFrom(String)";"2";"110378";"110378";"0";"0"
"SCRIPT_API";"dw.net.Mail#setSubject(String)";"2";"121952";"121952";"0";"0"
"SCRIPT_API";"dw.net.Mail()";"2";"451755";"451755";"18";"18"
"SCRIPT_API";"dw.object.ExtensibleObject#getCustom()";"707";"2446083";"2446083";"13949";"13949"
"SCRIPT_API";"dw.object.ObjectAttributeDefinition#getDisplayName()";"306";"20652773";"20652773";"15578088";"15578088"
"SCRIPT_API";"dw.object.ObjectAttributeDefinition#getUnit()";"153";"277834";"277834";"2496";"2496"
"SCRIPT_API";"dw.object.PersistentObject#getCreationDate()";"7";"49093";"49093";"126";"126"
"SCRIPT_API";"dw.object.PersistentObject#getUUID()";"190";"284804";"284804";"8002";"8002"
"SCRIPT_API";"dw.order.BasketMgr#getCurrentBasket()";"33";"2726512";"2726512";"941";"941"
"SCRIPT_API";"dw.order.BasketMgr#getCurrentOrNewBasket()";"2";"826578";"826578";"0";"0"
"SCRIPT_API";"dw.order.LineItem#getBasePrice()";"1";"5250";"5250";"0";"0"
"SCRIPT_API";"dw.order.LineItem#getGrossPrice()";"1";"3145";"3145";"0";"0"
"SCRIPT_API";"dw.order.LineItem#getLineItemText()";"32";"39169";"39169";"839";"839"
"SCRIPT_API";"dw.order.LineItem#getNetPrice()";"1";"2506";"2506";"9";"9"
"SCRIPT_API";"dw.order.LineItem#getTax()";"1";"2655";"2655";"11";"11"
"SCRIPT_API";"dw.order.LineItem#getTaxClassID()";"48";"52959";"52959";"957";"957"
"SCRIPT_API";"dw.order.LineItem#getTaxRate()";"32";"40987";"40987";"354";"354"
"SCRIPT_API";"dw.order.LineItem#updateTax(Number)";"16";"622210";"622210";"0";"0"
"SCRIPT_API";"dw.order.LineItemCtnr#createBillingAddress()";"1";"432218";"432218";"0";"0"
"SCRIPT_API";"dw.order.LineItemCtnr#createPaymentInstrument(String,dw.value.Money)";"1";"123234";"123234";"0";"0"
"SCRIPT_API";"dw.order.LineItemCtnr#createProductLineItem(dw.catalog.Product,dw.catalog.ProductOptionModel,dw.order.Shipment)";"1";"2014268";"2014268";"0";"0"
"SCRIPT_API";"dw.order.LineItemCtnr#getAdjustedMerchandizeTotalGrossPrice()";"1";"2660";"2660";"0";"0"
"SCRIPT_API";"dw.order.LineItemCtnr#getAdjustedMerchandizeTotalNetPrice()";"1";"3770";"3770";"0";"0"
"SCRIPT_API";"dw.order.LineItemCtnr#getAdjustedMerchandizeTotalPrice(Boolean)";"33";"287732";"287732";"0";"0"
"SCRIPT_API";"dw.order.LineItemCtnr#getAdjustedMerchandizeTotalTax()";"1";"3453";"3453";"0";"0"
"SCRIPT_API";"dw.order.LineItemCtnr#getAdjustedShippingTotalGrossPrice()";"1";"2731";"2731";"0";"0"
"SCRIPT_API";"dw.order.LineItemCtnr#getAdjustedShippingTotalNetPrice()";"1";"3082";"3082";"0";"0"
"SCRIPT_API";"dw.order.LineItemCtnr#getAdjustedShippingTotalPrice()";"12";"73556";"73556";"0";"0"
"SCRIPT_API";"dw.order.LineItemCtnr#getAdjustedShippingTotalTax()";"1";"2959";"2959";"0";"0"
"SCRIPT_API";"dw.order.LineItemCtnr#getAllLineItems()";"12";"87922";"87922";"357";"357"
"SCRIPT_API";"dw.order.LineItemCtnr#getAllProductLineItems()";"16";"84243";"84243";"0";"0"
"SCRIPT_API";"dw.order.LineItemCtnr#getAllShippingPriceAdjustments()";"9";"29382";"29382";"17";"17"
"SCRIPT_API";"dw.order.LineItemCtnr#getBillingAddress()";"24";"131298";"131298";"350";"350"
"SCRIPT_API";"dw.order.LineItemCtnr#getBonusDiscountLineItems()";"16";"93850";"93850";"137";"137"
"SCRIPT_API";"dw.order.LineItemCtnr#getBonusLineItems()";"6";"41913";"41913";"26";"26"
"SCRIPT_API";"dw.order.LineItemCtnr#getCouponLineItems()";"13";"52428";"52428";"301";"301"
"SCRIPT_API";"dw.order.LineItemCtnr#getCurrencyCode()";"5";"18287";"18287";"54";"54"
"SCRIPT_API";"dw.order.LineItemCtnr#getCustomer()";"7";"45893";"45893";"149";"149"
"SCRIPT_API";"dw.order.LineItemCtnr#getCustomerEmail()";"9";"75444";"75444";"133";"133"
"SCRIPT_API";"dw.order.LineItemCtnr#getDefaultShipment()";"9";"38609";"38609";"200";"200"
"SCRIPT_API";"dw.order.LineItemCtnr#getGiftCertificateLineItems()";"8";"42575";"42575";"22";"22"
"SCRIPT_API";"dw.order.LineItemCtnr#getMerchandizeTotalGrossPrice()";"1";"3525";"3525";"17";"17"
"SCRIPT_API";"dw.order.LineItemCtnr#getMerchandizeTotalNetPrice()";"1";"5834";"5834";"13";"13"
"SCRIPT_API";"dw.order.LineItemCtnr#getMerchandizeTotalPrice()";"7";"125995";"125995";"0";"0"
"SCRIPT_API";"dw.order.LineItemCtnr#getMerchandizeTotalTax()";"1";"4196";"4196";"25";"25"
"SCRIPT_API";"dw.order.LineItemCtnr#getPaymentInstruments()";"10";"104185";"104185";"0";"0"
"SCRIPT_API";"dw.order.LineItemCtnr#getPaymentInstruments(String)";"1";"15909";"15909";"0";"0"
"SCRIPT_API";"dw.order.LineItemCtnr#getPriceAdjustments()";"21";"94561";"94561";"37";"37"
"SCRIPT_API";"dw.order.LineItemCtnr#getProductLineItems()";"29";"264563";"264563";"176";"176"
"SCRIPT_API";"dw.order.LineItemCtnr#getProductQuantities()";"16";"266366";"266366";"1262";"1262"
"SCRIPT_API";"dw.order.LineItemCtnr#getProductQuantityTotal()";"13";"62645";"62645";"196";"196"
"SCRIPT_API";"dw.order.LineItemCtnr#getShipments()";"58";"326518";"326518";"955";"955"
"SCRIPT_API";"dw.order.LineItemCtnr#getShippingPriceAdjustments()";"8";"42290";"42290";"26";"26"
"SCRIPT_API";"dw.order.LineItemCtnr#getShippingTotalGrossPrice()";"1";"3583";"3583";"0";"0"
"SCRIPT_API";"dw.order.LineItemCtnr#getShippingTotalNetPrice()";"1";"7107";"7107";"0";"0"
"SCRIPT_API";"dw.order.LineItemCtnr#getShippingTotalPrice()";"21";"134792";"134792";"0";"0"
"SCRIPT_API";"dw.order.LineItemCtnr#getShippingTotalTax()";"1";"3062";"3062";"0";"0"
"SCRIPT_API";"dw.order.LineItemCtnr#getTotalGrossPrice()";"20";"79756";"79756";"335";"335"
"SCRIPT_API";"dw.order.LineItemCtnr#getTotalNetPrice()";"2";"12323";"12323";"27";"27"
"SCRIPT_API";"dw.order.LineItemCtnr#getTotalTax()";"10";"36770";"36770";"0";"0"
"SCRIPT_API";"dw.order.LineItemCtnr#setCustomerEmail(String)";"1";"32516";"32516";"1";"1"
"SCRIPT_API";"dw.order.LineItemCtnr#updateTotals()";"8";"294525";"294525";"0";"0"
"SCRIPT_API";"dw.order.Order#getCreatedBy()";"1";"4881";"4881";"12";"12"
"SCRIPT_API";"dw.order.Order#getOrderNo()";"4";"15422";"15422";"146";"146"
"SCRIPT_API";"dw.order.Order#getOrderToken()";"1";"23702";"23702";"0";"0"
"SCRIPT_API";"dw.order.Order#getStatus()";"2";"87774";"87774";"0";"0"
"SCRIPT_API";"dw.order.Order#setConfirmationStatus(Number)";"1";"14630";"14630";"0";"0"
"SCRIPT_API";"dw.order.Order#setExportStatus(Number)";"1";"60415";"60415";"0";"0"
"SCRIPT_API";"dw.order.OrderAddress#getAddress1()";"17";"32379";"32379";"487";"487"
"SCRIPT_API";"dw.order.OrderAddress#getAddress2()";"11";"15848";"15848";"194";"194"
"SCRIPT_API";"dw.order.OrderAddress#getCity()";"11";"20839";"20839";"248";"248"
"SCRIPT_API";"dw.order.OrderAddress#getCompanyName()";"10";"17246";"17246";"102";"102"
"SCRIPT_API";"dw.order.OrderAddress#getCountryCode()";"20";"261352";"261352";"0";"0"
"SCRIPT_API";"dw.order.OrderAddress#getFirstName()";"16";"25396";"25396";"300";"300"
"SCRIPT_API";"dw.order.OrderAddress#getFullName()";"1";"8096";"8096";"63";"63"
"SCRIPT_API";"dw.order.OrderAddress#getJobTitle()";"10";"14711";"14711";"188";"188"
"SCRIPT_API";"dw.order.OrderAddress#getLastName()";"11";"19691";"19691";"231";"231"
"SCRIPT_API";"dw.order.OrderAddress#getPhone()";"12";"19086";"19086";"325";"325"
"SCRIPT_API";"dw.order.OrderAddress#getPostBox()";"10";"13061";"13061";"197";"197"
"SCRIPT_API";"dw.order.OrderAddress#getPostalCode()";"11";"17055";"17055";"198";"198"
"SCRIPT_API";"dw.order.OrderAddress#getSalutation()";"10";"13254";"13254";"175";"175"
"SCRIPT_API";"dw.order.OrderAddress#getSecondName()";"10";"26469";"26469";"69";"69"
"SCRIPT_API";"dw.order.OrderAddress#getStateCode()";"11";"24606";"24606";"94";"94"
"SCRIPT_API";"dw.order.OrderAddress#getSuffix()";"10";"18732";"18732";"114";"114"
"SCRIPT_API";"dw.order.OrderAddress#getSuite()";"10";"15580";"15580";"97";"97"
"SCRIPT_API";"dw.order.OrderAddress#getTitle()";"10";"18396";"18396";"74";"74"
"SCRIPT_API";"dw.order.OrderAddress#isEquivalentAddress(Object)";"4";"51997";"51997";"0";"0"
"SCRIPT_API";"dw.order.OrderAddress#setAddress1(String)";"4";"10097";"10097";"43";"43"
"SCRIPT_API";"dw.order.OrderAddress#setAddress2(String)";"4";"8135";"8135";"48";"48"
"SCRIPT_API";"dw.order.OrderAddress#setCity(String)";"4";"11800";"11800";"943";"943"
"SCRIPT_API";"dw.order.OrderAddress#setCountryCode(String)";"4";"9892";"9892";"78";"78"
"SCRIPT_API";"dw.order.OrderAddress#setFirstName(String)";"4";"31600";"31600";"54";"54"
"SCRIPT_API";"dw.order.OrderAddress#setLastName(String)";"4";"9721";"9721";"44";"44"
"SCRIPT_API";"dw.order.OrderAddress#setPhone(String)";"4";"8740";"8740";"58";"58"
"SCRIPT_API";"dw.order.OrderAddress#setPostalCode(String)";"4";"8815";"8815";"69";"69"
"SCRIPT_API";"dw.order.OrderAddress#setStateCode(String)";"4";"9664";"9664";"68";"68"
"SCRIPT_API";"dw.order.OrderMgr#createOrder(dw.order.Basket)";"1";"14781332";"14781332";"10230788";"10230788"
"SCRIPT_API";"dw.order.OrderMgr#getOrder(String,String)";"1";"89820";"89820";"0";"0"
"SCRIPT_API";"dw.order.OrderMgr#placeOrder(dw.order.Order)";"1";"58905357";"58905357";"48763199";"48763199"
"SCRIPT_API";"dw.order.OrderPaymentInstrument#getPaymentTransaction()";"7";"209889";"209889";"0";"0"
"SCRIPT_API";"dw.order.PaymentCard#getCardType()";"24";"26784";"26784";"1127";"1127"
"SCRIPT_API";"dw.order.PaymentCard#getName()";"24";"277109";"277109";"0";"0"
"SCRIPT_API";"dw.order.PaymentInstrument#getCreditCardExpirationMonth()";"46";"129318";"129318";"251";"251"
"SCRIPT_API";"dw.order.PaymentInstrument#getCreditCardExpirationYear()";"46";"99778";"99778";"464";"464"
"SCRIPT_API";"dw.order.PaymentInstrument#getCreditCardHolder()";"46";"106638";"106638";"1376";"1376"
"SCRIPT_API";"dw.order.PaymentInstrument#getCreditCardNumberLastDigits()";"3";"1301320";"1301320";"0";"0"
"SCRIPT_API";"dw.order.PaymentInstrument#getCreditCardToken()";"1";"6320";"6320";"14";"14"
"SCRIPT_API";"dw.order.PaymentInstrument#getCreditCardType()";"47";"88472";"88472";"812";"812"
"SCRIPT_API";"dw.order.PaymentInstrument#getMaskedCreditCardNumber()";"46";"4783233";"4783233";"2116250";"2116250"
"SCRIPT_API";"dw.order.PaymentInstrument#getPaymentMethod()";"10";"20995";"20995";"220";"220"
"SCRIPT_API";"dw.order.PaymentInstrument#setCreditCardExpirationMonth(Number)";"1";"5392";"5392";"0";"0"
"SCRIPT_API";"dw.order.PaymentInstrument#setCreditCardExpirationYear(Number)";"1";"3464";"3464";"12";"12"
"SCRIPT_API";"dw.order.PaymentInstrument#setCreditCardHolder(String)";"1";"12969";"12969";"0";"0"
"SCRIPT_API";"dw.order.PaymentInstrument#setCreditCardNumber(String)";"1";"220841";"220841";"0";"0"
"SCRIPT_API";"dw.order.PaymentInstrument#setCreditCardToken(String)";"1";"50769";"50769";"0";"0"
"SCRIPT_API";"dw.order.PaymentInstrument#setCreditCardType(String)";"1";"4599";"4599";"5";"5"
"SCRIPT_API";"dw.order.PaymentMethod#getApplicablePaymentCards(dw.customer.Customer,String,Number)";"8";"471395";"471395";"0";"0"
"SCRIPT_API";"dw.order.PaymentMethod#getID()";"6";"18579";"18579";"99";"99"
"SCRIPT_API";"dw.order.PaymentMethod#getName()";"6";"192677";"192677";"0";"0"
"SCRIPT_API";"dw.order.PaymentMethod#getPaymentProcessor()";"4";"63955";"63955";"0";"0"
"SCRIPT_API";"dw.order.PaymentMgr#getApplicablePaymentMethods(dw.customer.Customer,String,Number)";"7";"2814967";"2814967";"2141461";"2141461"
"SCRIPT_API";"dw.order.PaymentMgr#getPaymentCard(String)";"3";"29648";"29648";"109";"109"
"SCRIPT_API";"dw.order.PaymentMgr#getPaymentMethod(String)";"13";"128475";"128475";"60";"60"
"SCRIPT_API";"dw.order.PaymentProcessor#getID()";"8";"16957";"16957";"183";"183"
"SCRIPT_API";"dw.order.PaymentTransaction#getAmount()";"3";"20422";"20422";"0";"0"
"SCRIPT_API";"dw.order.PaymentTransaction#setAmount(dw.value.Money)";"2";"17932";"17932";"7";"7"
"SCRIPT_API";"dw.order.PaymentTransaction#setPaymentProcessor(dw.order.PaymentProcessor)";"1";"13617";"13617";"0";"0"
"SCRIPT_API";"dw.order.PaymentTransaction#setTransactionID(String)";"1";"19854";"19854";"0";"0"
"SCRIPT_API";"dw.order.ProductLineItem#getAdjustedGrossPrice()";"1";"2945";"2945";"3";"3"
"SCRIPT_API";"dw.order.ProductLineItem#getAdjustedNetPrice()";"1";"4177";"4177";"0";"0"
"SCRIPT_API";"dw.order.ProductLineItem#getAdjustedPrice()";"18";"96097";"96097";"0";"0"
"SCRIPT_API";"dw.order.ProductLineItem#getAdjustedTax()";"1";"3517";"3517";"0";"0"
"SCRIPT_API";"dw.order.ProductLineItem#getManufacturerName()";"1";"2307";"2307";"0";"0"
"SCRIPT_API";"dw.order.ProductLineItem#getOptionProductLineItems()";"54";"188763";"188763";"374";"374"
"SCRIPT_API";"dw.order.ProductLineItem#getPriceAdjustments()";"40";"243617";"243617";"856";"856"
"SCRIPT_API";"dw.order.ProductLineItem#getProduct()";"118";"1925317";"1925317";"0";"0"
"SCRIPT_API";"dw.order.ProductLineItem#getProductID()";"1";"4283";"4283";"47";"47"
"SCRIPT_API";"dw.order.ProductLineItem#getProductInventoryListID()";"14";"35120";"35120";"355";"355"
"SCRIPT_API";"dw.order.ProductLineItem#getProductName()";"1";"2486";"2486";"5";"5"
"SCRIPT_API";"dw.order.ProductLineItem#getQuantity()";"38";"97224";"97224";"782";"782"
"SCRIPT_API";"dw.order.ProductLineItem#getQuantityValue()";"8";"25793";"25793";"153";"153"
"SCRIPT_API";"dw.order.ProductLineItem#getShipment()";"18";"71927";"71927";"351";"351"
"SCRIPT_API";"dw.order.ProductLineItem#isBonusProductLineItem()";"53";"89565";"89565";"1200";"1200"
"SCRIPT_API";"dw.order.ProductLineItem#isBundledProductLineItem()";"16";"20896";"20896";"340";"340"
"SCRIPT_API";"dw.order.ProductLineItem#isCatalogProduct()";"16";"38527";"38527";"294";"294"
"SCRIPT_API";"dw.order.ProductLineItem#isGift()";"18";"57748";"57748";"713";"713"
"SCRIPT_API";"dw.order.ProductLineItem#isOptionProductLineItem()";"16";"23762";"23762";"206";"206"
"SCRIPT_API";"dw.order.ProductLineItem#setPriceValue(Number)";"16";"497275";"497275";"0";"0"
"SCRIPT_API";"dw.order.ProductLineItem#setQuantityValue(Number)";"1";"10296";"10296";"0";"0"
"SCRIPT_API";"dw.order.Shipment#createShippingAddress()";"1";"83507";"83507";"0";"0"
"SCRIPT_API";"dw.order.Shipment#getAllLineItems()";"8";"83995";"83995";"98";"98"
"SCRIPT_API";"dw.order.Shipment#getGiftMessage()";"9";"22700";"22700";"256";"256"
"SCRIPT_API";"dw.order.Shipment#getProductLineItems()";"14";"90460";"90460";"0";"0"
"SCRIPT_API";"dw.order.Shipment#getShippingAddress()";"58";"138713";"138713";"1537";"1537"
"SCRIPT_API";"dw.order.Shipment#getShippingMethod()";"67";"230192";"230192";"785";"785"
"SCRIPT_API";"dw.order.Shipment#getShippingPriceAdjustments()";"4";"29472";"29472";"76";"76"
"SCRIPT_API";"dw.order.Shipment#isGift()";"9";"25854";"25854";"185";"185"
"SCRIPT_API";"dw.order.Shipment#setGift(Boolean)";"1";"4092";"4092";"15";"15"
"SCRIPT_API";"dw.order.Shipment#setGiftMessage(String)";"1";"2137";"2137";"3";"3"
"SCRIPT_API";"dw.order.Shipment#setShippingMethod(dw.order.ShippingMethod)";"3";"29639";"29639";"26";"26"
"SCRIPT_API";"dw.order.ShipmentShippingCost#getAmount()";"106";"72933";"72933";"3160";"3160"
"SCRIPT_API";"dw.order.ShipmentShippingModel#getApplicableShippingMethods()";"12";"4441374";"4441374";"2148917";"2148917"
"SCRIPT_API";"dw.order.ShipmentShippingModel#getShippingCost(dw.order.ShippingMethod)";"53";"3365479";"3365479";"0";"0"
"SCRIPT_API";"dw.order.ShippingLocation(dw.order.OrderAddress)";"4";"270130";"270130";"0";"0"
"SCRIPT_API";"dw.order.ShippingMethod#getDescription()";"53";"386322";"386322";"0";"0"
"SCRIPT_API";"dw.order.ShippingMethod#getDisplayName()";"53";"539206";"539206";"0";"0"
"SCRIPT_API";"dw.order.ShippingMethod#getID()";"164";"134959";"134959";"6014";"6014"
"SCRIPT_API";"dw.order.ShippingMethod#isDefaultMethod()";"53";"59470";"59470";"3247";"3247"
"SCRIPT_API";"dw.order.ShippingMgr#applyShippingCost(dw.order.LineItemCtnr)";"8";"1927902";"1927902";"0";"0"
"SCRIPT_API";"dw.order.ShippingMgr#getDefaultShippingMethod()";"3";"79484";"79484";"73";"73"
"SCRIPT_API";"dw.order.ShippingMgr#getShipmentShippingModel(dw.order.Shipment)";"65";"75057";"75057";"2253";"2253"
"SCRIPT_API";"dw.order.TaxMgr#getCustomRateTaxClassID()";"16";"16910";"16910";"472";"472"
"SCRIPT_API";"dw.order.TaxMgr#getDefaultTaxJurisdictionID()";"4";"74316";"74316";"46";"46"
"SCRIPT_API";"dw.order.TaxMgr#getTaxJurisdictionID(dw.order.ShippingLocation)";"4";"105190";"105190";"0";"0"
"SCRIPT_API";"dw.order.TaxMgr#getTaxRate(String,String)";"16";"156036";"156036";"0";"0"
"SCRIPT_API";"dw.system.HookMgr#callHook(String,String,Object[])";"88";"44932342";"2540123";"9069594";"0"
"SCRIPT_API";"dw.system.HookMgr#hasHook(String)";"1181";"7151219";"7151219";"48640";"48640"
"SCRIPT_API";"dw.system.Logger#debug(String,Object[])";"32";"302968";"302968";"0";"0"
"SCRIPT_API";"dw.system.Logger#warn(String,Object[])";"55";"14524505";"14524505";"4903283";"4903283"
"SCRIPT_API";"dw.system.Request#getGeolocation()";"12";"41364";"41364";"143";"143"
"SCRIPT_API";"dw.system.Request#getHttpHeaders()";"1160";"19258290";"19258290";"0";"0"
"SCRIPT_API";"dw.system.Request#getHttpHost()";"1222";"1312089";"1312089";"20012";"20012"
"SCRIPT_API";"dw.system.Request#getHttpMethod()";"1160";"854444";"854444";"21341";"21341"
"SCRIPT_API";"dw.system.Request#getHttpParameterMap()";"43";"77488";"77488";"3221";"3221"
"SCRIPT_API";"dw.system.Request#getHttpPath()";"1160";"1627969";"1627969";"39974";"39974"
"SCRIPT_API";"dw.system.Request#getHttpQueryString()";"1490";"1670640";"1670640";"120214";"120214"
"SCRIPT_API";"dw.system.Request#getLocale()";"1389";"1210497";"1210497";"83909";"83909"
"SCRIPT_API";"dw.system.Request#getPageMetaData()";"14";"19246";"19246";"1121";"1121"
"SCRIPT_API";"dw.system.Request#getRequestID()";"12";"16114";"16114";"243";"243"
"SCRIPT_API";"dw.system.Request#isHttpSecure()";"1160";"1098671";"1098671";"48075";"48075"
"SCRIPT_API";"dw.system.Request#isIncludeRequest()";"2320";"1718552";"1718552";"56974";"56974"
"SCRIPT_API";"dw.system.Response#getWriter()";"11";"6932348";"6932348";"0";"0"
"SCRIPT_API";"dw.system.Response#redirect(dw.web.URL)";"1";"50171";"50171";"0";"0"
"SCRIPT_API";"dw.system.Response#setContentType(String)";"11";"46239";"46239";"2120";"2120"
"SCRIPT_API";"dw.system.Response#setExpires(Date)";"91";"357058";"357058";"13114";"13114"
"SCRIPT_API";"dw.system.Response#setHttpHeader(String,String)";"2320";"2987511";"2987511";"41644";"41644"
"SCRIPT_API";"dw.system.Response#setStatus(Number)";"9";"47805";"47805";"724";"724"
"SCRIPT_API";"dw.system.Response#setVaryBy(String)";"14";"25786";"25786";"286";"286"
"SCRIPT_API";"dw.system.Session#getClickStream()";"2";"8041";"8041";"61";"61"
"SCRIPT_API";"dw.system.Session#getCurrency()";"1639";"4270287";"4270287";"7695";"7695"
"SCRIPT_API";"dw.system.Session#getCustom()";"2";"9295";"9295";"34";"34"
"SCRIPT_API";"dw.system.Session#getForms()";"18";"56631";"56631";"5119";"5119"
"SCRIPT_API";"dw.system.Session#getPrivacy()";"88";"188265";"188265";"7421";"7421"
"SCRIPT_API";"dw.system.Session#setTrackingAllowed(Boolean)";"3";"27414";"27414";"140";"140"
"SCRIPT_API";"dw.system.Site#getAllowedLocales()";"20";"117070";"117070";"147";"147"
"SCRIPT_API";"dw.system.Site#getCalendar()";"4";"205692";"205692";"0";"0"
"SCRIPT_API";"dw.system.Site#getCurrent()";"43";"1343280";"1343280";"10938";"10938"
"SCRIPT_API";"dw.system.Site#getCustomPreferenceValue(String)";"2";"585061";"585061";"0";"0"
"SCRIPT_API";"dw.system.Site#getID()";"20";"34578";"34578";"615";"615"
"SCRIPT_API";"dw.system.Site#getPageMetaTags()";"1";"36220";"36220";"0";"0"
"SCRIPT_API";"dw.system.Site#getPreferences()";"20";"293244";"293244";"0";"0"
"SCRIPT_API";"dw.system.Status(Number)";"24";"44377";"44377";"863";"863"
"SCRIPT_API";"dw.system.System#getInstanceType()";"47";"78395";"78395";"3302";"3302"
"SCRIPT_API";"dw.system.Transaction#begin()";"1";"7889";"7889";"19";"19"
"SCRIPT_API";"dw.system.Transaction#commit()";"1";"9426866";"9426866";"6944716";"6944716"
"SCRIPT_API";"dw.system.Transaction#wrap(Function)";"31";"198045909";"129953661";"132765699";"110210743"
"SCRIPT_API";"dw.template.ISML#renderTemplate(String,Object)";"190";"588895286";"34558938";"102971452";"2391342"
"SCRIPT_API";"dw.util.ArrayList()";"12";"20405";"20405";"394";"394"
"SCRIPT_API";"dw.util.Calendar#getTime()";"4";"10730";"10730";"82";"82"
"SCRIPT_API";"dw.util.Calendar(Date)";"1";"7529";"7529";"11";"11"
"SCRIPT_API";"dw.util.Collection#contains(Object)";"3";"9393";"9393";"38";"38"
"SCRIPT_API";"dw.util.Collection#getLength()";"280";"408395";"408395";"6481";"6481"
"SCRIPT_API";"dw.util.Collection#isEmpty()";"16";"18819";"18819";"443";"443"
"SCRIPT_API";"dw.util.Collection#iterator()";"567";"693807";"693807";"25055";"25055"
"SCRIPT_API";"dw.util.Collection#size()";"22";"51739";"51739";"179";"179"
"SCRIPT_API";"dw.util.Collection#toArray()";"1";"10390";"10390";"7";"7"
"SCRIPT_API";"dw.util.Currency#getCurrencyCode()";"1266";"692279";"692279";"24757";"24757"
"SCRIPT_API";"dw.util.Currency#getDefaultFractionDigits()";"1250";"756170";"756170";"16910";"16910"
"SCRIPT_API";"dw.util.Currency#getName()";"1250";"720695";"720695";"16731";"16731"
"SCRIPT_API";"dw.util.Currency#getSymbol()";"1250";"724971";"724971";"17195";"17195"
"SCRIPT_API";"dw.util.Decimal#get()";"29";"34242";"34242";"624";"624"
"SCRIPT_API";"dw.util.Decimal#toString()";"29";"38145";"38145";"430";"430"
"SCRIPT_API";"dw.util.Geolocation#getCountryCode()";"2";"6521";"6521";"27";"27"
"SCRIPT_API";"dw.util.Geolocation#getLatitude()";"2";"4883";"4883";"20";"20"
"SCRIPT_API";"dw.util.Geolocation#getLongitude()";"2";"2925";"2925";"8";"8"
"SCRIPT_API";"dw.util.HashMap()";"87";"159026";"159026";"3339";"3339"
"SCRIPT_API";"dw.util.Iterator#hasNext()";"1344";"1088032";"1088032";"35789";"35789"
"SCRIPT_API";"dw.util.Iterator#next()";"817";"1391703";"1391703";"6466";"6466"
"SCRIPT_API";"dw.util.List#get(Number)";"2";"10775";"10775";"69";"69"
"SCRIPT_API";"dw.util.List#indexOf(Object)";"120";"108869";"108869";"3139";"3139"
"SCRIPT_API";"dw.util.List#size()";"62";"163217";"163217";"2244";"2244"
"SCRIPT_API";"dw.util.Locale#getCountry()";"26";"52561";"52561";"643";"643"
"SCRIPT_API";"dw.util.Locale#getDisplayCountry()";"20";"59705";"59705";"334";"334"
"SCRIPT_API";"dw.util.Locale#getDisplayLanguage()";"20";"27912";"27912";"327";"327"
"SCRIPT_API";"dw.util.Locale#getDisplayName()";"20";"163503";"163503";"83";"83"
"SCRIPT_API";"dw.util.Locale#getID()";"1150";"706199";"706199";"21983";"21983"
"SCRIPT_API";"dw.util.Locale#getLanguage()";"40";"71667";"71667";"744";"744"
"SCRIPT_API";"dw.util.Locale#getLocale(String)";"229";"577756";"577756";"2925";"2925"
"SCRIPT_API";"dw.util.Map#containsKey(Object)";"2";"11132";"11132";"617";"617"
"SCRIPT_API";"dw.util.Map#get(Object)";"43";"131281";"131281";"753";"753"
"SCRIPT_API";"dw.util.Map#keySet()";"16";"32233";"32233";"399";"399"
"SCRIPT_API";"dw.util.Map#put(Object,Object)";"79";"147644";"147644";"2783";"2783"
"SCRIPT_API";"dw.util.SecureEncoder#forHtmlInDoubleQuoteAttribute(String)";"61";"66368";"66368";"1521";"1521"
"SCRIPT_API";"dw.util.SeekableIterator#asList(Number,Number)";"19";"1263453";"1263453";"0";"0"
"SCRIPT_API";"dw.util.SeekableIterator#first()";"2";"24588";"24588";"51";"51"
"SCRIPT_API";"dw.util.SeekableIterator#getCount()";"19";"75644";"75644";"200";"200"
"SCRIPT_API";"dw.util.StringUtils#formatCalendar(dw.util.Calendar,String)";"1";"43968";"43968";"0";"0"
"SCRIPT_API";"dw.util.StringUtils#formatInteger(Number)";"65";"355066";"355066";"9888";"9888"
"SCRIPT_API";"dw.util.StringUtils#formatMoney(dw.value.Money)";"154";"2101997";"2101997";"0";"0"
"SCRIPT_API";"dw.util.StringUtils#formatNumber(Number,String,String)";"44";"596504";"596504";"0";"0"
"SCRIPT_API";"dw.util.Template#render(dw.util.Map)";"51";"20124341";"4629526";"0";"0"
"SCRIPT_API";"dw.util.Template(String)";"51";"97254";"97254";"3893";"3893"
"SCRIPT_API";"dw.value.EnumValue#getDisplayValue()";"21";"20322";"20322";"717";"717"
"SCRIPT_API";"dw.value.EnumValue#getValue()";"22";"20663";"20663";"296";"296"
"SCRIPT_API";"dw.value.MimeEncodedText#getText()";"51";"63184";"63184";"1100";"1100"
"SCRIPT_API";"dw.value.Money#getCurrencyCode()";"82";"70795";"70795";"1223";"1223"
"SCRIPT_API";"dw.value.Money#getDecimalValue()";"58";"72355";"72355";"1097";"1097"
"SCRIPT_API";"dw.value.Money#getValue()";"204";"134283";"134283";"4353";"4353"
"SCRIPT_API";"dw.value.Money#getValueOrNull()";"60";"79158";"79158";"963";"963"
"SCRIPT_API";"dw.value.Money#isAvailable()";"161";"111459";"111459";"3894";"3894"
"SCRIPT_API";"dw.value.Money#subtract(dw.value.Money)";"18";"26635";"26635";"349";"349"
"SCRIPT_API";"dw.value.Money(Number,String)";"53";"119691";"119691";"1235";"1235"
"SCRIPT_API";"dw.value.Quantity#getValue()";"176";"124774";"124774";"4001";"4001"
"SCRIPT_API";"dw.web.CSRFProtection#generateToken()";"93";"3345763";"3345763";"0";"0"
"SCRIPT_API";"dw.web.CSRFProtection#getTokenName()";"93";"279114";"279114";"8483";"8483"
"SCRIPT_API";"dw.web.CSRFProtection#validateRequest()";"6";"383643";"383643";"607";"607"
"SCRIPT_API";"dw.web.ClickStream#getClicks()";"1";"6100";"6100";"15";"15"
"SCRIPT_API";"dw.web.ClickStream#isPartial()";"1";"3069";"3069";"1";"1"
"SCRIPT_API";"dw.web.ClickStreamEntry#getHost()";"4";"2968";"2968";"112";"112"
"SCRIPT_API";"dw.web.ClickStreamEntry#getLocale()";"4";"2531";"2531";"56";"56"
"SCRIPT_API";"dw.web.ClickStreamEntry#getPath()";"4";"3663";"3663";"78";"78"
"SCRIPT_API";"dw.web.ClickStreamEntry#getPipelineName()";"4";"3336";"3336";"75";"75"
"SCRIPT_API";"dw.web.ClickStreamEntry#getQueryString()";"4";"16664";"16664";"0";"0"
"SCRIPT_API";"dw.web.ClickStreamEntry#getReferer()";"4";"3014";"3014";"29";"29"
"SCRIPT_API";"dw.web.ClickStreamEntry#getRemoteAddress()";"4";"3646";"3646";"68";"68"
"SCRIPT_API";"dw.web.ClickStreamEntry#getTimestamp()";"4";"4421";"4421";"54";"54"
"SCRIPT_API";"dw.web.ClickStreamEntry#getUrl()";"4";"7118";"7118";"37";"37"
"SCRIPT_API";"dw.web.ClickStreamEntry#getUserAgent()";"4";"3456";"3456";"61";"61"
"SCRIPT_API";"dw.web.FormAction#getDescription()";"26";"26827";"26827";"1306";"1306"
"SCRIPT_API";"dw.web.FormAction#getLabel()";"26";"22926";"22926";"482";"482"
"SCRIPT_API";"dw.web.FormAction#isSubmitted()";"26";"23925";"23925";"369";"369"
"SCRIPT_API";"dw.web.FormAction#isTriggered()";"26";"22767";"22767";"369";"369"
"SCRIPT_API";"dw.web.FormElement#clearFormElement()";"8";"67171";"67171";"211";"211"
"SCRIPT_API";"dw.web.FormElement#getDynamicHtmlName()";"402";"628389";"628389";"5107";"5107"
"SCRIPT_API";"dw.web.FormElement#getHtmlName()";"582";"493525";"493525";"11207";"11207"
"SCRIPT_API";"dw.web.FormElement#isValid()";"402";"4755349";"4755349";"4176731";"4176731"
"SCRIPT_API";"dw.web.FormField#getDescription()";"326";"329676";"329676";"5000";"5000"
"SCRIPT_API";"dw.web.FormField#getError()";"322";"173233";"173233";"7916";"7916"
"SCRIPT_API";"dw.web.FormField#getHtmlValue()";"434";"301117";"301117";"10739";"10739"
"SCRIPT_API";"dw.web.FormField#getLabel()";"594";"470223";"470223";"11140";"11140"
"SCRIPT_API";"dw.web.FormField#getMaxLength()";"264";"148754";"148754";"7184";"7184"
"SCRIPT_API";"dw.web.FormField#getMaxValue()";"8";"9685";"9685";"271";"271"
"SCRIPT_API";"dw.web.FormField#getMinLength()";"264";"143595";"143595";"5095";"5095"
"SCRIPT_API";"dw.web.FormField#getMinValue()";"8";"8198";"8198";"215";"215"
"SCRIPT_API";"dw.web.FormField#getOptions()";"5662";"2828762";"2828762";"129374";"129374"
"SCRIPT_API";"dw.web.FormField#getRegEx()";"264";"144691";"144691";"4592";"4592"
"SCRIPT_API";"dw.web.FormField#getSelectedOption()";"38";"210287";"210287";"0";"0"
"SCRIPT_API";"dw.web.FormField#getType()";"685";"401781";"401781";"24140";"24140"
"SCRIPT_API";"dw.web.FormField#getValue()";"52";"40392";"40392";"1675";"1675"
"SCRIPT_API";"dw.web.FormField#isChecked()";"40";"62619";"62619";"1175";"1175"
"SCRIPT_API";"dw.web.FormField#isMandatory()";"352";"201211";"201211";"7340";"7340"
"SCRIPT_API";"dw.web.FormField#isSelected()";"40";"40680";"40680";"954";"954"
"SCRIPT_API";"dw.web.FormFieldOption#getHtmlValue()";"696";"1499052";"1499052";"24164";"24164"
"SCRIPT_API";"dw.web.FormFieldOption#getLabel()";"1392";"1004241";"1004241";"29321";"29321"
"SCRIPT_API";"dw.web.FormFieldOption#getOptionId()";"706";"367000";"367000";"18831";"18831"
"SCRIPT_API";"dw.web.FormFieldOption#getValue()";"696";"406082";"406082";"15931";"15931"
"SCRIPT_API";"dw.web.FormFieldOption#isChecked()";"696";"385836";"385836";"16684";"16684"
"SCRIPT_API";"dw.web.FormFieldOption#isSelected()";"696";"377880";"377880";"16513";"16513"
"SCRIPT_API";"dw.web.FormFieldOptions#getOptionsCount()";"409";"251215";"251215";"7451";"7451"
"SCRIPT_API";"dw.web.FormGroup#getError()";"90";"111415";"111415";"1421";"1421"
"SCRIPT_API";"dw.web.HttpParameter#getBooleanValue()";"7";"52128";"52128";"0";"0"
"SCRIPT_API";"dw.web.HttpParameter#getDoubleValue()";"4";"12952";"12952";"118";"118"
"SCRIPT_API";"dw.web.HttpParameter#getRawValue()";"407";"197057";"197057";"6369";"6369"
"SCRIPT_API";"dw.web.HttpParameterMap#get(Object)";"222";"134169";"134169";"3049";"3049"
"SCRIPT_API";"dw.web.HttpParameterMap#getParameterNames()";"54";"41421";"41421";"1320";"1320"
"SCRIPT_API";"dw.web.LoopIterator#getCount()";"24";"29541";"29541";"2070";"2070"
"SCRIPT_API";"dw.web.LoopIterator#getIndex()";"46";"29107";"29107";"2266";"2266"
"SCRIPT_API";"dw.web.LoopIterator#isFirst()";"8";"22300";"22300";"584";"584"
"SCRIPT_API";"dw.web.LoopIterator#isLast()";"8";"18697";"18697";"610";"610"
"SCRIPT_API";"dw.web.PageMetaData#addPageMetaTags(Array)";"2";"14911";"14911";"129";"129"
"SCRIPT_API";"dw.web.PageMetaData#getDescription()";"32";"32385";"32385";"698";"698"
"SCRIPT_API";"dw.web.PageMetaData#getKeywords()";"32";"39680";"39680";"613";"613"
"SCRIPT_API";"dw.web.PageMetaData#getPageMetaTags()";"32";"133526";"133526";"312";"312"
"SCRIPT_API";"dw.web.PageMetaData#getTitle()";"32";"43676";"43676";"947";"947"
"SCRIPT_API";"dw.web.PagingModel#appendPaging(dw.web.URL)";"2";"18594";"18594";"7";"7"
"SCRIPT_API";"dw.web.PagingModel#getCurrentPage()";"2";"4349";"4349";"114";"114"
"SCRIPT_API";"dw.web.PagingModel#getEnd()";"2";"3053";"3053";"41";"41"
"SCRIPT_API";"dw.web.PagingModel#getPageElements()";"2";"12413";"12413";"5";"5"
"SCRIPT_API";"dw.web.PagingModel#setPageSize(Number)";"4";"6289";"6289";"63";"63"
"SCRIPT_API";"dw.web.PagingModel#setStart(Number)";"6";"9165";"9165";"162";"162"
"SCRIPT_API";"dw.web.PagingModel(dw.util.Iterator,Number)";"4";"18683";"18683";"205";"205"
"SCRIPT_API";"dw.web.Resource#msg(String,String,String)";"2335";"100914327";"100914327";"15406155";"15406155"
"SCRIPT_API";"dw.web.Resource#msgf(String,String,String,Object[])";"95";"5523310";"5523310";"0";"0"
"SCRIPT_API";"dw.web.URL#append(String,String)";"1";"4592";"4592";"32";"32"
"SCRIPT_API";"dw.web.URL#relative()";"35";"108299";"108299";"316";"316"
"SCRIPT_API";"dw.web.URL#toString()";"258";"3574560";"3574560";"0";"0"
"SCRIPT_API";"dw.web.URLUtils#abs(String,String[])";"12";"29296";"29296";"10";"10"
"SCRIPT_API";"dw.web.URLUtils#home()";"6";"199327";"199327";"0";"0"
"SCRIPT_API";"dw.web.URLUtils#https(String,String[])";"50";"382106";"382106";"4096";"4096"
"SCRIPT_API";"dw.web.URLUtils#staticURL(String)";"262";"107478845";"107478845";"86388458";"86388458"
"SCRIPT_API";"dw.web.URLUtils#url(String,String[])";"585";"2118020";"2118020";"29599";"29599"
"SCRIPT_CONTROLLER";"app_storefront_base/cartridge/controllers/Account.js#Header";"20";"73017539";"52559135";"6311";"0"
"SCRIPT_CONTROLLER";"app_storefront_base/cartridge/controllers/Account.js#Login";"1";"28274567";"10774265";"10858946";"932335"
"SCRIPT_CONTROLLER";"app_storefront_base/cartridge/controllers/Account.js#Show";"2";"106352338";"47107530";"41842337";"14029305"
"SCRIPT_CONTROLLER";"app_storefront_base/cartridge/controllers/Account.js#SubmitRegistration";"2";"44705056";"13055211";"15369664";"457930"
"SCRIPT_CONTROLLER";"app_storefront_base/cartridge/controllers/Cart.js#AddProduct";"1";"28767941";"11106433";"2153686";"3499"
"SCRIPT_CONTROLLER";"app_storefront_base/cartridge/controllers/Cart.js#MiniCart";"10";"35478380";"24461239";"4116";"0"
"SCRIPT_CONTROLLER";"app_storefront_base/cartridge/controllers/Cart.js#MiniCartShow";"1";"23155524";"10454771";"142";"0"
"SCRIPT_CONTROLLER";"app_storefront_base/cartridge/controllers/Cart.js#Show";"1";"44582692";"14024781";"8185492";"0"
"SCRIPT_CONTROLLER";"app_storefront_base/cartridge/controllers/Checkout.js#Begin";"1";"117110378";"28853595";"35455655";"0"
"SCRIPT_CONTROLLER";"app_storefront_base/cartridge/controllers/CheckoutServices.js#PlaceOrder";"1";"155755983";"14572783";"101505101";"0"
"SCRIPT_CONTROLLER";"app_storefront_base/cartridge/controllers/CheckoutServices.js#SubmitPayment";"1";"58542111";"23783239";"9230332";"81150"
"SCRIPT_CONTROLLER";"app_storefront_base/cartridge/controllers/CheckoutShippingServices.js#SubmitShipping";"1";"46920722";"21835831";"5366292";"0"
"SCRIPT_CONTROLLER";"app_storefront_base/cartridge/controllers/CheckoutShippingServices.js#UpdateShippingMethodsList";"1";"28290636";"14241736";"582449";"0"
"SCRIPT_CONTROLLER";"app_storefront_base/cartridge/controllers/ConsentTracking.js#Check";"11";"27003443";"23254408";"2300812";"2278951"
"SCRIPT_CONTROLLER";"app_storefront_base/cartridge/controllers/ConsentTracking.js#GetContent";"1";"2978219";"2279331";"274";"0"
"SCRIPT_CONTROLLER";"app_storefront_base/cartridge/controllers/ConsentTracking.js#SetConsent";"1";"3381796";"2183615";"382";"0"
"SCRIPT_CONTROLLER";"app_storefront_base/cartridge/controllers/Error.js#Start";"9";"46031340";"7250304";"12715";"0"
"SCRIPT_CONTROLLER";"app_storefront_base/cartridge/controllers/Home.js#Show";"1";"17652386";"2302635";"5790604";"0"
"SCRIPT_CONTROLLER";"app_storefront_base/cartridge/controllers/Login.js#Logout";"1";"3316275";"2761485";"811";"0"
"SCRIPT_CONTROLLER";"app_storefront_base/cartridge/controllers/Login.js#Show";"4";"112820292";"24172576";"33480985";"0"
"SCRIPT_CONTROLLER";"app_storefront_base/cartridge/controllers/Order.js#Confirm";"1";"39605067";"9552651";"13677794";"0"
"SCRIPT_CONTROLLER";"app_storefront_base/cartridge/controllers/Page.js#Include";"65";"144866962";"105698815";"5021555";"0"
"SCRIPT_CONTROLLER";"app_storefront_base/cartridge/controllers/Page.js#IncludeHeaderMenu";"10";"143732273";"22447088";"93006148";"0"
"SCRIPT_CONTROLLER";"app_storefront_base/cartridge/controllers/Page.js#Locale";"20";"46939346";"35954153";"12697";"0"
"SCRIPT_CONTROLLER";"app_storefront_base/cartridge/controllers/Product.js#ShowQuickView";"1";"36137528";"10678775";"12193595";"2722"
"SCRIPT_CONTROLLER";"app_storefront_base/cartridge/controllers/Product.js#Variation";"1";"13933866";"6982871";"1108049";"0"
"SCRIPT_CONTROLLER";"app_storefront_base/cartridge/controllers/ReportingEvent.js#MiniCart";"1";"3259313";"2108730";"321";"0"
"SCRIPT_CONTROLLER";"app_storefront_base/cartridge/controllers/ReportingEvent.js#Start";"8";"11545210";"9609490";"3221";"0"
"SCRIPT_CONTROLLER";"app_storefront_base/cartridge/controllers/Search.js#Refinebar";"1";"5156133";"2727887";"366";"0"
"SCRIPT_CONTROLLER";"app_storefront_base/cartridge/controllers/Search.js#Show";"1";"69946572";"6387481";"36510377";"471517"
"SCRIPT_CONTROLLER";"app_storefront_base/cartridge/controllers/Tile.js#Show";"12";"130085700";"40835906";"44177548";"100925"
"SCRIPT_CONTROLLER";"bm_mailchimp/cartridge/controllers/changeStatus.js#updateCustomer";"7";"81361428";"17364095";"59644524";"5205600"
"SCRIPT_CONTROLLER";"bm_mailchimp/cartridge/controllers/customerInfo.js#start";"19";"344053321";"57580163";"46816650";"21700710"
"SCRIPT_HOOK";"app_storefront_base/cartridge/scripts/hooks/cart/calculate.js#calculate";"8";"21016502";"3449124";"180";"17620"
"SCRIPT_HOOK";"app_storefront_base/cartridge/scripts/hooks/cart/calculate.js#calculateShipping";"8";"2318641";"366334";"248";"5038"
"SCRIPT_HOOK";"app_storefront_base/cartridge/scripts/hooks/cart/calculate.js#calculateTax";"8";"5444158";"3163381";"292";"0"
"SCRIPT_HOOK";"app_storefront_base/cartridge/scripts/hooks/payment/processor/basic_credit#Authorize";"1";"3928497";"111411";"3573258";"0"
"SCRIPT_HOOK";"app_storefront_base/cartridge/scripts/hooks/payment/processor/basic_credit#Handle";"1";"7547320";"370325";"5498313";"0"
"SCRIPT_HOOK";"app_storefront_base/cartridge/scripts/hooks/payment/processor/basic_credit_form_processor#processForm";"1";"2119107";"1623501";"0";"0"
"SCRIPT_HOOK";"app_storefront_base/cartridge/scripts/hooks/payment/processor/basic_credit_form_processor#savePaymentInformation";"1";"17994";"17994";"0";"0"
"SF_PAGE";"/Sites-Mailchimp-Site/default/Account-Header";"16";"63797761";"3438302";"487562";"482063"
"SF_PAGE";"/Sites-Mailchimp-Site/default/Account-Login";"1";"37526984";"9252417";"18207497";"7348551"
"SF_PAGE";"/Sites-Mailchimp-Site/default/Account-Show";"2";"106808460";"456122";"41843717";"1380"
"SF_PAGE";"/Sites-Mailchimp-Site/default/Account-SubmitRegistration";"2";"50240169";"5535113";"19236394";"3866730"
"SF_PAGE";"/Sites-Mailchimp-Site/default/Cart-AddProduct";"1";"34013409";"5245468";"6332327";"4178641"
"SF_PAGE";"/Sites-Mailchimp-Site/default/Cart-MiniCart";"8";"30724090";"1736530";"8566";"5169"
"SF_PAGE";"/Sites-Mailchimp-Site/default/Cart-MiniCartShow";"1";"23374270";"218746";"341";"199"
"SF_PAGE";"/Sites-Mailchimp-Site/default/Cart-Show";"1";"44821780";"239088";"8186447";"955"
"SF_PAGE";"/Sites-Mailchimp-Site/default/Checkout-Begin";"1";"121180744";"4070366";"38582105";"3126450"
"SF_PAGE";"/Sites-Mailchimp-Site/default/CheckoutServices-PlaceOrder";"1";"160909925";"5153942";"105706550";"4201449"
"SF_PAGE";"/Sites-Mailchimp-Site/default/CheckoutServices-SubmitPayment";"1";"63552855";"5010744";"12883918";"3653586"
"SF_PAGE";"/Sites-Mailchimp-Site/default/CheckoutShippingServices-SubmitShipping";"1";"50767017";"3846295";"8095089";"2728797"
"SF_PAGE";"/Sites-Mailchimp-Site/default/CheckoutShippingServices-UpdateShippingMethodsList";"1";"33200620";"4909984";"4498604";"3916155"
"SF_PAGE";"/Sites-Mailchimp-Site/default/ConsentTracking-Check";"9";"177663027";"109097429";"49493689";"47180879"
"SF_PAGE";"/Sites-Mailchimp-Site/default/Home-Show";"1";"18484668";"832282";"6365684";"575080"
"SF_PAGE";"/Sites-Mailchimp-Site/default/Login-Logout";"1";"7446549";"4130274";"3129962";"3129151"
"SF_PAGE";"/Sites-Mailchimp-Site/default/Login-Show";"2";"66414253";"1415583";"18252870";"586011"
"SF_PAGE";"/Sites-Mailchimp-Site/default/Order-Confirm";"1";"43952145";"4347078";"17057929";"3380135"
"SF_PAGE";"/Sites-Mailchimp-Site/default/Page-Include";"53";"123549097";"7384472";"3848610";"20567"
"SF_PAGE";"/Sites-Mailchimp-Site/default/Page-IncludeHeaderMenu";"8";"114335207";"1196013";"72355655";"5102"
"SF_PAGE";"/Sites-Mailchimp-Site/default/Page-Locale";"16";"40981620";"3194366";"14138";"8006"
"SF_PAGE";"/Sites-Mailchimp-Site/default/Product-ShowQuickView";"1";"36523487";"385959";"12193441";"0"
"SF_PAGE";"/Sites-Mailchimp-Site/default/Product-Variation";"1";"14213113";"279247";"1108682";"633"
"SF_PAGE";"/Sites-Mailchimp-Site/default/ReportingEvent-MiniCart";"1";"3468153";"208840";"1280";"959"
"SF_PAGE";"/Sites-Mailchimp-Site/default/ReportingEvent-Start";"8";"12987876";"1442666";"7415";"4194"
"SF_PAGE";"/Sites-Mailchimp-Site/default/Search-Refinebar";"1";"5301506";"145373";"1034";"668"
"SF_PAGE";"/Sites-Mailchimp-Site/default/Search-Show";"1";"70280180";"333608";"36510751";"374"
"SF_PAGE";"/Sites-Mailchimp-Site/default/Tile-Show";"12";"132235278";"2149578";"44186454";"8906"
"SF_PAGE";"/Sites-Mailchimp-Site/default/__SYSTEM__Slot-Request";"23";"30339248";"30339248";"3409307";"3409307"
"SF_PAGE";"/Sites-Mailchimp-Site/default/__SYSTEM__StorefrontToolkit-Start";"9";"7623180";"7623180";"7007";"7007"
"SF_PAGE";"/Sites-RefArch-Site/en_US/Account-Header";"4";"13191938";"533858";"3642";"2830"
"SF_PAGE";"/Sites-RefArch-Site/en_US/Cart-MiniCart";"2";"6809102";"318282";"2325";"1606"
"SF_PAGE";"/Sites-RefArch-Site/en_US/ConsentTracking-Check";"2";"4785849";"316664";"1714";"997"
"SF_PAGE";"/Sites-RefArch-Site/en_US/ConsentTracking-GetContent";"1";"3163380";"185161";"983";"709"
"SF_PAGE";"/Sites-RefArch-Site/en_US/ConsentTracking-SetConsent";"1";"3685377";"303581";"685";"303"
"SF_PAGE";"/Sites-RefArch-Site/en_US/Login-Show";"2";"48809852";"988230";"16331039";"516913"
"SF_PAGE";"/Sites-RefArch-Site/en_US/Page-Include";"12";"30177826";"1475489";"1200556";"7044"
"SF_PAGE";"/Sites-RefArch-Site/en_US/Page-IncludeHeaderMenu";"2";"30874973";"281894";"20657107";"1512"
"SF_PAGE";"/Sites-RefArch-Site/en_US/Page-Locale";"4";"9782193";"630101";"9839";"3274"
"SF_PAGE";"/Sites-RefArch-Site/en_US/__SYSTEM__Slot-Render";"4";"4136248";"1881491";"3623";"1260"
"SF_PAGE";"/Sites-RefArch-Site/en_US/__SYSTEM__Slot-Request";"4";"21843741";"21843741";"16747969";"16747969"
"SF_PAGE";"/Sites-RefArch-Site/en_US/__SYSTEM__StorefrontToolkit-Start";"2";"1639278";"1639278";"1382";"1382"
