"Type";"Name";"Count";"TotalTime";"OwnTime";"TotalWaitTime";"OwnWaitTime"
"ISML";"bm_mailchimp/default/displayCustomers";"13";"163738798";"162238994";"1663804";"1625927"
"SCRIPT_API";"dw.customer.CustomerMgr#searchProfiles(String,String,Object[])";"13";"24971102";"24971102";"14595688";"14595688"
"SCRIPT_API";"dw.customer.Profile#getEmail()";"52";"165703";"165703";"20753";"20753"
"SCRIPT_API";"dw.object.ExtensibleObject#getCustom()";"52";"438863";"438863";"579";"579"
"SCRIPT_API";"dw.system.Request#getHttpHost()";"25";"64128";"64128";"451";"451"
"SCRIPT_API";"dw.template.ISML#renderTemplate(String,Object)";"13";"167959623";"4220825";"1662111";"0"
"SCRIPT_API";"dw.util.List#size()";"25";"64840";"64840";"1095";"1095"
"SCRIPT_API";"dw.util.SeekableIterator#asList(Number,Number)";"13";"926069";"926069";"0";"0"
"SCRIPT_API";"dw.web.CSRFProtection#generateToken()";"25";"874304";"874304";"0";"0"
"SCRIPT_API";"dw.web.CSRFProtection#getTokenName()";"25";"79501";"79501";"2772";"2772"
"SCRIPT_API";"dw.web.URLUtils#staticURL(String)";"13";"764166";"764166";"14893";"14893"
"SCRIPT_API";"dw.web.URLUtils#url(String,String[])";"26";"131072";"131072";"1652";"1652"
"SCRIPT_CONTROLLER";"bm_mailchimp/cartridge/controllers/customerInfo.js#start";"13";"234775046";"40918252";"31095790";"14839053"
