"Type";"Name";"Count";"TotalTime";"OwnTime";"TotalWaitTime";"OwnWaitTime"
"ISML";"bm_mailchimp/default/displayCustomers";"39";"617814515";"612438675";"17677123";"17567409"
"SCRIPT_API";"dw.customer.Customer#getExternalProfiles()";"12";"70794";"70794";"0";"0"
"SCRIPT_API";"dw.customer.Customer#getProfile()";"34";"257346";"257346";"802";"802"
"SCRIPT_API";"dw.customer.CustomerMgr#getCustomerByCustomerNumber(String)";"34";"2842293";"2842293";"1214";"1214"
"SCRIPT_API";"dw.customer.CustomerMgr#searchProfiles(String,String,Object[])";"39";"71727856";"71727856";"44535540";"44535540"
"SCRIPT_API";"dw.customer.Profile#getCustomerNo()";"236";"464702";"464702";"41603";"41603"
"SCRIPT_API";"dw.customer.Profile#getEmail()";"160";"391005";"391005";"34729";"34729"
"SCRIPT_API";"dw.object.ExtensibleObject#getCustom()";"346";"2067766";"2067766";"5209";"5209"
"SCRIPT_API";"dw.object.ObjectAttributeDefinition#getDisplayName()";"68";"1091644";"1091644";"0";"0"
"SCRIPT_API";"dw.object.ObjectAttributeDefinition#getUnit()";"34";"57579";"57579";"1071";"1071"
"SCRIPT_API";"dw.system.Request#getHttpHost()";"81";"182656";"182656";"1629";"1629"
"SCRIPT_API";"dw.system.Request#getHttpParameterMap()";"68";"162133";"162133";"1406";"1406"
"SCRIPT_API";"dw.system.Site#getCalendar()";"3";"2922617";"2922617";"2520014";"2520014"
"SCRIPT_API";"dw.system.Transaction#wrap(Function)";"34";"2116308890";"2115467830";"2080145546";"2080146108"
"SCRIPT_API";"dw.template.ISML#renderTemplate(String,Object)";"39";"633070262";"15255747";"18218906";"541783"
"SCRIPT_API";"dw.util.Calendar#getTime()";"3";"9554";"9554";"102";"102"
"SCRIPT_API";"dw.util.Collection#size()";"6";"12501";"12501";"63";"63"
"SCRIPT_API";"dw.util.List#size()";"81";"203499";"203499";"2812";"2812"
"SCRIPT_API";"dw.util.Map#getLength()";"1";"5930";"5930";"45";"45"
"SCRIPT_API";"dw.util.Map#isEmpty()";"1";"7984";"7984";"1534";"1534"
"SCRIPT_API";"dw.util.SeekableIterator#asList(Number,Number)";"39";"16257578";"16257578";"13522299";"13522299"
"SCRIPT_API";"dw.web.CSRFProtection#generateToken()";"81";"2625216";"2625216";"0";"0"
"SCRIPT_API";"dw.web.CSRFProtection#getTokenName()";"81";"244216";"244216";"8683";"8683"
"SCRIPT_API";"dw.web.HttpParameter#getBooleanValue()";"29";"716930";"716930";"0";"0"
"SCRIPT_API";"dw.web.HttpParameter#getDateValue()";"1";"609312";"609312";"0";"0"
"SCRIPT_API";"dw.web.HttpParameter#getDoubleValue()";"1";"41442";"41442";"0";"0"
"SCRIPT_API";"dw.web.HttpParameter#getIntValue()";"1";"95866";"95866";"0";"0"
"SCRIPT_API";"dw.web.HttpParameter#getRawValue()";"1";"1362";"1362";"22";"22"
"SCRIPT_API";"dw.web.HttpParameter#getRawValues()";"1";"9220";"9220";"0";"0"
"SCRIPT_API";"dw.web.HttpParameter#getStringValue()";"1";"26093";"26093";"3";"3"
"SCRIPT_API";"dw.web.HttpParameter#getStringValues()";"1";"3878";"3878";"0";"0"
"SCRIPT_API";"dw.web.HttpParameter#getValue()";"2";"10689";"10689";"12";"12"
"SCRIPT_API";"dw.web.HttpParameter#getValues()";"1";"50879";"50879";"29";"29"
"SCRIPT_API";"dw.web.HttpParameter#isEmpty()";"1";"3730";"3730";"10";"10"
"SCRIPT_API";"dw.web.HttpParameter#isSubmitted()";"1";"2667";"2667";"0";"0"
"SCRIPT_API";"dw.web.URLUtils#staticURL(String)";"39";"1733091";"1733091";"0";"0"
"SCRIPT_API";"dw.web.URLUtils#url(String,String[])";"402";"1302990";"1302990";"28282";"28282"
"SCRIPT_API";"java.lang.Object#getClass()";"2";"5832";"5832";"0";"0"
"SCRIPT_CONTROLLER";"bm_mailchimp/cartridge/controllers/changeStatus.js#updateCustomer";"34";"204054618439";"201933713309";"203923066581";"201842918369"
"SCRIPT_CONTROLLER";"bm_mailchimp/cartridge/controllers/customerInfo.js#start";"39";"787623001";"66567305";"85212494";"8935749"
