"Type";"Name";"Count";"TotalTime";"OwnTime";"TotalWaitTime";"OwnWaitTime"
"ISML";"app_storefront_base/default//account/login";"3";"54287521";"6905167";"12881600";"1677"
"ISML";"app_storefront_base/default//common/htmlHead";"18";"77663725";"10768431";"50939506";"26213"
"ISML";"app_storefront_base/default//common/scripts";"36";"3508400";"2532168";"0";"0"
"ISML";"app_storefront_base/default//components/content/contentAsset";"108";"3670651";"3423804";"3077";"3058"
"ISML";"app_storefront_base/default//components/content/offlineContent";"54";"1650126";"1650126";"1901";"1901"
"ISML";"app_storefront_base/default//components/footer/pageFooter";"18";"8022021";"3656645";"3755";"2114"
"ISML";"app_storefront_base/default//components/header/countrySelector";"9";"1175633";"1175633";"1584";"1584"
"ISML";"app_storefront_base/default//components/header/menu";"9";"5435302";"3743424";"1090";"0"
"ISML";"app_storefront_base/default//components/header/miniCart";"9";"3473708";"2468287";"1738";"1676"
"ISML";"app_storefront_base/default//components/header/mobileCountrySelector";"9";"1237090";"1237090";"1756";"1756"
"ISML";"app_storefront_base/default//components/header/pageHeader";"18";"34410244";"8197254";"8607620";"335"
"ISML";"app_storefront_base/default//components/header/skipNav";"18";"3160411";"968818";"2195";"5718"
"ISML";"app_storefront_base/default//components/modules";"18";"205427";"205427";"2067";"2067"
"ISML";"app_storefront_base/default//components/schema";"18";"1136478";"1136478";"16463";"16463"
"ISML";"app_storefront_base/default//product/components/pricing/default";"14";"2556495";"988946";"1309";"558"
"ISML";"app_storefront_base/default//product/components/pricing/formatted";"15";"213964";"213964";"1616";"1616"
"ISML";"app_storefront_base/default//reporting/reporting";"3";"97456";"97456";"1056";"1056"
"ISML";"app_storefront_base/default//search/searchRefineBar";"1";"738793";"281350";"469";"179"
"ISML";"app_storefront_base/default/account/accountDashboard";"3";"57591476";"3525430";"28408036";"343279"
"ISML";"app_storefront_base/default/account/addressBookCard";"3";"629509";"365821";"781";"632"
"ISML";"app_storefront_base/default/account/components/loginForm";"3";"1641438";"880368";"1401";"2365"
"ISML";"app_storefront_base/default/account/components/navTabs";"3";"556923";"302620";"1701";"2375"
"ISML";"app_storefront_base/default/account/components/oauth";"3";"724634";"458420";"902";"990"
"ISML";"app_storefront_base/default/account/components/registerForm";"3";"5014173";"2211442";"1193";"1589"
"ISML";"app_storefront_base/default/account/components/trackOrderForm";"3";"1729184";"1015465";"1354";"425"
"ISML";"app_storefront_base/default/account/components/trackOrderFormBillingZipCode";"3";"252765";"140855";"1071";"1014"
"ISML";"app_storefront_base/default/account/dashboardProfileCards";"3";"7431387";"2622468";"901263";"897908"
"ISML";"app_storefront_base/default/account/header";"9";"5462407";"2148429";"1319640";"2387"
"ISML";"app_storefront_base/default/account/mobileHeader";"9";"2666416";"1915459";"2121";"2283"
"ISML";"app_storefront_base/default/account/password/passwordResetForm";"3";"800633";"400895";"1230";"652"
"ISML";"app_storefront_base/default/account/password/requestPasswordResetModal";"3";"1516432";"598778";"1382";"0"
"ISML";"app_storefront_base/default/account/passwordCard";"3";"742629";"383080";"898";"1354"
"ISML";"app_storefront_base/default/account/paymentCard";"3";"2217273";"328793";"737";"2619"
"ISML";"app_storefront_base/default/account/profileCard";"3";"1219508";"685397";"939";"956"
"ISML";"app_storefront_base/default/checkout/confirmation/accountRegisteredEmail";"3";"1355166";"1044282";"1220";"795"
"ISML";"app_storefront_base/default/common/layout/page";"18";"145989593";"19732956";"59533896";"0"
"ISML";"app_storefront_base/default/components/breadcrumbs/pageBreadcrumbs";"6";"749438";"733015";"2026";"1269"
"ISML";"app_storefront_base/default/components/header/menuItem";"9";"571083";"571083";"1459";"1459"
"ISML";"app_storefront_base/default/components/header/search";"36";"7797781";"3798135";"5014";"8491"
"ISML";"app_storefront_base/default/error";"9";"34665038";"2975823";"28084";"4119"
"ISML";"app_storefront_base/default/home/homePage";"2";"28625856";"1535287";"12864435";"1780"
"ISML";"app_storefront_base/default/product/components/addToCartGlobal";"1";"146854";"107981";"297";"76"
"ISML";"app_storefront_base/default/product/components/availability";"2";"225232";"110753";"770";"656"
"ISML";"app_storefront_base/default/product/components/imageCarousel";"1";"361971";"250685";"495";"233"
"ISML";"app_storefront_base/default/product/components/mainAttributes";"1";"43652";"43652";"203";"203"
"ISML";"app_storefront_base/default/product/components/pricing/ajaxMain";"1";"411775";"252948";"546";"440"
"ISML";"app_storefront_base/default/product/components/pricing/main";"14";"3255792";"699297";"1544";"235"
"ISML";"app_storefront_base/default/product/components/productRating";"12";"549733";"549733";"0";"0"
"ISML";"app_storefront_base/default/product/components/productTileImage";"12";"2096213";"971896";"1582";"4825"
"ISML";"app_storefront_base/default/product/components/productTileName";"12";"296194";"296194";"880";"880"
"ISML";"app_storefront_base/default/product/components/productTileSwatch";"12";"1094091";"1068195";"1313";"0"
"ISML";"app_storefront_base/default/product/components/promotions";"1";"73136";"73136";"244";"244"
"ISML";"app_storefront_base/default/product/components/quantity";"2";"444255";"388893";"18";"0"
"ISML";"app_storefront_base/default/product/components/ratings";"12";"1202743";"653010";"861";"1253"
"ISML";"app_storefront_base/default/product/components/variationAttribute";"2";"511786";"383782";"329";"191"
"ISML";"app_storefront_base/default/product/gridTile";"12";"14193561";"2301488";"1573";"0"
"ISML";"app_storefront_base/default/product/productTile";"12";"11892073";"2838014";"2243";"0"
"ISML";"app_storefront_base/default/product/productTileFooter";"12";"2558617";"657401";"410";"2066"
"ISML";"app_storefront_base/default/product/quickView";"1";"3344478";"1445885";"338";"0"
"ISML";"app_storefront_base/default/reporting/reportingUrls";"3";"460268";"460268";"0";"0"
"ISML";"app_storefront_base/default/search/components/productTiles";"1";"14821914";"14718358";"4921946";"4909065"
"ISML";"app_storefront_base/default/search/filterBar";"1";"225735";"201240";"440";"164"
"ISML";"app_storefront_base/default/search/productGrid";"1";"15225118";"340329";"4922264";"407"
"ISML";"app_storefront_base/default/search/resultsCount";"2";"3091391";"911336";"710";"1789"
"ISML";"app_storefront_base/default/search/searchResults";"1";"32741591";"895282";"11541403";"0"
"ISML";"app_storefront_base/default/search/searchResultsNoDecorator";"1";"19627946";"1107331";"4922520";"0"
"ISML";"app_storefront_base/default/search/sortOrderMenu";"1";"168153";"114099";"426";"481"
"ISML";"bm_mailchimp/default/displayCustomers";"32";"1260024302";"1258830723";"58174417";"58147224"
"ONREQUEST";"/Sites-Mailchimp-Site/default/Account-Show";"3";"2051109";"2051109";"1073";"1073"
"ONREQUEST";"/Sites-Mailchimp-Site/default/Account-SubmitRegistration";"4";"9462096";"9462096";"4891";"4891"
"ONREQUEST";"/Sites-Mailchimp-Site/default/Home-Show";"2";"11767796";"11767796";"6686845";"6686845"
"ONREQUEST";"/Sites-Mailchimp-Site/default/Login-Logout";"3";"6273723";"6273723";"1875";"1875"
"ONREQUEST";"/Sites-Mailchimp-Site/default/Login-Show";"3";"39476179";"39476179";"28340239";"28340239"
"ONREQUEST";"/Sites-Mailchimp-Site/default/Product-ShowQuickView";"1";"930851";"930851";"1096";"1096"
"ONREQUEST";"/Sites-Mailchimp-Site/default/Search-Show";"1";"1033828";"1033828";"705";"705"
"ONREQUEST";"/Sites-Mailchimp-Site/default/__Analytics-Start";"14";"16183580";"16183580";"3754";"3754"
"ONREQUEST";"/Sites-Mailchimp-Site/default/__SYSTEM__StorefrontToolkit-Start";"9";"9490794";"9490794";"6003";"6003"
"PIPELINE_NODE";"bc_api:Assign";"9";"445489";"445489";"0";"0"
"SCRIPT_API";"dw.campaign.PromotionMgr#getActiveCustomerPromotions()";"2";"127656";"127656";"0";"0"
"SCRIPT_API";"dw.campaign.PromotionPlan#getProductPromotions()";"1";"19728";"19728";"53";"53"
"SCRIPT_API";"dw.campaign.PromotionPlan#getProductPromotions(dw.catalog.Product)";"1";"50434";"50434";"0";"0"
"SCRIPT_API";"dw.catalog.Catalog#getRoot()";"11";"156160";"156160";"0";"0"
"SCRIPT_API";"dw.catalog.CatalogMgr#getCategory(String)";"3";"1447474";"1447474";"1153524";"1153524"
"SCRIPT_API";"dw.catalog.CatalogMgr#getSiteCatalog()";"11";"218849";"218849";"5849";"5849"
"SCRIPT_API";"dw.catalog.CatalogMgr#getSortingOptions()";"2";"1318332";"1318332";"1150369";"1150369"
"SCRIPT_API";"dw.catalog.Category#getDefaultSortingRule()";"2";"133970";"133970";"0";"0"
"SCRIPT_API";"dw.catalog.Category#getDisplayName()";"20";"382705";"382705";"233";"233"
"SCRIPT_API";"dw.catalog.Category#getID()";"40";"45973";"45973";"1646";"1646"
"SCRIPT_API";"dw.catalog.Category#getImage()";"2";"8750";"8750";"167";"167"
"SCRIPT_API";"dw.catalog.Category#getOnlineSubCategories()";"27";"6089406";"6089406";"4333218";"4333218"
"SCRIPT_API";"dw.catalog.Category#getPageDescription()";"2";"20039";"20039";"0";"0"
"SCRIPT_API";"dw.catalog.Category#getPageKeywords()";"2";"20071";"20071";"0";"0"
"SCRIPT_API";"dw.catalog.Category#getPageTitle()";"2";"31696";"31696";"0";"0"
"SCRIPT_API";"dw.catalog.Category#getTemplate()";"1";"4980";"4980";"3";"3"
"SCRIPT_API";"dw.catalog.Category#hasOnlineProducts()";"72";"85101687";"85101687";"74465517";"74465517"
"SCRIPT_API";"dw.catalog.Category#hasOnlineSubCategories()";"63";"753736";"753736";"0";"0"
"SCRIPT_API";"dw.catalog.Category#isOnline()";"2";"16712";"16712";"22";"22"
"SCRIPT_API";"dw.catalog.PriceBook#getID()";"25";"20680";"20680";"617";"617"
"SCRIPT_API";"dw.catalog.PriceBook#getParentPriceBook()";"15";"20956";"20956";"509";"509"
"SCRIPT_API";"dw.catalog.PriceBookMgr#getApplicablePriceBooks()";"1";"8480";"8480";"0";"0"
"SCRIPT_API";"dw.catalog.PriceBookMgr#setApplicablePriceBooks(dw.catalog.PriceBook[])";"2";"17700";"17700";"13";"13"
"SCRIPT_API";"dw.catalog.Product#getAttributeModel()";"1";"346976";"346976";"0";"0"
"SCRIPT_API";"dw.catalog.Product#getAvailabilityModel()";"1";"14022";"14022";"0";"0"
"SCRIPT_API";"dw.catalog.Product#getBrand()";"13";"18087";"18087";"343";"343"
"SCRIPT_API";"dw.catalog.Product#getID()";"28";"39937";"39937";"1493";"1493"
"SCRIPT_API";"dw.catalog.Product#getImages(String)";"12";"1047037";"1047037";"0";"0"
"SCRIPT_API";"dw.catalog.Product#getLongDescription()";"2";"123894";"123894";"61";"61"
"SCRIPT_API";"dw.catalog.Product#getMinOrderQuantity()";"5";"9903";"9903";"512";"512"
"SCRIPT_API";"dw.catalog.Product#getName()";"13";"331482";"331482";"0";"0"
"SCRIPT_API";"dw.catalog.Product#getOptionModel()";"1";"11611";"11611";"0";"0"
"SCRIPT_API";"dw.catalog.Product#getPageDescription()";"1";"14137";"14137";"18";"18"
"SCRIPT_API";"dw.catalog.Product#getPageKeywords()";"1";"10460";"10460";"4";"4"
"SCRIPT_API";"dw.catalog.Product#getPageMetaTags()";"1";"48264";"48264";"0";"0"
"SCRIPT_API";"dw.catalog.Product#getPageTitle()";"1";"24536";"24536";"175";"175"
"SCRIPT_API";"dw.catalog.Product#getPriceModel()";"13";"15619358";"15619358";"12395844";"12395844"
"SCRIPT_API";"dw.catalog.Product#getPriceModel(dw.catalog.ProductOptionModel)";"1";"22196";"22196";"215";"215"
"SCRIPT_API";"dw.catalog.Product#getPrimaryCategory()";"1";"38681";"38681";"430";"430"
"SCRIPT_API";"dw.catalog.Product#getShortDescription()";"2";"31818";"31818";"56";"56"
"SCRIPT_API";"dw.catalog.Product#getStepQuantity()";"1";"7145";"7145";"163";"163"
"SCRIPT_API";"dw.catalog.Product#getTemplate()";"1";"3833";"3833";"170";"170"
"SCRIPT_API";"dw.catalog.Product#getVariationModel()";"7";"11609";"11609";"231";"231"
"SCRIPT_API";"dw.catalog.Product#isMaster()";"17";"26006";"26006";"1143";"1143"
"SCRIPT_API";"dw.catalog.Product#isOnline()";"1";"22749";"22749";"43";"43"
"SCRIPT_API";"dw.catalog.ProductAttributeModel#getVisibleAttributeGroups()";"1";"13131";"13131";"308";"308"
"SCRIPT_API";"dw.catalog.ProductAvailabilityLevels#getBackorder()";"1";"1125";"1125";"20";"20"
"SCRIPT_API";"dw.catalog.ProductAvailabilityLevels#getInStock()";"2";"1845";"1845";"76";"76"
"SCRIPT_API";"dw.catalog.ProductAvailabilityLevels#getNotAvailable()";"1";"1226";"1226";"18";"18"
"SCRIPT_API";"dw.catalog.ProductAvailabilityLevels#getPreorder()";"1";"1946";"1946";"33";"33"
"SCRIPT_API";"dw.catalog.ProductAvailabilityModel#getAvailabilityLevels(Number)";"1";"1689907";"1689907";"0";"0"
"SCRIPT_API";"dw.catalog.ProductAvailabilityModel#getInventoryRecord()";"1";"3121";"3121";"243";"243"
"SCRIPT_API";"dw.catalog.ProductAvailabilityModel#isOrderable(Number)";"1";"66777";"66777";"0";"0"
"SCRIPT_API";"dw.catalog.ProductMgr#getProduct(String)";"13";"244669";"244669";"0";"0"
"SCRIPT_API";"dw.catalog.ProductOptionModel#getOptions()";"3";"21390";"21390";"538";"538"
"SCRIPT_API";"dw.catalog.ProductPriceInfo#getPriceBook()";"25";"23490";"23490";"364";"364"
"SCRIPT_API";"dw.catalog.ProductPriceModel#getPrice()";"2";"111816";"111816";"119";"119"
"SCRIPT_API";"dw.catalog.ProductPriceModel#getPriceBookPrice(String)";"1";"1356275";"1356275";"1068276";"1068276"
"SCRIPT_API";"dw.catalog.ProductPriceModel#getPriceInfo()";"37";"629982";"629982";"0";"0"
"SCRIPT_API";"dw.catalog.ProductPriceModel#getPriceTable()";"1";"1611795";"1611795";"1109005";"1109005"
"SCRIPT_API";"dw.catalog.ProductPriceModel#isPriceRange()";"1";"2488797";"2488797";"2024193";"2024193"
"SCRIPT_API";"dw.catalog.ProductPriceTable#getQuantities()";"1";"7645";"7645";"29";"29"
"SCRIPT_API";"dw.catalog.ProductSearchHit#getDiscountedPromotionIDs()";"12";"633681";"633681";"372";"372"
"SCRIPT_API";"dw.catalog.ProductSearchHit#getFirstRepresentedProduct()";"12";"153716";"153716";"652";"652"
"SCRIPT_API";"dw.catalog.ProductSearchHit#getMaxPrice()";"25";"61073";"61073";"0";"0"
"SCRIPT_API";"dw.catalog.ProductSearchHit#getMinPrice()";"25";"151894";"151894";"871";"871"
"SCRIPT_API";"dw.catalog.ProductSearchHit#getProduct()";"1";"7650";"7650";"6";"6"
"SCRIPT_API";"dw.catalog.ProductSearchHit#getProductID()";"48";"36153";"36153";"1585";"1585"
"SCRIPT_API";"dw.catalog.ProductSearchHit#getRepresentedVariationValues(Object)";"12";"742939";"742939";"0";"0"
"SCRIPT_API";"dw.catalog.ProductSearchModel#getCategory()";"22";"65839";"65839";"1098";"1098"
"SCRIPT_API";"dw.catalog.ProductSearchModel#getPageMetaTags()";"2";"64055";"64055";"0";"0"
"SCRIPT_API";"dw.catalog.ProductSearchModel#getProductSearchHit(dw.catalog.Product)";"13";"2843722";"2843722";"0";"0"
"SCRIPT_API";"dw.catalog.ProductSearchModel#getProductSearchHits()";"4";"1850902";"1850902";"0";"0"
"SCRIPT_API";"dw.catalog.ProductSearchModel#getRefinements()";"4";"170128";"170128";"0";"0"
"SCRIPT_API";"dw.catalog.ProductSearchModel#getSearchPhraseSuggestions()";"2";"12423";"12423";"1";"1"
"SCRIPT_API";"dw.catalog.ProductSearchModel#isCategorySearch()";"4";"9531";"9531";"87";"87"
"SCRIPT_API";"dw.catalog.ProductSearchModel#isPersonalizedSort()";"1";"5662";"5662";"26";"26"
"SCRIPT_API";"dw.catalog.ProductSearchModel#isRefinedCategorySearch()";"2";"6573";"6573";"48";"48"
"SCRIPT_API";"dw.catalog.ProductSearchModel#search()";"15";"38633015";"38633015";"26305838";"26305838"
"SCRIPT_API";"dw.catalog.ProductSearchModel#setCategoryID(String)";"2";"8895";"8895";"75";"75"
"SCRIPT_API";"dw.catalog.ProductSearchModel#setPriceMax(Number)";"2";"3973";"3973";"18";"18"
"SCRIPT_API";"dw.catalog.ProductSearchModel#setPriceMin(Number)";"2";"5142";"5142";"40";"40"
"SCRIPT_API";"dw.catalog.ProductSearchModel#setRecursiveCategorySearch(Boolean)";"2";"5336";"5336";"100";"100"
"SCRIPT_API";"dw.catalog.ProductSearchModel()";"15";"2471331";"2471331";"999192";"999192"
"SCRIPT_API";"dw.catalog.ProductVariationAttribute#getAttributeID()";"8";"12113";"12113";"994";"994"
"SCRIPT_API";"dw.catalog.ProductVariationAttribute#getDisplayName()";"2";"41282";"41282";"0";"0"
"SCRIPT_API";"dw.catalog.ProductVariationAttribute#getID()";"7";"7763";"7763";"260";"260"
"SCRIPT_API";"dw.catalog.ProductVariationAttributeValue#equals(Object)";"1";"1778";"1778";"77";"77"
"SCRIPT_API";"dw.catalog.ProductVariationAttributeValue#getDescription()";"16";"53740";"53740";"0";"0"
"SCRIPT_API";"dw.catalog.ProductVariationAttributeValue#getDisplayValue()";"18";"44693";"44693";"0";"0"
"SCRIPT_API";"dw.catalog.ProductVariationAttributeValue#getID()";"18";"21077";"21077";"578";"578"
"SCRIPT_API";"dw.catalog.ProductVariationAttributeValue#getImage(String,Number)";"12";"839086";"839086";"0";"0"
"SCRIPT_API";"dw.catalog.ProductVariationAttributeValue#getImages(String)";"1";"71298";"71298";"0";"0"
"SCRIPT_API";"dw.catalog.ProductVariationAttributeValue#getValue()";"29";"193681";"193681";"0";"0"
"SCRIPT_API";"dw.catalog.ProductVariationModel#getAllValues(dw.catalog.ProductVariationAttribute)";"5";"133581";"133581";"0";"0"
"SCRIPT_API";"dw.catalog.ProductVariationModel#getImages(String)";"2";"272471";"272471";"0";"0"
"SCRIPT_API";"dw.catalog.ProductVariationModel#getMaster()";"1";"2290";"2290";"21";"21"
"SCRIPT_API";"dw.catalog.ProductVariationModel#getProductVariationAttributes()";"3";"72533";"72533";"75";"75"
"SCRIPT_API";"dw.catalog.ProductVariationModel#getSelectedValue(dw.catalog.ProductVariationAttribute)";"2";"6122";"6122";"47";"47"
"SCRIPT_API";"dw.catalog.ProductVariationModel#getSelectedVariant()";"2";"10818";"10818";"296";"296"
"SCRIPT_API";"dw.catalog.ProductVariationModel#getVariants()";"2";"46206";"46206";"0";"0"
"SCRIPT_API";"dw.catalog.ProductVariationModel#hasOrderableVariants(dw.catalog.ProductVariationAttribute,dw.catalog.ProductVariationAttributeValue)";"4";"542661";"542661";"0";"0"
"SCRIPT_API";"dw.catalog.ProductVariationModel#setSelectedAttributeValue(String,String)";"1";"8845";"8845";"0";"0"
"SCRIPT_API";"dw.catalog.ProductVariationModel#url(String,Object[])";"1";"17563";"17563";"0";"0"
"SCRIPT_API";"dw.catalog.ProductVariationModel#urlSelectVariationValue(String,dw.catalog.ProductVariationAttribute,dw.catalog.ProductVariationAttributeValue)";"3";"85233";"85233";"0";"0"
"SCRIPT_API";"dw.catalog.ProductVariationModel#urlUnselectVariationValue(String,dw.catalog.ProductVariationAttribute)";"1";"61389";"61389";"184";"184"
"SCRIPT_API";"dw.catalog.SearchModel#getCount()";"19";"141781";"141781";"674";"674"
"SCRIPT_API";"dw.catalog.SearchModel#getSearchPhrase()";"2";"5445";"5445";"53";"53"
"SCRIPT_API";"dw.catalog.SearchModel#setSearchPhrase(String)";"13";"30727";"30727";"105";"105"
"SCRIPT_API";"dw.catalog.SearchModel#url(String)";"4";"52869";"52869";"38";"38"
"SCRIPT_API";"dw.catalog.SearchRefinements#getRefinementDefinitions()";"2";"22623";"22623";"0";"0"
"SCRIPT_API";"dw.content.ContentMgr#getContent(String)";"81";"1687589";"1687589";"2944";"2944"
"SCRIPT_API";"dw.content.MarkupText#getMarkup()";"2";"15226";"15226";"24";"24"
"SCRIPT_API";"dw.content.MediaFile#getAbsURL()";"17";"240971";"240971";"0";"0"
"SCRIPT_API";"dw.content.MediaFile#getAlt()";"29";"29711";"29711";"881";"881"
"SCRIPT_API";"dw.content.MediaFile#getTitle()";"29";"29181";"29181";"572";"572"
"SCRIPT_API";"dw.content.MediaFile#getURL()";"29";"33474844";"33474844";"29208200";"29208200"
"SCRIPT_API";"dw.customer.AddressBook#getAddresses()";"54";"123302";"123302";"309";"309"
"SCRIPT_API";"dw.customer.AddressBook#getPreferredAddress()";"27";"43763";"43763";"446";"446"
"SCRIPT_API";"dw.customer.AuthenticationStatus#getStatus()";"3";"12211";"12211";"133";"133"
"SCRIPT_API";"dw.customer.Customer#getAddressBook()";"81";"128810";"128810";"776";"776"
"SCRIPT_API";"dw.customer.Customer#getExternalProfiles()";"50";"380603";"380603";"0";"0"
"SCRIPT_API";"dw.customer.Customer#getOrderHistory()";"3";"16947";"16947";"119";"119"
"SCRIPT_API";"dw.customer.Customer#getProfile()";"210";"243370";"243370";"5456";"5456"
"SCRIPT_API";"dw.customer.Customer#isAuthenticated()";"30";"100106";"100106";"600";"600"
"SCRIPT_API";"dw.customer.Customer#isExternallyAuthenticated()";"3";"28176";"28176";"0";"0"
"SCRIPT_API";"dw.customer.Customer#isRegistered()";"3";"10327";"10327";"25";"25"
"SCRIPT_API";"dw.customer.CustomerMgr#authenticateCustomer(String,String)";"3";"22348444";"22348444";"9566401";"9566401"
"SCRIPT_API";"dw.customer.CustomerMgr#createCustomer(String,String)";"3";"33808560";"33808560";"19550274";"19550274"
"SCRIPT_API";"dw.customer.CustomerMgr#getRegisteredCustomerCount()";"3";"3864860";"3864860";"3259774";"3259774"
"SCRIPT_API";"dw.customer.CustomerMgr#isAcceptablePassword(String)";"4";"12457283";"12457283";"11419464";"11419464"
"SCRIPT_API";"dw.customer.CustomerMgr#loginCustomer(dw.customer.AuthenticationStatus,Boolean)";"3";"5808064";"5808064";"3810155";"3810155"
"SCRIPT_API";"dw.customer.CustomerMgr#logoutCustomer(Boolean)";"3";"1117968";"1117968";"16940";"16940"
"SCRIPT_API";"dw.customer.CustomerMgr#searchProfiles(String,String,Object[])";"32";"67622033";"67622033";"41851707";"41851707"
"SCRIPT_API";"dw.customer.OrderHistory#getOrders(String,String,Object[])";"3";"46388008";"46388008";"41631173";"41631173"
"SCRIPT_API";"dw.customer.Profile#getCustomerNo()";"27";"30052";"30052";"467";"467"
"SCRIPT_API";"dw.customer.Profile#getEmail()";"99";"352786";"352786";"26930";"26930"
"SCRIPT_API";"dw.customer.Profile#getFirstName()";"30";"58939";"58939";"301";"301"
"SCRIPT_API";"dw.customer.Profile#getLastName()";"30";"77726";"77726";"16";"16"
"SCRIPT_API";"dw.customer.Profile#getPhoneHome()";"27";"33507";"33507";"284";"284"
"SCRIPT_API";"dw.customer.Profile#getWallet()";"27";"30117";"30117";"317";"317"
"SCRIPT_API";"dw.customer.Profile#setEmail(String)";"3";"35135";"35135";"0";"0"
"SCRIPT_API";"dw.customer.Profile#setFirstName(String)";"3";"63080";"63080";"0";"0"
"SCRIPT_API";"dw.customer.Profile#setLastName(String)";"3";"38307";"38307";"0";"0"
"SCRIPT_API";"dw.customer.Profile#setPhoneHome(String)";"3";"35167";"35167";"0";"0"
"SCRIPT_API";"dw.customer.Wallet#getPaymentInstruments()";"27";"4371569";"4371569";"3456871";"3456871"
"SCRIPT_API";"dw.experience.PageMgr#getPage(String)";"2";"86871";"86871";"0";"0"
"SCRIPT_API";"dw.experience.PageMgr#getPageByCategory(dw.catalog.Category,Boolean,String)";"2";"6243708";"6243708";"3144009";"3144009"
"SCRIPT_API";"dw.io.PrintWriter#print(String)";"5";"34549";"34549";"426";"426"
"SCRIPT_API";"dw.net.Mail#addTo(String)";"3";"11669";"11669";"173";"173"
"SCRIPT_API";"dw.net.Mail#send()";"3";"484030";"484030";"0";"0"
"SCRIPT_API";"dw.net.Mail#setContent(String,String,String)";"3";"13364";"13364";"33";"33"
"SCRIPT_API";"dw.net.Mail#setFrom(String)";"3";"4917";"4917";"76";"76"
"SCRIPT_API";"dw.net.Mail#setSubject(String)";"3";"5161";"5161";"5";"5"
"SCRIPT_API";"dw.net.Mail()";"3";"26851";"26851";"1710";"1710"
"SCRIPT_API";"dw.object.ExtensibleObject#getCustom()";"300";"1506005";"1506005";"7186";"7186"
"SCRIPT_API";"dw.object.ObjectAttributeDefinition#getDisplayName()";"408";"7358914";"7358914";"0";"0"
"SCRIPT_API";"dw.object.ObjectAttributeDefinition#getUnit()";"204";"515553";"515553";"2887";"2887"
"SCRIPT_API";"dw.object.PersistentObject#getUUID()";"13";"30335";"30335";"1022";"1022"
"SCRIPT_API";"dw.order.BasketMgr#getCurrentBasket()";"9";"4269830";"4269830";"1121168";"1121168"
"SCRIPT_API";"dw.order.LineItemCtnr#getProductQuantityTotal()";"2";"35469";"35469";"56";"56"
"SCRIPT_API";"dw.system.HookMgr#callHook(String,String,Object[])";"54";"986045";"986045";"0";"0"
"SCRIPT_API";"dw.system.HookMgr#hasHook(String)";"984";"5424129";"5424129";"27659";"27659"
"SCRIPT_API";"dw.system.Logger#warn(String,Object[])";"54";"11091118";"11091118";"2628834";"2628834"
"SCRIPT_API";"dw.system.Request#getHttpHeaders()";"981";"16160063";"16160063";"0";"0"
"SCRIPT_API";"dw.system.Request#getHttpHost()";"1051";"1105042";"1105042";"20130";"20130"
"SCRIPT_API";"dw.system.Request#getHttpMethod()";"981";"668840";"668840";"16059";"16059"
"SCRIPT_API";"dw.system.Request#getHttpParameterMap()";"2";"5612";"5612";"66";"66"
"SCRIPT_API";"dw.system.Request#getHttpPath()";"981";"1315298";"1315298";"10910";"10910"
"SCRIPT_API";"dw.system.Request#getHttpQueryString()";"1262";"1369591";"1369591";"101308";"101308"
"SCRIPT_API";"dw.system.Request#getLocale()";"1147";"966565";"966565";"68386";"68386"
"SCRIPT_API";"dw.system.Request#getPageMetaData()";"19";"34063";"34063";"3453";"3453"
"SCRIPT_API";"dw.system.Request#getRequestID()";"12";"13656";"13656";"265";"265"
"SCRIPT_API";"dw.system.Request#isHttpSecure()";"981";"887680";"887680";"15688";"15688"
"SCRIPT_API";"dw.system.Request#isIncludeRequest()";"1962";"1449488";"1449488";"46496";"46496"
"SCRIPT_API";"dw.system.Response#getWriter()";"5";"3070303";"3070303";"0";"0"
"SCRIPT_API";"dw.system.Response#redirect(dw.web.URL)";"3";"143596";"143596";"0";"0"
"SCRIPT_API";"dw.system.Response#setContentType(String)";"5";"21705";"21705";"1291";"1291"
"SCRIPT_API";"dw.system.Response#setExpires(Date)";"80";"298637";"298637";"12305";"12305"
"SCRIPT_API";"dw.system.Response#setHttpHeader(String,String)";"1962";"2393019";"2393019";"41508";"41508"
"SCRIPT_API";"dw.system.Response#setStatus(Number)";"9";"39462";"39462";"926";"926"
"SCRIPT_API";"dw.system.Response#setVaryBy(String)";"14";"22782";"22782";"293";"293"
"SCRIPT_API";"dw.system.Session#getClickStream()";"2";"8161";"8161";"0";"0"
"SCRIPT_API";"dw.system.Session#getCurrency()";"1301";"3283466";"3283466";"5424";"5424"
"SCRIPT_API";"dw.system.Session#getForms()";"7";"26208";"26208";"2205";"2205"
"SCRIPT_API";"dw.system.Session#getPrivacy()";"67";"139077";"139077";"7621";"7621"
"SCRIPT_API";"dw.system.Site#getAllowedLocales()";"18";"97406";"97406";"40";"40"
"SCRIPT_API";"dw.system.Site#getCalendar()";"9";"453033";"453033";"0";"0"
"SCRIPT_API";"dw.system.Site#getCurrent()";"41";"1045636";"1045636";"9739";"9739"
"SCRIPT_API";"dw.system.Site#getCustomPreferenceValue(String)";"3";"7825712";"7825712";"7166691";"7166691"
"SCRIPT_API";"dw.system.Site#getID()";"18";"30687";"30687";"460";"460"
"SCRIPT_API";"dw.system.Site#getPageMetaTags()";"2";"59085";"59085";"0";"0"
"SCRIPT_API";"dw.system.Site#getPreferences()";"18";"289076";"289076";"25377";"25377"
"SCRIPT_API";"dw.system.System#getInstanceType()";"45";"69325";"69325";"3663";"3663"
"SCRIPT_API";"dw.system.Transaction#wrap(Function)";"3";"100349016";"38187003";"66211331";"33284536"
"SCRIPT_API";"dw.template.ISML#renderTemplate(String,Object)";"174";"1561162077";"57095801";"126043091";"812188"
"SCRIPT_API";"dw.util.ArrayList()";"12";"16350";"16350";"336";"336"
"SCRIPT_API";"dw.util.Calendar#getTime()";"9";"25430";"25430";"378";"378"
"SCRIPT_API";"dw.util.Collection#getLength()";"77";"113627";"113627";"4407";"4407"
"SCRIPT_API";"dw.util.Collection#iterator()";"67";"138689";"138689";"4480";"4480"
"SCRIPT_API";"dw.util.Collection#size()";"25";"78413";"78413";"114";"114"
"SCRIPT_API";"dw.util.Collection#toArray()";"1";"9345";"9345";"0";"0"
"SCRIPT_API";"dw.util.Currency#getCurrencyCode()";"1042";"551126";"551126";"19329";"19329"
"SCRIPT_API";"dw.util.Currency#getDefaultFractionDigits()";"1042";"628307";"628307";"15713";"15713"
"SCRIPT_API";"dw.util.Currency#getName()";"1042";"571206";"571206";"15183";"15183"
"SCRIPT_API";"dw.util.Currency#getSymbol()";"1042";"567575";"567575";"15249";"15249"
"SCRIPT_API";"dw.util.Decimal#get()";"14";"12109";"12109";"296";"296"
"SCRIPT_API";"dw.util.Decimal#toString()";"14";"12666";"12666";"313";"313"
"SCRIPT_API";"dw.util.HashMap()";"23";"52998";"52998";"1151";"1151"
"SCRIPT_API";"dw.util.Iterator#hasNext()";"199";"216938";"216938";"9097";"9097"
"SCRIPT_API";"dw.util.Iterator#next()";"144";"302883";"302883";"1188";"1188"
"SCRIPT_API";"dw.util.List#get(Number)";"1";"5297";"5297";"19";"19"
"SCRIPT_API";"dw.util.List#indexOf(Object)";"108";"96719";"96719";"2778";"2778"
"SCRIPT_API";"dw.util.List#size()";"70";"166142";"166142";"2644";"2644"
"SCRIPT_API";"dw.util.Locale#getCountry()";"18";"32042";"32042";"408";"408"
"SCRIPT_API";"dw.util.Locale#getDisplayCountry()";"18";"28176";"28176";"276";"276"
"SCRIPT_API";"dw.util.Locale#getDisplayLanguage()";"18";"22805";"22805";"250";"250"
"SCRIPT_API";"dw.util.Locale#getDisplayName()";"18";"114762";"114762";"0";"0"
"SCRIPT_API";"dw.util.Locale#getID()";"816";"499545";"499545";"16770";"16770"
"SCRIPT_API";"dw.util.Locale#getLanguage()";"36";"58006";"58006";"598";"598"
"SCRIPT_API";"dw.util.Locale#getLocale(String)";"166";"370059";"370059";"1092";"1092"
"SCRIPT_API";"dw.util.Map#get(Object)";"9";"21942";"21942";"167";"167"
"SCRIPT_API";"dw.util.Map#put(Object,Object)";"23";"29870";"29870";"744";"744"
"SCRIPT_API";"dw.util.SecureEncoder#forHtmlInDoubleQuoteAttribute(String)";"24";"29319";"29319";"634";"634"
"SCRIPT_API";"dw.util.SeekableIterator#asList(Number,Number)";"32";"2703912";"2703912";"0";"0"
"SCRIPT_API";"dw.util.SeekableIterator#first()";"3";"20193";"20193";"40";"40"
"SCRIPT_API";"dw.util.StringUtils#formatMoney(dw.value.Money)";"14";"681404";"681404";"0";"0"
"SCRIPT_API";"dw.util.StringUtils#formatNumber(Number,String,String)";"3";"247503";"247503";"0";"0"
"SCRIPT_API";"dw.util.Template#render(dw.util.Map)";"5";"6799940";"1688521";"374994";"372890"
"SCRIPT_API";"dw.util.Template(String)";"5";"13054";"13054";"144";"144"
"SCRIPT_API";"dw.value.MimeEncodedText#getText()";"5";"7787";"7787";"125";"125"
"SCRIPT_API";"dw.value.Money#getCurrencyCode()";"14";"13373";"13373";"285";"285"
"SCRIPT_API";"dw.value.Money#getDecimalValue()";"28";"32265";"32265";"766";"766"
"SCRIPT_API";"dw.value.Money#getValue()";"50";"29305";"29305";"1199";"1199"
"SCRIPT_API";"dw.value.Money#getValueOrNull()";"14";"17986";"17986";"240";"240"
"SCRIPT_API";"dw.value.Money#isAvailable()";"46";"29356";"29356";"1327";"1327"
"SCRIPT_API";"dw.value.Quantity#getValue()";"9";"7222";"7222";"529";"529"
"SCRIPT_API";"dw.web.CSRFProtection#generateToken()";"97";"3225781";"3225781";"0";"0"
"SCRIPT_API";"dw.web.CSRFProtection#getTokenName()";"97";"264551";"264551";"9402";"9402"
"SCRIPT_API";"dw.web.CSRFProtection#validateRequest()";"4";"248355";"248355";"613";"613"
"SCRIPT_API";"dw.web.ClickStream#getClicks()";"1";"5131";"5131";"7";"7"
"SCRIPT_API";"dw.web.ClickStream#isPartial()";"1";"2900";"2900";"4";"4"
"SCRIPT_API";"dw.web.ClickStreamEntry#getHost()";"2";"2068";"2068";"73";"73"
"SCRIPT_API";"dw.web.ClickStreamEntry#getLocale()";"2";"1935";"1935";"31";"31"
"SCRIPT_API";"dw.web.ClickStreamEntry#getPath()";"2";"2228";"2228";"7";"7"
"SCRIPT_API";"dw.web.ClickStreamEntry#getPipelineName()";"2";"2131";"2131";"30";"30"
"SCRIPT_API";"dw.web.ClickStreamEntry#getQueryString()";"2";"15908";"15908";"0";"0"
"SCRIPT_API";"dw.web.ClickStreamEntry#getReferer()";"2";"2235";"2235";"11";"11"
"SCRIPT_API";"dw.web.ClickStreamEntry#getRemoteAddress()";"2";"2759";"2759";"51";"51"
"SCRIPT_API";"dw.web.ClickStreamEntry#getTimestamp()";"2";"3490";"3490";"50";"50"
"SCRIPT_API";"dw.web.ClickStreamEntry#getUrl()";"2";"4520";"4520";"21";"21"
"SCRIPT_API";"dw.web.ClickStreamEntry#getUserAgent()";"2";"2225";"2225";"45";"45"
"SCRIPT_API";"dw.web.FormElement#clearFormElement()";"3";"81182";"81182";"10";"10"
"SCRIPT_API";"dw.web.FormElement#getDynamicHtmlName()";"150";"240609";"240609";"2293";"2293"
"SCRIPT_API";"dw.web.FormElement#getHtmlName()";"230";"206356";"206356";"4339";"4339"
"SCRIPT_API";"dw.web.FormElement#isValid()";"150";"4431902";"4431902";"4061308";"4061308"
"SCRIPT_API";"dw.web.FormField#getDescription()";"110";"129002";"129002";"1401";"1401"
"SCRIPT_API";"dw.web.FormField#getError()";"110";"61531";"61531";"2547";"2547"
"SCRIPT_API";"dw.web.FormField#getHtmlValue()";"158";"116211";"116211";"4233";"4233"
"SCRIPT_API";"dw.web.FormField#getLabel()";"220";"186805";"186805";"3619";"3619"
"SCRIPT_API";"dw.web.FormField#getMaxLength()";"100";"59347";"59347";"2825";"2825"
"SCRIPT_API";"dw.web.FormField#getMinLength()";"100";"64366";"64366";"2199";"2199"
"SCRIPT_API";"dw.web.FormField#getOptions()";"268";"168703";"168703";"5934";"5934"
"SCRIPT_API";"dw.web.FormField#getRegEx()";"100";"60165";"60165";"1876";"1876"
"SCRIPT_API";"dw.web.FormField#getType()";"244";"169680";"169680";"26087";"26087"
"SCRIPT_API";"dw.web.FormField#getValue()";"48";"38833";"38833";"1368";"1368"
"SCRIPT_API";"dw.web.FormField#isChecked()";"10";"24171";"24171";"315";"315"
"SCRIPT_API";"dw.web.FormField#isMandatory()";"120";"73998";"73998";"2505";"2505"
"SCRIPT_API";"dw.web.FormField#isSelected()";"10";"14419";"14419";"219";"219"
"SCRIPT_API";"dw.web.FormFieldOptions#getOptionsCount()";"134";"84568";"84568";"2251";"2251"
"SCRIPT_API";"dw.web.FormGroup#getError()";"40";"55292";"55292";"679";"679"
"SCRIPT_API";"dw.web.HttpParameter#getDoubleValue()";"4";"15149";"15149";"82";"82"
"SCRIPT_API";"dw.web.LoopIterator#getCount()";"24";"25896";"25896";"2069";"2069"
"SCRIPT_API";"dw.web.LoopIterator#getIndex()";"6";"5280";"5280";"351";"351"
"SCRIPT_API";"dw.web.LoopIterator#isLast()";"8";"20109";"20109";"991";"991"
"SCRIPT_API";"dw.web.PageMetaData#addPageMetaTags(Array)";"3";"20343";"20343";"330";"330"
"SCRIPT_API";"dw.web.PageMetaData#getDescription()";"34";"35087";"35087";"782";"782"
"SCRIPT_API";"dw.web.PageMetaData#getKeywords()";"34";"41317";"41317";"1459";"1459"
"SCRIPT_API";"dw.web.PageMetaData#getPageMetaTags()";"34";"123731";"123731";"176";"176"
"SCRIPT_API";"dw.web.PageMetaData#getTitle()";"34";"47539";"47539";"1768";"1768"
"SCRIPT_API";"dw.web.PagingModel#appendPaging(dw.web.URL)";"2";"18178";"18178";"28";"28"
"SCRIPT_API";"dw.web.PagingModel#getCurrentPage()";"2";"5101";"5101";"178";"178"
"SCRIPT_API";"dw.web.PagingModel#getEnd()";"2";"3767";"3767";"80";"80"
"SCRIPT_API";"dw.web.PagingModel#getPageElements()";"2";"14123";"14123";"43";"43"
"SCRIPT_API";"dw.web.PagingModel#setPageSize(Number)";"4";"7404";"7404";"64";"64"
"SCRIPT_API";"dw.web.PagingModel#setStart(Number)";"6";"9780";"9780";"32";"32"
"SCRIPT_API";"dw.web.PagingModel(dw.util.Iterator,Number)";"4";"20923";"20923";"552";"552"
"SCRIPT_API";"dw.web.Resource#msg(String,String,String)";"919";"52420317";"52420317";"1807313";"1807313"
"SCRIPT_API";"dw.web.Resource#msgf(String,String,String,Object[])";"74";"5416418";"5416418";"0";"0"
"SCRIPT_API";"dw.web.URL#append(String,String)";"1";"4251";"4251";"43";"43"
"SCRIPT_API";"dw.web.URL#relative()";"33";"93497";"93497";"570";"570"
"SCRIPT_API";"dw.web.URL#toString()";"150";"3183574";"3183574";"0";"0"
"SCRIPT_API";"dw.web.URLUtils#abs(String,String[])";"12";"46034";"46034";"649";"649"
"SCRIPT_API";"dw.web.URLUtils#home()";"6";"450464";"450464";"0";"0"
"SCRIPT_API";"dw.web.URLUtils#https(String,String[])";"36";"368958";"368958";"2659";"2659"
"SCRIPT_API";"dw.web.URLUtils#staticURL(String)";"213";"75392261";"75392261";"59488853";"59488853"
"SCRIPT_API";"dw.web.URLUtils#url(String,String[])";"498";"1785232";"1785232";"25856";"25856"
"SCRIPT_CONTROLLER";"app_storefront_base/cartridge/controllers/Account.js#Header";"18";"74039514";"55174417";"1484013";"84937"
"SCRIPT_CONTROLLER";"app_storefront_base/cartridge/controllers/Account.js#Show";"3";"278899561";"155898483";"78170966";"822941"
"SCRIPT_CONTROLLER";"app_storefront_base/cartridge/controllers/Account.js#SubmitRegistration";"4";"175523222";"37952174";"89233066";"0"
"SCRIPT_CONTROLLER";"app_storefront_base/cartridge/controllers/Cart.js#MiniCart";"9";"43614126";"31016221";"1123084";"0"
"SCRIPT_CONTROLLER";"app_storefront_base/cartridge/controllers/ConsentTracking.js#Check";"9";"23172313";"21040053";"1803164";"1792152"
"SCRIPT_CONTROLLER";"app_storefront_base/cartridge/controllers/Error.js#Start";"9";"47122976";"8452727";"35035";"0"
"SCRIPT_CONTROLLER";"app_storefront_base/cartridge/controllers/Home.js#Show";"2";"39097260";"9059488";"12863718";"0"
"SCRIPT_CONTROLLER";"app_storefront_base/cartridge/controllers/Login.js#Logout";"3";"9779266";"7843091";"18404";"0"
"SCRIPT_CONTROLLER";"app_storefront_base/cartridge/controllers/Login.js#Show";"3";"85346439";"22692033";"13096315";"168553"
"SCRIPT_CONTROLLER";"app_storefront_base/cartridge/controllers/Page.js#Include";"54";"115827450";"87398010";"2683711";"0"
"SCRIPT_CONTROLLER";"app_storefront_base/cartridge/controllers/Page.js#IncludeHeaderMenu";"9";"126880488";"24412602";"78809516";"0"
"SCRIPT_CONTROLLER";"app_storefront_base/cartridge/controllers/Page.js#Locale";"18";"47579464";"38131354";"39472";"0"
"SCRIPT_CONTROLLER";"app_storefront_base/cartridge/controllers/Product.js#ShowQuickView";"1";"43118894";"19497883";"10226362";"486711"
"SCRIPT_CONTROLLER";"app_storefront_base/cartridge/controllers/ReportingEvent.js#Start";"3";"5757415";"4800222";"1061";"0"
"SCRIPT_CONTROLLER";"app_storefront_base/cartridge/controllers/Search.js#Refinebar";"1";"5230657";"2751632";"105";"0"
"SCRIPT_CONTROLLER";"app_storefront_base/cartridge/controllers/Search.js#Show";"1";"92130375";"25860281";"35680919";"23789"
"SCRIPT_CONTROLLER";"app_storefront_base/cartridge/controllers/Tile.js#Show";"12";"133710981";"43730020";"45316216";"34014"
"SCRIPT_CONTROLLER";"bm_mailchimp/cartridge/controllers/customerInfo.js#start";"32";"1455763847";"85144077";"109245676";"8958158"
"SF_PAGE";"/Sites-Mailchimp-Site/default/Account-Header";"18";"76791813";"2752299";"1496402";"12389"
"SF_PAGE";"/Sites-Mailchimp-Site/default/Account-Show";"3";"279588127";"688566";"78173033";"2067"
"SF_PAGE";"/Sites-Mailchimp-Site/default/Account-SubmitRegistration";"4";"192223868";"16700646";"101672842";"12439776"
"SF_PAGE";"/Sites-Mailchimp-Site/default/Cart-MiniCart";"9";"52608360";"8994234";"7006378";"5883294"
"SF_PAGE";"/Sites-Mailchimp-Site/default/ConsentTracking-Check";"9";"137154845";"66859556";"11177739";"9339540"
"SF_PAGE";"/Sites-Mailchimp-Site/default/Home-Show";"2";"40399339";"1302079";"13700584";"836866"
"SF_PAGE";"/Sites-Mailchimp-Site/default/Login-Logout";"3";"24891097";"15111831";"12291021";"12272617"
"SF_PAGE";"/Sites-Mailchimp-Site/default/Login-Show";"3";"86439473";"1093034";"13450227";"353912"
"SF_PAGE";"/Sites-Mailchimp-Site/default/Page-Include";"54";"122598785";"6771335";"2715127";"31416"
"SF_PAGE";"/Sites-Mailchimp-Site/default/Page-IncludeHeaderMenu";"9";"128073302";"1192814";"78816322";"6806"
"SF_PAGE";"/Sites-Mailchimp-Site/default/Page-Locale";"18";"50713836";"3134372";"51809";"12337"
"SF_PAGE";"/Sites-Mailchimp-Site/default/Product-ShowQuickView";"1";"43411185";"292291";"10227025";"663"
"SF_PAGE";"/Sites-Mailchimp-Site/default/ReportingEvent-Start";"3";"6410615";"653200";"3200";"2139"
"SF_PAGE";"/Sites-Mailchimp-Site/default/Search-Refinebar";"1";"5349055";"118398";"1054";"949"
"SF_PAGE";"/Sites-Mailchimp-Site/default/Search-Show";"1";"92399977";"269602";"35681874";"955"
"SF_PAGE";"/Sites-Mailchimp-Site/default/Tile-Show";"12";"135308839";"1597858";"45302701";"0"
"SF_PAGE";"/Sites-Mailchimp-Site/default/__SYSTEM__Slot-Request";"26";"30414392";"30414392";"2457864";"2457864"
"SF_PAGE";"/Sites-Mailchimp-Site/default/__SYSTEM__StorefrontToolkit-Start";"9";"23559900";"23559900";"15928183";"15928183"
